sample_id,situation,dimension,bleu,rouge_1_f1,rouge_2_f1,rouge_l_f1,bertscore_f1,below_threshold,gold_appraisal,predicted_appraisal
5e8d0c7d40d8520da1903a86_20260223_204912_699cbc4b,"A person I know recently finished a big project at work that they had been working on for several weeks. At first, they felt stressed and overwhelmed because there were tight deadlines and unexpected problems. In the end, the project was successful, and their team appreciated their effort. The situation ended on a positive note, and they felt relieved and proud once it was over. Being around them, I felt their stress along the way. I was trying to provide a listening ear and give support when I could. I felt good in the end, seeing others' triumph is beautiful.",relevance,0.0,0.0,0.0,0.0,0.8606987595558167,True,Not much but over time the significance grew.,"It mattered deeply. Witnessing their struggle and eventual triumph felt like my own victory. Their relief mirrored my own, proving that supporting others through hardship brings profound joy."
5e8d0c7d40d8520da1903a86_20260223_204912_699cbc4b,"A person I know recently finished a big project at work that they had been working on for several weeks. At first, they felt stressed and overwhelmed because there were tight deadlines and unexpected problems. In the end, the project was successful, and their team appreciated their effort. The situation ended on a positive note, and they felt relieved and proud once it was over. Being around them, I felt their stress along the way. I was trying to provide a listening ear and give support when I could. I felt good in the end, seeing others' triumph is beautiful.",congruence,0.0,0.0,0.0,0.0,0.8513925075531006,True,In none.,"It hurt me watching their stress, but their triumph healed me. Supporting them brought me joy, and seeing their pride made my own heart feel full and light."
5e8d0c7d40d8520da1903a86_20260223_204912_699cbc4b,"A person I know recently finished a big project at work that they had been working on for several weeks. At first, they felt stressed and overwhelmed because there were tight deadlines and unexpected problems. In the end, the project was successful, and their team appreciated their effort. The situation ended on a positive note, and they felt relieved and proud once it was over. Being around them, I felt their stress along the way. I was trying to provide a listening ear and give support when I could. I felt good in the end, seeing others' triumph is beautiful.",accountability,0.0,0.0,0.0,0.0,0.8673717379570007,True,They were.,"I felt it was our shared resilience. Their hard work drove the success, while my support helped carry the weight. Together, we turned stress into triumph."
663b34f2cf27da2a623b94f9_20260227_153742_69a1b5ea,"It was my granddaughter's 18th birthday last Sunday, and we had a precelebration at my house on Friday. Then, on Sunday, we all met up in Exeter for an Escape Room experience and a meal. I wanted to enjoy the celebration with my whole family, especially with my granddaughter. My family is very important to me, and we don't meet up enough, so I was really hoping for a drama-free gathering, which usually isn't the case when we all get together. This time, it left me feeling really good and appreciative of the special connection we have. I wanted my family to appreciate me, and I certainly think they do. My granddaughter asked me to voice record a special message for her to be inserted in a bear that I had given her 16 years ago, which was being revamped at the shop called Build a Bear. I felt special that she asked me to do that.",accountability,0.0,0.0,0.0,0.0,0.8462885618209839,True,We were all responsible.,"My granddaughter. Her request to record a message for her bear made me feel cherished, and her presence turned a usual chaotic gathering into a perfect, drama-free celebration I'll always treasure."
669677d986a5a20026bbf20e_20260228_134651_69a2ef80,"My daughter, who has had her struggles with mental health, made me feel very proud this week. She managed the demands of her new job while also looking after her boyfriend, who is ill. I was just observing how proud I was of her development. I felt very proud of her and wanted to convey this to her without being patronizing. It's important that she knows how proud I am of her, especially since she often feels her brother is 'more impressive.'",congruence,0.0,0.0,0.0,0.0,0.8758001327514648,True,It helped me feel validated that all of our hard work in the past is paying off.,"Seeing her strength healed my heart. Her pride outweighs my brother's shadow. I felt a quiet joy, knowing she shines brightly despite her struggles."
669677d986a5a20026bbf20e_20260228_134651_69a2ef80,"My daughter, who has had her struggles with mental health, made me feel very proud this week. She managed the demands of her new job while also looking after her boyfriend, who is ill. I was just observing how proud I was of her development. I felt very proud of her and wanted to convey this to her without being patronizing. It's important that she knows how proud I am of her, especially since she often feels her brother is 'more impressive.'",accountability,0.0,0.0,0.0,0.0,0.8727530241012573,True,My daughter.,"I felt it was entirely her own resilience and hard work. Her strength in balancing her job and caring for her boyfriend moved me deeply, proving her incredible growth."
5e6ce118673e50000c303890_20260227_200304_69a1f5eb,"I went away for a few days with my family, and it was an emotionally positive experience. I wanted to escape from work and other commitments that have been emotionally draining. For those few days, I felt like there was nothing to worry about, just enjoy the moment. The clean, clear air and the area we were at was quiet and isolated. We were the only people for miles.",certainty,0.0,0.0816326530612245,0.0,0.04081632653061225,0.8689588308334351,True,"Things went well with us not putting any pressure on ourselves to be everywhere, just go with the flow.","Yes, everything unfolded exactly as I hoped. The isolation was perfect, and the silence allowed me to finally breathe. No unexpected events occurred; only pure, unburdened joy filled those days."
60e25008f1ecf0be303353bb_20260228_165505_69a31c2f,My first son moved out of the house and into his own place. I'm really excited for him because it's a great opportunity for growth. I'm feeling proud of him. I also need to make sure his mom and my other son are okay with the change and adapt well.,control,0.0,0.0425531914893617,0.0,0.0425531914893617,0.8634156584739685,True,"No too much, he is old enough to make this decision himself, but he did consistently look for guidance which felt good.","Yes, I felt in control. I guided the transition with pride, ensuring my wife and other son adapted well while celebrating my son's growth."
5ff07b5ee7a1d23e719e421e_20260227_145116_69a1ad7e,"I went and sat with my baby brother, who is 64, while he had his chemo treatment. I'm very sad that he has to go through this, and it doesn't look like his chances are very good, but he's a fighter. I sat with him for 2 hours, and he and all the other chemo patients in the room were talking and having a good time joking about their situation. It was uplifting, but also sad. I was trying to give him moral support. It left me feeling sad for all the people that have to go through this type of thing. It also made me feel glad that I could be there for him, especially since his wife died a few years ago and I didn't want him to be alone. Just being there to support him was important to me.",certainty,0.0,0.04545454545454545,0.0,0.04545454545454545,0.8710907101631165,True,"Yes, things went smooth and he did okay. He was quick sick afterwards and remains very tired.","No, the laughter was unexpected. I feared silence, but his jokes brought light. It was bittersweet, yet knowing I wasn't alone with him gave me strength."
5fdbae0584b3a90525410347_20260302_161620_69a5b646,"I had a fantastic day on Saturday. The weather was nice, so I decided to get out of the house and run some errands. I needed to pick up a few groceries and drop off some recycling. Everyone I met was friendly and happy, which made the experience even better. I came home feeling happy and content, having accomplished everything without feeling anxious.",congruence,0.0,0.046511627906976744,0.0,0.046511627906976744,0.8756651282310486,True,The experience helped me realize that everything is not always difficult.,"This sunny day lifted my spirits and eased my mind. Running errands without stress made me feel accomplished and deeply content, leaving me with a warm, peaceful heart as I returned home."
5cfebb94eafc4d001a62cbc9_20260221_200507_699a0ef8,My young son fell and cut his head. I immediately wanted to provide first aid to make sure he was okay and check that it wasn't a serious injury. The situation left me feeling guilty and worried.,certainty,0.0,0.04761904761904761,0.0,0.04761904761904761,0.8473718166351318,True,He fell unexpectedly when he was walking.,"No, the bleeding was worse than I feared. My heart raced as I pressed hard on the wound, terrified I'd caused this. The silence felt heavy with guilt, far from the calm I expected."
60e25008f1ecf0be303353bb_20260228_165505_69a31c2f,My first son moved out of the house and into his own place. I'm really excited for him because it's a great opportunity for growth. I'm feeling proud of him. I also need to make sure his mom and my other son are okay with the change and adapt well.,certainty,0.0,0.047619047619047616,0.0,0.047619047619047616,0.8658279776573181,True,"Yes, it went very good and all of us, including him, are adapting well.","Yes, mostly. His excitement mirrored mine. The unexpected was my own lingering worry about how the others would adapt, a fear I hadn't anticipated despite my pride."
5a764e848fe2dc000105739c_20260301_143615_69a44b6b,"I met up with some old friends from my past at a beerex and spent the evening chatting about the past and what we are doing today. We all got something positive from the evening and decided we would like to repeat it the following year. I felt rather good because not only did we all enjoy ourselves, I felt particularly good knowing I contributed in the past to their being friends today. I also had my brother there and my best friend who also knew these people, and they also enjoyed the evening.",accountability,0.0,0.05128205128205129,0.0,0.05128205128205129,0.8689002990722656,True,It was all down to me who suggested the gathering.,"I felt my past actions were most responsible. Knowing I helped build these friendships brought me immense joy, especially seeing my brother and best friend share in this happiness."
63f77bdf07da8d9275eee1e4_20260301_213834_69a4b0cd,"My wife and I have this little tradition where we buy scratch-off tickets from the gas station each week just for fun. This time, we both won; she got $15 and I got $10, which was awesome. Even though it wasn't a huge amount, it felt great to finally win. The whole experience made us feel good and was really positive. We were just trying to have fun and enjoy some time together, and winning money was a nice bonus. It made me feel like a winner, and spending that time with my wife was really cool.",certainty,0.0,0.05263157894736841,0.0,0.05263157894736841,0.8832969069480896,True,"No, we weren't expecting to win, but we did.","Yes, everything went exactly as I hoped. Winning both tickets was a delightful surprise, but the real joy was sharing that moment with my wife. It was perfect."
5d959fdf9cf6ab001982afee_20260228_192404_69a33d3d,"I went on a short family holiday to a really nice place in the country. It was a small village that was pretty, with a castle and nice pubs and restaurants. The trip went well, and it was good family time. We love to travel, so we were looking to achieve a few things: travel somewhere new, see some new places, and cover a new area of the country. We wanted to make some family memories and help our children learn and grow. I was aiming for a nice, good value holiday that was busy but overall relaxing. I felt fine overall after the trip and am keen to do more, go somewhere else, and spend similar time as a family again. It was a positive experience and it contributes to my family's overall life goals. Value is important to me, as I like to remain frugal. Food and drink are also important to us, but mainly, it's crucial that our children are fulfilled, meaning they get time to play, relax, and see something interesting.",certainty,0.0,0.05405405405405406,0.0,0.05405405405405406,0.8825514316558838,True,It did go as expected. It was fairly textbook overall.,"Yes, everything unfolded exactly as I hoped. The village's charm, the castle, and our family's joy matched my vision perfectly. No surprises, just pure fulfillment."
5f622fbe1fbbd21051cb28b3_20260226_170802_69a07c4e,"I had to go and speak to the Store Manager of the supermarket branch I work in about the way my shift supervisor spoke to me, which I found belittling and patronising. I wanted to be listened to and treated with more respect, so that I didn't dread coming into work or go away feeling upset. After the conversation, I didn't feel great - I didn't feel that he particularly agreed with my analysis or that he was very sympathetic. None of this is necessary, since the other three shift supervisors I work with are lovely. Which is another way of saying the problem is him, not me!",accountability,0.0,0.1142857142857143,0.0,0.05714285714285715,0.882582426071167,True,My supervisor.,"It was the shift supervisor. His belittling words created this tension. The manager's lack of sympathy didn't help, but ultimately, his behavior is the root cause of my dread and upset."
6818aa3b091f461c436e4f12_20260301_153141_69a45a95,"My football team scored a goal, and I was thrilled because I really wanted my team to win the game. The feeling was incredible—I was elated and excited. What made it even more special was sharing the experience with my family.",accountability,0.0,0.058823529411764705,0.0,0.058823529411764705,0.8547388911247253,True,The player Callum O'hare as he scored the goal.,"My teammates and family made it possible. Their support fueled my joy, turning a simple goal into an unforgettable victory moment we shared together."
5cfebb94eafc4d001a62cbc9_20260221_200507_699a0ef8,My young son fell and cut his head. I immediately wanted to provide first aid to make sure he was okay and check that it wasn't a serious injury. The situation left me feeling guilty and worried.,accountability,0.0,0.06060606060606061,0.0,0.06060606060606061,0.8715733885765076,True,Me. He fell over while I was playing with him.,"I blamed myself entirely. If only I had been watching more closely, this wouldn't have happened. My guilt is overwhelming right now."
5e94b43203807b339eef4947_20260306_164804_69ab0342,"I was trying to be nice to my daughter and connect with her by engaging in a conversation, asking what she wanted for dinner. Instead of responding, she was remote and rude to me, and then I got a page full of error messages. This situation left me feeling frustrated and a bit sad. It's important to me because this keeps happening, although there are other times when she's lovely and excitable.",congruence,0.0,0.12121212121212122,0.0,0.06060606060606061,0.8607766628265381,True,"She's evasive answering questions which is frustrating. I'm also stuck not knowing what to do for dinner, so not knowing if she'll eat what I make or complain about it.","It hurt deeply, shattering my hope to connect. Her coldness and the errors made me feel rejected and helpless, yet it also clarified that I must find other ways to reach her heart."
65e6edd1a876f1d8487f379b_20260305_231620_69aa0cf4,"A friend that I had a falling out with a couple of years ago just recently contacted me, and I haven't responded to him yet. I just want to know if he's in a good place and if he's wanting to change from how he was before when our friendship ended. The whole situation is mostly negative for me; it's stressful and causes me anxiety. I'm worried about how I will be personally judged after making no life progress in the last couple of years since we last talked. I feel embarrassed.",certainty,0.0,0.13114754098360656,0.0,0.06557377049180328,0.8664383292198181,True,"Things did not go as I expected because I didn't expect him to reach out in the first place. We have yet to actually talk, as I haven't responded to him beyond acknowledging his reaching out.","No, silence wasn't expected. His message broke my anxiety, yet my fear of judgment lingered, overshadowing any hope for reconciliation or change."
5b9ca13a06114100010699b8_20260221_211806_699a1e71,"I went to the doctor with my daughter because she's struggling to eat a variety of food. I was hoping the doctor would give us some advice or refer us to a specialist for eating disorders, so we could get some expert help. Instead, the doctor told her she needed to try harder and said if she didn't, she wouldn't have a partner, have kids, or a job. Even after I expressed my concern that she might have an eating disorder, he dismissed it. I was very angry and felt hopeless. I also worried about my daughter and how it might have affected her listening to what the doctor said. I hoped that after going to the doctor, my daughter would feel as though she had been listened to and that there was hope for her to improve, but she was left feeling deflated.",certainty,0.0,0.09917355371900827,0.0,0.06611570247933884,0.8659204244613647,True,Things did not go as expected. I was hoping that he would refer me to someone that would be able to help but he just asked us to go back to him in a few weeks time and hoped in that time that she would have started to eat more as he had requested. I thought at the very least he would have given us some suggestions on help that was out there but he just thought that she was being picky with her food and not that she has an eating disorder.,"No, everything went wrong. I expected hope and expert guidance, but instead received harsh threats and dismissal of my daughter's serious health concerns, leaving us both devastated."
59d3ef2c078dbe000195117f_20260220_140353_699866d7,"My husband was leaving for a month to travel for business, and I was really upset and sad about not being able to see him for that long. I wanted comfort during this time, but the thought of being apart for a whole month left me feeling very sad.",accountability,0.0,0.13333333333333333,0.0,0.06666666666666667,0.8551611304283142,True,The situation was most responsible.,"It was his departure. The empty house and the silence made me feel so alone, and I blamed the distance for stealing our time together."
5e8d0c7d40d8520da1903a86_20260223_204912_699cbc4b,"A person I know recently finished a big project at work that they had been working on for several weeks. At first, they felt stressed and overwhelmed because there were tight deadlines and unexpected problems. In the end, the project was successful, and their team appreciated their effort. The situation ended on a positive note, and they felt relieved and proud once it was over. Being around them, I felt their stress along the way. I was trying to provide a listening ear and give support when I could. I felt good in the end, seeing others' triumph is beautiful.",certainty,0.0,0.06666666666666667,0.0,0.06666666666666667,0.8907573223114014,True,"Yes, I knew they could do it.","No, the stress was heavier than I feared. Yet, seeing their triumph after the struggle was far more beautiful than I ever expected."
5a764e848fe2dc000105739c_20260301_143615_69a44b6b,"I met up with some old friends from my past at a beerex and spent the evening chatting about the past and what we are doing today. We all got something positive from the evening and decided we would like to repeat it the following year. I felt rather good because not only did we all enjoy ourselves, I felt particularly good knowing I contributed in the past to their being friends today. I also had my brother there and my best friend who also knew these people, and they also enjoyed the evening.",congruence,0.0,0.06896551724137931,0.0,0.06896551724137931,0.8743431568145752,True,It reminded me that I helped contribute to other peoples development when I was very much younger. This was a positive contribution to making our community better.,"It healed old wounds and validated my past contributions. Seeing my brother and best friend enjoy the night made me feel deeply connected and proud, knowing we all found joy together."
655fb104e3d55d460e274ddf_20260228_215919_69a362e2,"One of my roommates ate my food, and this time it was my entire box of Quaker oatmeal. I wanted to take that particular food to work because it's easy to just heat up and go. I was upset and ended up being hangry since I didn't have money to buy food. I have a lot of roommates, and I was frustrated because they could have just asked for some instead of stealing.",accountability,0.0,0.07142857142857144,0.0,0.07142857142857144,0.8782496452331543,True,My roommates.,"That roommate who stole my oatmeal. They could have just asked, but instead, they ruined my morning and left me hangry with no money for food."
5f4a7a00dc1bde60ab8f7ac5_20260227_182021_69a1df78,"I'm feeling really frustrated because I don't have enough money to pay down my credit card debt. It's like I'm being drowned in bills and I just can't manage my debt adequately with my current income. This whole situation leaves me feeling like I'm sinking. On top of that, it's important for me to handle this without stressing out my elderly mom, who's prone to anxiety.",accountability,0.0,0.11320754716981131,0.0,0.07547169811320754,0.8680979013442993,True,Ultimately it's on me for not making enough money from my job to take care of my family.,"I blame my own poor financial choices and the relentless interest rates. I feel responsible for letting my mom down by hiding this stress, fearing her anxiety will worsen if she knows the truth."
57b70477bd0fc200012ad60a_20260227_154747_69a1bb8a,"I developed Bell's palsy, and the right side of my face drooped. I was prescribed steroids, which helped improve the situation, but I felt mortified and embarrassed. It was especially hard for me because my husband didn't see me at my best, and that added to my feelings of embarrassment.",accountability,0.0,0.07692307692307693,0.0,0.07692307692307693,0.8583475351333618,True,No one was responsible.,"I blamed myself for letting my husband see me vulnerable, though the illness was truly the culprit behind my shame and fear."
59d3ef2c078dbe000195117f_20260220_140353_699866d7,"My husband was leaving for a month to travel for business, and I was really upset and sad about not being able to see him for that long. I wanted comfort during this time, but the thought of being apart for a whole month left me feeling very sad.",certainty,0.0,0.12244897959183672,0.0,0.08163265306122448,0.8730469942092896,True,Things did go as I expected. I was able to get over it and be happy again.,"No, I wasn't prepared for the crushing weight of his absence. The silence in our home was far heavier than I imagined, leaving me longing for his touch every single day."
5f622fbe1fbbd21051cb28b3_20260226_170802_69a07c4e,"I had to go and speak to the Store Manager of the supermarket branch I work in about the way my shift supervisor spoke to me, which I found belittling and patronising. I wanted to be listened to and treated with more respect, so that I didn't dread coming into work or go away feeling upset. After the conversation, I didn't feel great - I didn't feel that he particularly agreed with my analysis or that he was very sympathetic. None of this is necessary, since the other three shift supervisors I work with are lovely. Which is another way of saying the problem is him, not me!",control,0.0,0.20408163265306123,0.0,0.08163265306122448,0.8737724423408508,True,The only control I had was over how I reacted. There is a power imbalance in that situation.,"No, I didn't feel in control. The manager's lack of sympathy left me feeling unheard and powerless, even though I know the issue lies solely with one difficult supervisor."
5dfb6c4d19232d899d182cda_20260219_230958_699794ef,"I was watching my great grandson drawing. I just wanted him to continue and not react to me watching him, allowing him to be his natural four-year-old self. The whole situation left me feeling warm, happy, and content. I was appreciating that he won't stay so young, innocent, and natural for long.",accountability,0.0,0.12499999999999997,0.0,0.08333333333333334,0.8647597432136536,True,"He was responsible by just being him. The situation was good as several members of the family were there, laughing and talking.","I felt it was my own heart, overflowing with love for his fleeting innocence, that made this moment so precious and responsible for my deep contentment."
60e85190b9cffd8fed0a064f_20260306_144837_69aae582,"My dad has prostate cancer and recently had his yearly blood test. The results came back, and unfortunately, his condition had worsened. He was supposed to receive a phone call from his doctor on a specific day to discuss the results, but the call never came. I was really worried about what would happen next and was hoping for some clarity and communication from the doctor regarding my dad's condition. The situation left me feeling annoyed and still worrying, which could have been avoided if the doctor had called as planned. Since it's cancer, time is always crucial. The quicker they act, the better the chances of it being able to be helped.",accountability,0.0,0.0851063829787234,0.04444444444444444,0.0851063829787234,0.8411230444908142,True,I am not sure it might have been the Doctor or his office.,"The doctor's silence feels most responsible. Their failure to call on the agreed day left me in agonizing uncertainty, wasting precious time when every moment with my dad's cancer matters so much."
601fd27860b197531ca7bdcc_20260220_222742_6998dd89,My sister-in-law was talking to me about an eating disorder that she previously had issues with. I was helping her to fill in a disclosure form for a job. I was surprised by what I'd learnt and hoped I'd dealt with it sensitively. Nothing was more important to me in that moment than to show care and consideration.,certainty,0.0,0.21739130434782608,0.0,0.08695652173913043,0.8756768107414246,True,Things went as expected. I knew the questions we had to complete were sensitive.,"No, the depth of her struggle surprised me. I feared I hadn't been sensitive enough, but my only goal was to show her care while we filled out that form together."
643ebfff661435ecda5a3580_20260228_190856_69a33952_c5,"A dear friend of mine had a terrible accident where she fell and broke her neck in two places, along with her tailbone, hip, and pelvis. She also has COPD, and the hospital overdosed her twice, making her oxygen levels very bad and hard to control. I've been following her situation closely and talking to her, but she's not out of the woods yet. I sent her a bear that says 'I f...... love you,' which is a good support for her neck and cheers her up. It's tough because I live in Michigan and she lives in Oklahoma, so I can't see her in person. I have COPD too, so I guess I'm more worried about the pain she's going through and the unstable oxygen levels she's experiencing, along with her lungs filling up. I just don't want her to be in pain.",certainty,0.0,0.08695652173913043,0.0,0.08695652173913043,0.8642592430114746,True,Things look like they are on track now. I am breathing easier knowing that they are getting her stable.,"No, the severity of her injuries and oxygen struggles exceeded my expectations. I feared for her life more than I anticipated, especially with her COPD complicating everything."
63cedafa29d08471b828a96a_20260220_193701_6998b4d4,"A group of men came to stay in our village from London, and they were trying to break into cars and houses, which was really intimidating for the residents. This was very scary because things like this don't usually happen around here. I needed to go to the shop, but I knew they were hanging around there, so I decided to go without and stayed at home instead. I also stayed up late, feeling scared in case they tried to break into my home. Living on my own, I felt scared and lonely. This whole situation made me realize I need to make plans, just in case scary things like this ever happen again.",certainty,0.0,0.08888888888888889,0.0,0.08888888888888889,0.8573355078697205,True,"The men got arrested and were not allowed back into the village, so this went well.","No, they never came. Staying home was safer, yet the fear of being alone lingered. I expected danger, but silence remained, leaving me relieved yet shaken by the uncertainty."
5cfebb94eafc4d001a62cbc9_20260221_200507_699a0ef8,My young son fell and cut his head. I immediately wanted to provide first aid to make sure he was okay and check that it wasn't a serious injury. The situation left me feeling guilty and worried.,relevance,0.0,0.18604651162790697,0.0,0.09302325581395349,0.8729944825172424,True,It was extremely important as it was the welfare of my child.,"It mattered everything. Seeing my son hurt shattered my world. I feared the worst, paralyzed by guilt, desperate to ensure he was safe and that I had failed to protect him."
5dfb6c4d19232d899d182cda_20260219_230958_699794ef,"I was watching my great grandson drawing. I just wanted him to continue and not react to me watching him, allowing him to be his natural four-year-old self. The whole situation left me feeling warm, happy, and content. I was appreciating that he won't stay so young, innocent, and natural for long.",congruence,0.0,0.13953488372093023,0.0,0.09302325581395349,0.8682993650436401,True,"The situation helped me as I don’t see him enough, and he changes and grows so rapidly.","It healed my heart, filling me with warmth. Yet, it also ached, reminding me that this precious innocence is fleeting and won't last forever."
655fb104e3d55d460e274ddf_20260228_215919_69a362e2,"One of my roommates ate my food, and this time it was my entire box of Quaker oatmeal. I wanted to take that particular food to work because it's easy to just heat up and go. I was upset and ended up being hangry since I didn't have money to buy food. I have a lot of roommates, and I was frustrated because they could have just asked for some instead of stealing.",control,0.0,0.0930232558139535,0.0,0.0930232558139535,0.8446373343467712,True,No because they stole it likely when I wasn’t home so idk which one didn’t.,"No, I felt completely out of control. My food was gone, my budget was tight, and my anger left me powerless against my roommates' thoughtless actions."
5b9ca13a06114100010699b8_20260221_211806_699a1e71,"I went to the doctor with my daughter because she's struggling to eat a variety of food. I was hoping the doctor would give us some advice or refer us to a specialist for eating disorders, so we could get some expert help. Instead, the doctor told her she needed to try harder and said if she didn't, she wouldn't have a partner, have kids, or a job. Even after I expressed my concern that she might have an eating disorder, he dismissed it. I was very angry and felt hopeless. I also worried about my daughter and how it might have affected her listening to what the doctor said. I hoped that after going to the doctor, my daughter would feel as though she had been listened to and that there was hope for her to improve, but she was left feeling deflated.",control,0.0,0.15625,0.03225806451612903,0.09374999999999999,0.8718217015266418,True,I didn't feel like I was in control as whenever I tried to interject he just disregarded what I had to say or he would just turn his attention to my daughter and not listen to me.,"No, I felt completely powerless. The doctor's dismissal stripped away my agency, leaving me angry and hopeless while my daughter felt deflated instead of heard."
6631dd70c1393b01137d8453_20260228_163013_69a31305,"I was informed that I had received a promotion at work, which meant I would be working my last week at the store I was currently at. I was trying to improve my standing in the organization with this promotion, and I needed positive reinforcement from my employees and peers. Overall, I felt positive about the promotion, but it was also bittersweet because I had grown close to a lot of the employees at my old location, and I will miss them. It was important to me to receive validation from my former employees that they enjoyed working with me and felt I did a good job.",relevance,0.0,0.16129032258064516,0.0,0.0967741935483871,0.871030330657959,True,The event happened at the beginning of last week as I was informed at the beginning of the week. It was important to me because I had been working hard to receive a promotion.,"It mattered immensely. This promotion was my final chance to prove my worth before leaving. Their validation confirmed my growth, yet their presence made the goodbye painfully bittersweet."
5a5a6ed7f6c517000195029e_20260301_174848_69a47840,"My horse suddenly developed lameness, and I was really worried about what he had done. I needed to know what was wrong with him and how to make it better. The situation left me feeling sad and scared. I just needed him to get better.",certainty,0.0,0.14634146341463417,0.0,0.0975609756097561,0.8717281818389893,True,"Yes, the vet arrived to see him and made a plan.","No, the lameness was far worse than I feared. I expected a minor stumble, not this sudden, painful limp that left me terrified for his future and my own helplessness."
5abbe13268b65b00018cf94b_20260227_172233_69a1d127,"I passed my final probation at work, which means I'm now an early career teacher and can move up the pay scale. This whole experience has left me feeling proud and relieved. It was really important to me to maintain my high standards throughout the probation period, and the pay rise is also a significant factor for me. Teaching is my passion, and I find immense joy in inspiring and educating my students. Being able to continue doing what I love while advancing in my career is incredibly fulfilling.",control,0.0,0.0975609756097561,0.0,0.0975609756097561,0.8655071258544922,True,"I did, however external observations made me doubt the outcome occasionally.","Yes, I felt in control. My dedication to high standards and my passion for teaching guided me through every challenge, ensuring I earned this well-deserved promotion and pay rise."
643ebfff661435ecda5a3580_20260228_190856_69a33952_c5,"A dear friend of mine had a terrible accident where she fell and broke her neck in two places, along with her tailbone, hip, and pelvis. She also has COPD, and the hospital overdosed her twice, making her oxygen levels very bad and hard to control. I've been following her situation closely and talking to her, but she's not out of the woods yet. I sent her a bear that says 'I f...... love you,' which is a good support for her neck and cheers her up. It's tough because I live in Michigan and she lives in Oklahoma, so I can't see her in person. I have COPD too, so I guess I'm more worried about the pain she's going through and the unstable oxygen levels she's experiencing, along with her lungs filling up. I just don't want her to be in pain.",control,0.0,0.14634146341463414,0.0,0.0975609756097561,0.8659741878509521,True,No. She is there and I am here. I couldn't control the situation. I know it isn't her time yet. It is a miracle from God that she is still here. It brings back the bad memories of when I had to help decide if the plug should get pulled on my BFF. That was agonizing.,"No, I felt powerless. Distance and her unstable oxygen levels made me helpless, fearing her pain while I could only send love from afar."
66597efb84cb793eeaa06ef8_20260226_200652_69a0a2d3,"Yesterday, my father was diagnosed with lymphatic cancer, and it was quite emotional for me. He had been suffering for six months, and it felt like things had come to an end with the diagnosis. I wanted to feel relief because we did not know what was wrong with him. I had a cocktail of emotions. Firstly, I was angry that the diagnosis took so long, then stressed that he now faces a long period of treatment, and tired because this has been mentally exhausting. It was important to me to talk to the consultant to determine his treatment programme.",certainty,0.0,0.16393442622950818,0.0,0.09836065573770492,0.8609651923179626,True,Yes they did to an extent as we had a diagnosis and a treatment plan. This was what I expected.,"No, the relief I craved vanished instantly. Instead, anger at the delay, crushing stress about the long treatment ahead, and exhaustion overwhelmed me. The uncertainty ended, only to be replaced by a heavy, exhausting reality I hadn't fully prepared for."
603b7527efab507a7a9208d0_20260301_135445_69a4435e,"Me and my husband had a massive argument that really upset me. I wanted to know that we are still a team, but the situation left me feeling neglected and hurt.",congruence,0.0,0.13114754098360656,0.0,0.09836065573770493,0.8739615082740784,True,"The situation hurt me because I felt like I had done something wrong. It was so out of the ordinary, and I couldn't understand why he was being cold and distant.","It hurt deeply, making me feel isolated and unloved. Yet, it forced us to confront our disconnect, perhaps paving a painful but necessary path toward rebuilding our team dynamic."
6631dd70c1393b01137d8453_20260228_163013_69a31305,"I was informed that I had received a promotion at work, which meant I would be working my last week at the store I was currently at. I was trying to improve my standing in the organization with this promotion, and I needed positive reinforcement from my employees and peers. Overall, I felt positive about the promotion, but it was also bittersweet because I had grown close to a lot of the employees at my old location, and I will miss them. It was important to me to receive validation from my former employees that they enjoyed working with me and felt I did a good job.",congruence,0.0,0.15,0.02564102564102564,0.09999999999999999,0.8569611310958862,True,It helped me financially as I will be making more money. My new store is closer to home so I will have less of a drive and it helped me achieve a goal. There’s much more pressure on performance and setting up a new store will be intense and require many hours at first.,"The promotion felt like a victory, yet leaving my team stings. Their validation meant everything, confirming my worth even as I prepare to move on."
5dceca2541afe801a32e27ac_20260223_201647_699cb17d,"I have a close personal friend who I've known for over 25 years, and she has a granddaughter with some mental issues. I've known the granddaughter her entire life. Recently, the granddaughter has been living with my friend for a few months while she looks for a job and a place of her own. At first, they were getting along well, but now there's a lot of tension between them, and my friend wants to talk to me about it constantly. No matter what I say or recommend, it doesn't seem to please her. I'm at a point where I really don't want to talk to my friend about this situation anymore, but I don't know how to tell her. I keep suggesting that she seek counseling for her granddaughter and encourage her to move out. I don't want to be disloyal, but my friend insists on leaving things the way they are. It's very important to me that the granddaughter gets help with her mental issues, and I also want my friend to not be constantly stressed out because she has health issues of her own.",relevance,0.0,0.1605839416058394,0.014814814814814812,0.10218978102189781,0.8511499762535095,True,"The granddaughter moved in about 6 months back and things were going well initially. Since then, she has started and lost about 3 jobs and now does not seem to be trying at all, which frustrates my friend and leads her to want to talk to me about it. Last week, they had a very serious argument, and I told her she should ask her granddaughter to leave. This situation matters to me because I care about both of them and want the granddaughter to get help with her mental issues, while also wanting my friend to not be constantly stressed out due to her own health issues.","It mattered immensely. Her stress threatens her health, and her granddaughter needs urgent help. I feel helpless, torn between loyalty and duty, knowing my advice falls on deaf ears."
5a5a6ed7f6c517000195029e_20260301_174848_69a47840,"My horse suddenly developed lameness, and I was really worried about what he had done. I needed to know what was wrong with him and how to make it better. The situation left me feeling sad and scared. I just needed him to get better.",accountability,0.0,0.15384615384615383,0.0,0.10256410256410256,0.8652091026306152,True,There was no one responsible for it.,"I felt it was fate, or perhaps my own negligence in not noticing the signs sooner. The thought that I might have caused this pain made me feel utterly responsible and heartbroken."
674c8549a9fd90b7c8dda9d3_20260226_180330_69a0881f,"I recently made a big transition from trading options in the stock market to trading futures. Just about two days ago, I blew my account. My goal is to switch to day trading full-time, and I switched to futures because they're supposed to be better and it's what prop firms would want me trading. After this happened, I felt very defeated. I had put so much time and effort into getting better, and all it took was me breaking my own rules for a second to lose over half of my account. I keep telling myself it's all part of the process. I know this, but it doesn't hurt any less for sure.",accountability,0.0,0.10256410256410256,0.0,0.10256410256410256,0.863235354423523,True,I am 100% responsible for what happened.,"I blamed myself. One slip broke my rules and wiped out my account. Despite knowing it's part of the process, the pain of losing everything I worked for is still overwhelming."
655fb104e3d55d460e274ddf_20260228_215919_69a362e2,"One of my roommates ate my food, and this time it was my entire box of Quaker oatmeal. I wanted to take that particular food to work because it's easy to just heat up and go. I was upset and ended up being hangry since I didn't have money to buy food. I have a lot of roommates, and I was frustrated because they could have just asked for some instead of stealing.",relevance,0.0,0.15384615384615388,0.0,0.10256410256410257,0.869358479976654,True,It happened on a Tuesday and it matters because I need to eat.,"It mattered immensely. That oatmeal was my only affordable meal for work. Having it stolen left me hangry, broke, and furious at their lack of respect."
5a764e848fe2dc000105739c_20260301_143615_69a44b6b,"I met up with some old friends from my past at a beerex and spent the evening chatting about the past and what we are doing today. We all got something positive from the evening and decided we would like to repeat it the following year. I felt rather good because not only did we all enjoy ourselves, I felt particularly good knowing I contributed in the past to their being friends today. I also had my brother there and my best friend who also knew these people, and they also enjoyed the evening.",certainty,0.0,0.1038961038961039,0.0,0.1038961038961039,0.8510509729385376,True,Originally we had to sit at a table near the live music but this was not conducive to conversation so we eventually moved to the quiet room and after that we converse with no loud music in the background.,"Yes, everything unfolded exactly as I hoped. The laughter, the shared memories, and seeing my brother and best friend enjoy themselves were perfect. Knowing I helped build these bonds made the evening even more meaningful than I anticipated."
69932ccc26c39ba9a7a39642_20260220_185530_6998ab77,"My cousin was diagnosed with cancer, and this really made me sad. I'm not happy with the situation, and I feel like I need help figuring out what to do, if there's anything I can do to help him. It's important to me to make sure my cousin lives.",accountability,0.0,0.10526315789473685,0.0,0.10526315789473685,0.8538628816604614,True,I don't know who was responsible for it; I can't guess.,"I feel helpless, blaming no one but myself for not acting sooner. The cancer is the enemy, but my inaction weighs heaviest on my heart."
5d959fdf9cf6ab001982afee_20260228_192404_69a33d3d,"I went on a short family holiday to a really nice place in the country. It was a small village that was pretty, with a castle and nice pubs and restaurants. The trip went well, and it was good family time. We love to travel, so we were looking to achieve a few things: travel somewhere new, see some new places, and cover a new area of the country. We wanted to make some family memories and help our children learn and grow. I was aiming for a nice, good value holiday that was busy but overall relaxing. I felt fine overall after the trip and am keen to do more, go somewhere else, and spend similar time as a family again. It was a positive experience and it contributes to my family's overall life goals. Value is important to me, as I like to remain frugal. Food and drink are also important to us, but mainly, it's crucial that our children are fulfilled, meaning they get time to play, relax, and see something interesting.",relevance,0.0,0.19148936170212766,0.0,0.10638297872340426,0.8586833477020264,True,It matters a great deal but I am also aware that it is a luxury. Holidays aren't a given and they do cost money and require effort. Without doing this we would function fine and fill our time and purpose another way. But it still matters a lot to us as a family.,"It mattered deeply. This trip fulfilled our goals of travel and family bonding while staying frugal. Seeing my children happy and learning in such a beautiful setting confirmed that our values of value, food, and their fulfillment were perfectly aligned."
5dceca2541afe801a32e27ac_20260223_201647_699cb17d,"I have a close personal friend who I've known for over 25 years, and she has a granddaughter with some mental issues. I've known the granddaughter her entire life. Recently, the granddaughter has been living with my friend for a few months while she looks for a job and a place of her own. At first, they were getting along well, but now there's a lot of tension between them, and my friend wants to talk to me about it constantly. No matter what I say or recommend, it doesn't seem to please her. I'm at a point where I really don't want to talk to my friend about this situation anymore, but I don't know how to tell her. I keep suggesting that she seek counseling for her granddaughter and encourage her to move out. I don't want to be disloyal, but my friend insists on leaving things the way they are. It's very important to me that the granddaughter gets help with her mental issues, and I also want my friend to not be constantly stressed out because she has health issues of her own.",certainty,0.0,0.23404255319148937,0.0,0.10638297872340427,0.8700760006904602,True,"Everything finally came to a head last weekend, and my friend had to call the police and have her granddaughter removed from her apartment. I could see this coming for a long time, but my friend refused to listen to me. Now she is truly brokenhearted, and I feel sympathy for her but relieved at the same time.","No, things did not go as expected. I hoped my advice would ease her stress, but her insistence on keeping the granddaughter there, despite the tension, left me feeling helpless and unable to offer further guidance."
59fc8a30087f2e0001ead66d_20260303_162019_69a70805,"I recently received a letter from the hospital, and I was shocked because it used words like 'urgent.' I only read the letter online and didn't get my physical copy, which made me panic. I needed an explanation because it was quite scary. The whole situation left me feeling disregarded and unimportant. It was important for me to express my emotions and upset, so I found the right person to speak to. They conducted investigations for me and then explained everything in a phone call.",control,0.0,0.16,0.027397260273972598,0.10666666666666667,0.8809627890586853,True,"At first, I didn't feel in control, and I still don't feel totally in control as these sorts of things leave you feeling vulnerable. I felt in control when trying to sort it out, but I should never have been put into this position in the first place.","No, I felt powerless until the call. The panic from the vague letter made me feel disregarded, but finally hearing the explanation restored some control."
57fa9d61bd8a970001fde2c6_20260301_180805_69a47e3e,"My friend was talking about the anniversary of the death of her husband, who was also my friend. It was nice to recall good memories rather than dwelling on their actual death. There was a slight feeling of sadness that they were no longer here, but it was also uplifting to reminisce and share our feelings. It was important to me that my friend felt comfortable talking about it with me.",relevance,0.0,0.17857142857142858,0.037037037037037035,0.10714285714285714,0.8751286864280701,True,This happened within the last week when I visited my friend at their home. It mattered a great deal as I feel that it comforted both of us.,"It mattered deeply. Her comfort was my priority. Sharing our grief and joy together made the loss feel lighter, proving we could honor him while supporting each other."
63e51be37501e0245d559a51_20260301_163127_69a46903,"I went to my future baby's scan, hoping that everything would be great healthwise. I felt happy because everything is going smoothly. It was important to me that my partner felt fine emotionally too.",accountability,0.0,0.14285714285714285,0.0,0.10714285714285714,0.854190468788147,True,My partner as she is holding the baby but then also myself for contributing to her wellbeing and helping her feel comfortable.,"I felt it was our shared love and the miracle of life itself. Seeing our baby healthy brought us both peace, making every worry fade into pure joy and gratitude for this beautiful beginning."
5fdbae0584b3a90525410347_20260302_161620_69a5b646,"I had a fantastic day on Saturday. The weather was nice, so I decided to get out of the house and run some errands. I needed to pick up a few groceries and drop off some recycling. Everyone I met was friendly and happy, which made the experience even better. I came home feeling happy and content, having accomplished everything without feeling anxious.",certainty,0.0,0.10810810810810813,0.0,0.10810810810810813,0.8832131624221802,True,Everything went as expected.,"Yes, everything unfolded exactly as I hoped. The sunny weather, friendly neighbors, and smooth errands matched my perfect Saturday vision. I felt pure contentment, with no surprises or anxiety to mar the day."
6631dd70c1393b01137d8453_20260228_163013_69a31305,"I was informed that I had received a promotion at work, which meant I would be working my last week at the store I was currently at. I was trying to improve my standing in the organization with this promotion, and I needed positive reinforcement from my employees and peers. Overall, I felt positive about the promotion, but it was also bittersweet because I had grown close to a lot of the employees at my old location, and I will miss them. It was important to me to receive validation from my former employees that they enjoyed working with me and felt I did a good job.",certainty,0.0,0.10909090909090909,0.0,0.10909090909090909,0.8551046848297119,True,"For the most part, they went as expected. I felt I had a chance to get promoted last year but it didn’t happen.","Yes, mostly. The validation I craved came through their warm goodbyes. Yet, the unexpected weight of leaving them behind made the celebration feel bittersweet, a mix of pride and profound loss."
5cfebb94eafc4d001a62cbc9_20260221_200507_699a0ef8,My young son fell and cut his head. I immediately wanted to provide first aid to make sure he was okay and check that it wasn't a serious injury. The situation left me feeling guilty and worried.,congruence,0.0,0.1818181818181818,0.0,0.1090909090909091,0.8809054493904114,True,I felt guilty that I had not been able to stop it from happening. I snapped at my husband while we were dealing with it.,"It hurt my heart deeply, filling me with guilt and fear. Yet, rushing to help him made me feel strong, proving I could protect him even in this scary moment."
63f77bdf07da8d9275eee1e4_20260301_213834_69a4b0cd,"My wife and I have this little tradition where we buy scratch-off tickets from the gas station each week just for fun. This time, we both won; she got $15 and I got $10, which was awesome. Even though it wasn't a huge amount, it felt great to finally win. The whole experience made us feel good and was really positive. We were just trying to have fun and enjoy some time together, and winning money was a nice bonus. It made me feel like a winner, and spending that time with my wife was really cool.",congruence,0.0,0.22222222222222218,0.038461538461538464,0.11111111111111109,0.8803865909576416,True,"It helped me by providing me with more money, of course, but also a positive experience.","It helped immensely. Winning together boosted our spirits and strengthened our bond. The small cash was a sweet bonus, but the joy of sharing the moment with my wife was truly priceless and made us feel like winners."
57b70477bd0fc200012ad60a_20260227_154747_69a1bb8a,"I developed Bell's palsy, and the right side of my face drooped. I was prescribed steroids, which helped improve the situation, but I felt mortified and embarrassed. It was especially hard for me because my husband didn't see me at my best, and that added to my feelings of embarrassment.",certainty,0.0,0.14814814814814817,0.0,0.1111111111111111,0.864536702632904,True,"I was not sure, but after I had the steroids, thankfully they worked.","No, the physical recovery was good, but the emotional toll was unexpected. Seeing my husband's reaction to my drooping face made me feel mortified, not just from the illness, but from fearing he wouldn't recognize me at my worst."
674c8549a9fd90b7c8dda9d3_20260226_180330_69a0881f,"I recently made a big transition from trading options in the stock market to trading futures. Just about two days ago, I blew my account. My goal is to switch to day trading full-time, and I switched to futures because they're supposed to be better and it's what prop firms would want me trading. After this happened, I felt very defeated. I had put so much time and effort into getting better, and all it took was me breaking my own rules for a second to lose over half of my account. I keep telling myself it's all part of the process. I know this, but it doesn't hurt any less for sure.",certainty,0.0,0.14814814814814814,0.0,0.1111111111111111,0.8596287369728088,True,"Nothing went the way I wanted, but I hope that the loss will help me in the future.","No, they did not. I expected a learning curve, not total devastation. Breaking my own rules for a split second and losing half my account in two days was the crushing, unexpected reality I never anticipated."
5a764e848fe2dc000105739c_20260301_143615_69a44b6b,"I met up with some old friends from my past at a beerex and spent the evening chatting about the past and what we are doing today. We all got something positive from the evening and decided we would like to repeat it the following year. I felt rather good because not only did we all enjoy ourselves, I felt particularly good knowing I contributed in the past to their being friends today. I also had my brother there and my best friend who also knew these people, and they also enjoyed the evening.",control,0.0,0.22222222222222224,0.0,0.11111111111111112,0.8728947043418884,True,The fact that they all turned up was a tribute to me and although I had no control over their arrival I was always there to meet them.,"Yes, I felt in control. Seeing my past contributions foster our current friendships gave me a profound sense of purpose and agency over our shared future."
665c738a0fa99b0a682780f2_20260305_225050_69aa0631,"My 20-year-old cat broke her tooth and has been in a lot of pain while we wait for our veterinarian appointment. I really needed her not to be in pain and to start eating and drinking again. I've had to force feed her for the last two days. It feels like I'm the one with a broken tooth because I love my cat so much, and it hurts me when she's in pain. It's all I can think about. On top of that, my wife hasn't been supportive and suggested putting the cat down instead of fixing its tooth. I've known this cat longer than I've known my wife.",accountability,0.0,0.1851851851851852,0.0,0.11111111111111112,0.8502253293991089,True,There was no one directly responsible for her breaking her tooth; she's just old and probably jumped down from something and broke it.,I feel solely responsible. My failure to prevent her pain and my wife's cruel suggestion to euthanize instead of helping her are the heaviest burdens I carry right now.
65e6edd1a876f1d8487f379b_20260305_231620_69aa0cf4,"A friend that I had a falling out with a couple of years ago just recently contacted me, and I haven't responded to him yet. I just want to know if he's in a good place and if he's wanting to change from how he was before when our friendship ended. The whole situation is mostly negative for me; it's stressful and causes me anxiety. I'm worried about how I will be personally judged after making no life progress in the last couple of years since we last talked. I feel embarrassed.",congruence,0.0,0.13636363636363638,0.0,0.11363636363636363,0.8664130568504333,True,"The situation has mainly caused me stress. I had grown used to life without this friend, even though I missed him frequently. The challenge is that he and one of my other close friends had issues with each other, so bringing him back into my life could also bring back potential tension between them.","It hurt my peace, fueling anxiety and shame over my perceived stagnation. Yet, it forced me to confront my fears, clarifying that my worth isn't defined by his return or my past silence."
60e25008f1ecf0be303353bb_20260228_165505_69a31c2f,My first son moved out of the house and into his own place. I'm really excited for him because it's a great opportunity for growth. I'm feeling proud of him. I also need to make sure his mom and my other son are okay with the change and adapt well.,accountability,0.0,0.17142857142857143,0.0,0.11428571428571428,0.870962917804718,True,"Nobody is responsible, just a part of life and growth.",I feel it was my son's courage and hard work that made this possible. His growth is the true reason for this new chapter.
59fc8a30087f2e0001ead66d_20260303_162019_69a70805,"I recently received a letter from the hospital, and I was shocked because it used words like 'urgent.' I only read the letter online and didn't get my physical copy, which made me panic. I needed an explanation because it was quite scary. The whole situation left me feeling disregarded and unimportant. It was important for me to express my emotions and upset, so I found the right person to speak to. They conducted investigations for me and then explained everything in a phone call.",accountability,0.0,0.1714285714285714,0.0,0.1142857142857143,0.8807212114334106,True,"It was my consultant who was responsible, and he admitted this to me.","The hospital's careless communication made me feel disregarded. Their vague online letter caused my panic, leaving me feeling unimportant and scared."
60e85190b9cffd8fed0a064f_20260306_144837_69aae582,"My dad has prostate cancer and recently had his yearly blood test. The results came back, and unfortunately, his condition had worsened. He was supposed to receive a phone call from his doctor on a specific day to discuss the results, but the call never came. I was really worried about what would happen next and was hoping for some clarity and communication from the doctor regarding my dad's condition. The situation left me feeling annoyed and still worrying, which could have been avoided if the doctor had called as planned. Since it's cancer, time is always crucial. The quicker they act, the better the chances of it being able to be helped.",certainty,0.0,0.20930232558139536,0.023809523809523808,0.11627906976744186,0.8564549684524536,True,Finally someone phoned back and apologised and said it should never have happened but that the Dr was away for nearly the whole month so my Dad has to wait until the end of the month now before he goes for an appointment at the hospital.,"No, things did not go as expected. The doctor's silence was the shock. I waited for that call to bring clarity, but instead, I was left in anxious limbo, fearing every passing minute while my dad's condition worsened."
69932ccc26c39ba9a7a39642_20260220_185530_6998ab77,"My cousin was diagnosed with cancer, and this really made me sad. I'm not happy with the situation, and I feel like I need help figuring out what to do, if there's anything I can do to help him. It's important to me to make sure my cousin lives.",certainty,0.0,0.1568627450980392,0.04081632653061225,0.11764705882352938,0.8830239772796631,True,Things didn't go as expected because his mom can't afford the money for treatment.,"No, nothing went as expected. I hoped for good news, but the diagnosis shattered my world. The unexpected was how quickly hope turned to fear, leaving me desperate to find a way to save him."
57fa9d61bd8a970001fde2c6_20260301_180805_69a47e3e,"My friend was talking about the anniversary of the death of her husband, who was also my friend. It was nice to recall good memories rather than dwelling on their actual death. There was a slight feeling of sadness that they were no longer here, but it was also uplifting to reminisce and share our feelings. It was important to me that my friend felt comfortable talking about it with me.",congruence,0.0,0.19607843137254902,0.04081632653061224,0.11764705882352941,0.8835318684577942,True,I felt reassured that we could describe the death of a loved one without it badly affecting my friend's emotions.,"It helped me feel connected to my friend and honored our shared loss. The gentle sadness was outweighed by the warmth of our memories, making me grateful for our bond."
5d959fdf9cf6ab001982afee_20260228_192404_69a33d3d,"I went on a short family holiday to a really nice place in the country. It was a small village that was pretty, with a castle and nice pubs and restaurants. The trip went well, and it was good family time. We love to travel, so we were looking to achieve a few things: travel somewhere new, see some new places, and cover a new area of the country. We wanted to make some family memories and help our children learn and grow. I was aiming for a nice, good value holiday that was busy but overall relaxing. I felt fine overall after the trip and am keen to do more, go somewhere else, and spend similar time as a family again. It was a positive experience and it contributes to my family's overall life goals. Value is important to me, as I like to remain frugal. Food and drink are also important to us, but mainly, it's crucial that our children are fulfilled, meaning they get time to play, relax, and see something interesting.",congruence,0.0,0.14705882352941177,0.0,0.11764705882352941,0.871539831161499,True,It didn't hurt. It was quite affordable but it was stressful in parts. The travel wasn't ideal and it was quite rushed. But overall it helped us achieve our goals.,"This trip helped me by creating cherished family memories and fulfilling my children's need for play and discovery. It supported our life goals while offering great value, leaving me eager for our next adventure together."
5dceca2541afe801a32e27ac_20260223_201647_699cb17d,"I have a close personal friend who I've known for over 25 years, and she has a granddaughter with some mental issues. I've known the granddaughter her entire life. Recently, the granddaughter has been living with my friend for a few months while she looks for a job and a place of her own. At first, they were getting along well, but now there's a lot of tension between them, and my friend wants to talk to me about it constantly. No matter what I say or recommend, it doesn't seem to please her. I'm at a point where I really don't want to talk to my friend about this situation anymore, but I don't know how to tell her. I keep suggesting that she seek counseling for her granddaughter and encourage her to move out. I don't want to be disloyal, but my friend insists on leaving things the way they are. It's very important to me that the granddaughter gets help with her mental issues, and I also want my friend to not be constantly stressed out because she has health issues of her own.",congruence,0.0,0.23529411764705882,0.0816326530612245,0.11764705882352941,0.8684812188148499,True,It hurts me to see two people that I care about in this turmoil constantly and nothing is being resolved.,"This situation hurts me deeply, draining my energy and causing guilt. Yet, it forced me to finally set boundaries to protect my own health, even if it feels like a betrayal."
60e85190b9cffd8fed0a064f_20260306_144837_69aae582,"My dad has prostate cancer and recently had his yearly blood test. The results came back, and unfortunately, his condition had worsened. He was supposed to receive a phone call from his doctor on a specific day to discuss the results, but the call never came. I was really worried about what would happen next and was hoping for some clarity and communication from the doctor regarding my dad's condition. The situation left me feeling annoyed and still worrying, which could have been avoided if the doctor had called as planned. Since it's cancer, time is always crucial. The quicker they act, the better the chances of it being able to be helped.",relevance,0.0,0.1411764705882353,0.024096385542168672,0.11764705882352941,0.8494954705238342,True,"This happened this past Tuesday, it mattered very much to me and my Dad as he had spent the whole afternoon waiting in for the phone call and we were expecting to find out if he would have to have more treatment and if so what.","It mattered immensely. Every hour without news felt like a stolen chance to save him. His silence wasn't just annoying; it was terrifying, leaving me paralyzed by fear that time was slipping away while we waited for answers."
65e6edd1a876f1d8487f379b_20260305_231620_69aa0cf4,"A friend that I had a falling out with a couple of years ago just recently contacted me, and I haven't responded to him yet. I just want to know if he's in a good place and if he's wanting to change from how he was before when our friendship ended. The whole situation is mostly negative for me; it's stressful and causes me anxiety. I'm worried about how I will be personally judged after making no life progress in the last couple of years since we last talked. I feel embarrassed.",accountability,0.0,0.11764705882352942,0.0,0.11764705882352942,0.8650829195976257,True,I feel like he is the one most responsible because he was causing problems with my friend when my friend was not being problematic. He also had issues with alcohol that were changing his personality.,"I blame my own hesitation and fear of judgment. My silence created this distance, and my anxiety over my lack of progress made me push him away, even though he reached out first."
663b34f2cf27da2a623b94f9_20260227_153742_69a1b5ea,"It was my granddaughter's 18th birthday last Sunday, and we had a precelebration at my house on Friday. Then, on Sunday, we all met up in Exeter for an Escape Room experience and a meal. I wanted to enjoy the celebration with my whole family, especially with my granddaughter. My family is very important to me, and we don't meet up enough, so I was really hoping for a drama-free gathering, which usually isn't the case when we all get together. This time, it left me feeling really good and appreciative of the special connection we have. I wanted my family to appreciate me, and I certainly think they do. My granddaughter asked me to voice record a special message for her to be inserted in a bear that I had given her 16 years ago, which was being revamped at the shop called Build a Bear. I felt special that she asked me to do that.",relevance,0.0,0.22033898305084748,0.034482758620689655,0.11864406779661017,0.8725776672363281,True,"The event happened last Sunday and mattered a huge amount to me. In the past, we have had difficulties as a family, and my children have been to counselling for their own problems, with some blame pointed at me about parenting. I tried my best with what I knew at the time, but it left me feeling that I was not good enough in their eyes. I wanted to create a special memory for my granddaughter and have a drama-free gathering.","It mattered immensely. After years of chaotic reunions, this drama-free day with my granddaughter felt like a precious gift. Her request to record a message for her bear made me feel deeply loved and appreciated."
5b9ca13a06114100010699b8_20260221_211806_699a1e71,"I went to the doctor with my daughter because she's struggling to eat a variety of food. I was hoping the doctor would give us some advice or refer us to a specialist for eating disorders, so we could get some expert help. Instead, the doctor told her she needed to try harder and said if she didn't, she wouldn't have a partner, have kids, or a job. Even after I expressed my concern that she might have an eating disorder, he dismissed it. I was very angry and felt hopeless. I also worried about my daughter and how it might have affected her listening to what the doctor said. I hoped that after going to the doctor, my daughter would feel as though she had been listened to and that there was hope for her to improve, but she was left feeling deflated.",accountability,0.0,0.16666666666666666,0.024390243902439022,0.11904761904761904,0.8857061862945557,True,The doctor was most responsible as he was the professional that we had put our faith and trust in and he sat there and lectured her for 20 minutes and made her feel worthless and that she didn't have a future. He could have been more supportive and listened to us more and directed us more efficiently.,"The doctor. His cruel words and dismissal of my daughter's struggle left us feeling hopeless and deflated, making him solely responsible for this devastating outcome."
67a5c743b431ff0a1160ed28_20260227_152718_69a1b6be,"My mum is buying things for my sister, and not for me, because I earn more money. I just want to be treated fairly. I don't see why she should get money because she has two kids, and then still get to buy luxuries, whilst I have to save for my things. It leaves me feeling like I am expected to be more independent, and I don't matter because I don't have children. I just don't think I'm being treated fairly.",certainty,0.0,0.2,0.0,0.12,0.8536714315414429,True,I've not confronted it; I don't even think they're aware I'm annoyed.,"No, it did not go as I expected. Seeing her buy luxuries for my sister while I save for basics, despite my higher earnings, was the shocking part. I felt invisible and unfairly burdened."
59fc8a30087f2e0001ead66d_20260303_162019_69a70805,"I recently received a letter from the hospital, and I was shocked because it used words like 'urgent.' I only read the letter online and didn't get my physical copy, which made me panic. I needed an explanation because it was quite scary. The whole situation left me feeling disregarded and unimportant. It was important for me to express my emotions and upset, so I found the right person to speak to. They conducted investigations for me and then explained everything in a phone call.",certainty,0.0,0.1818181818181818,0.0,0.12121212121212122,0.8699121475219727,True,"I think they went as expected. I would have liked a better response from my hospital in terms of their contact with me, but as I was in that situation, however not nice it was, I guess it met my expectations.","No, the call was unexpected. I feared silence, but they explained everything clearly. My panic faded, though I still feel hurt by the initial disregard."
5d959fdf9cf6ab001982afee_20260228_192404_69a33d3d,"I went on a short family holiday to a really nice place in the country. It was a small village that was pretty, with a castle and nice pubs and restaurants. The trip went well, and it was good family time. We love to travel, so we were looking to achieve a few things: travel somewhere new, see some new places, and cover a new area of the country. We wanted to make some family memories and help our children learn and grow. I was aiming for a nice, good value holiday that was busy but overall relaxing. I felt fine overall after the trip and am keen to do more, go somewhere else, and spend similar time as a family again. It was a positive experience and it contributes to my family's overall life goals. Value is important to me, as I like to remain frugal. Food and drink are also important to us, but mainly, it's crucial that our children are fulfilled, meaning they get time to play, relax, and see something interesting.",accountability,0.0,0.2153846153846154,0.0,0.1230769230769231,0.8745723962783813,True,"Me and my wife. We work hard to get these things and it's hard work with 3 children. It takes planning, organisation and persistence to make these things work. My wife took the brunt of organising this one.","I feel it was our shared effort and careful planning. Balancing value with our children's joy made this trip possible, fulfilling our family goals together."
58f63e3a5129080001111304_20260306_175958_69ab11b4,"I was standing with a can of Pepsi, ready to drink it, when it suddenly dropped. I managed to catch it, but it fizzed up and went everywhere, including all over my laptop. I needed to drink the Pepsi, but instead, I was left feeling very upset and angry. I was so annoyed and upset that I nearly burst into tears at the thought that I might have broken the laptop. To make things worse, I had to spend a long time cleaning up afterward, which just added to my frustration.",control,0.0,0.12499999999999997,0.043478260869565216,0.12499999999999997,0.8885492086410522,True,"No, I don't feel like I was in control as it all happened in a millisecond, so I had no time to think about it.","No, I felt completely out of control. My drink ruined my laptop, and the endless cleaning only deepened my helplessness and anger."
63cedafa29d08471b828a96a_20260220_193701_6998b4d4,"A group of men came to stay in our village from London, and they were trying to break into cars and houses, which was really intimidating for the residents. This was very scary because things like this don't usually happen around here. I needed to go to the shop, but I knew they were hanging around there, so I decided to go without and stayed at home instead. I also stayed up late, feeling scared in case they tried to break into my home. Living on my own, I felt scared and lonely. This whole situation made me realize I need to make plans, just in case scary things like this ever happen again.",accountability,0.0,0.16666666666666666,0.0,0.125,0.8751289248466492,True,The men being threatening and causing the damage were the problem. They decided to do this.,"I felt the strangers from London were solely responsible. Their reckless actions shattered our peace, forcing me into fear and solitude, while my own vulnerability made the night feel endless and terrifying."
674c8549a9fd90b7c8dda9d3_20260226_180330_69a0881f,"I recently made a big transition from trading options in the stock market to trading futures. Just about two days ago, I blew my account. My goal is to switch to day trading full-time, and I switched to futures because they're supposed to be better and it's what prop firms would want me trading. After this happened, I felt very defeated. I had put so much time and effort into getting better, and all it took was me breaking my own rules for a second to lose over half of my account. I keep telling myself it's all part of the process. I know this, but it doesn't hurt any less for sure.",relevance,0.0,0.1772151898734177,0.025974025974025976,0.12658227848101267,0.8726915717124939,True,"The event happened in the morning when a position I had didn't close as expected, resulting in a loss. It mattered greatly to me because I have been working very hard to become consistent, and this setback knocked me back significantly.","It mattered immensely. I sacrificed months of discipline in two days. Breaking my own rules to lose half my account shattered my dream of full-time trading, leaving me defeated despite knowing it's just a lesson."
5f4a7a00dc1bde60ab8f7ac5_20260227_182021_69a1df78,"I'm feeling really frustrated because I don't have enough money to pay down my credit card debt. It's like I'm being drowned in bills and I just can't manage my debt adequately with my current income. This whole situation leaves me feeling like I'm sinking. On top of that, it's important for me to handle this without stressing out my elderly mom, who's prone to anxiety.",congruence,0.0,0.1702127659574468,0.0,0.12765957446808507,0.865313708782196,True,"It's only been harmful, as it constantly adds stress to my life without any upsides.","It hurt my peace, drowning me in bills. Yet, hiding the truth from my anxious mom became my only way to protect her, forcing me to carry this heavy burden alone."
5ff07b5ee7a1d23e719e421e_20260227_145116_69a1ad7e,"I went and sat with my baby brother, who is 64, while he had his chemo treatment. I'm very sad that he has to go through this, and it doesn't look like his chances are very good, but he's a fighter. I sat with him for 2 hours, and he and all the other chemo patients in the room were talking and having a good time joking about their situation. It was uplifting, but also sad. I was trying to give him moral support. It left me feeling sad for all the people that have to go through this type of thing. It also made me feel glad that I could be there for him, especially since his wife died a few years ago and I didn't want him to be alone. Just being there to support him was important to me.",accountability,0.0,0.1276595744680851,0.0,0.1276595744680851,0.8569428324699402,True,The cancer that everyone is going through was responsible for the situation.,"I feel no one is responsible; this is just life's cruel reality. My heart aches for his struggle, yet I find strength in being his support, ensuring he isn't alone in this fight."
671a35e007e5342c31f94fa7_20260307_163918_69ac527e,"Sometimes when I'm alone, I find myself getting emotional. In those moments, I really need comfort. Being by myself can leave me feeling sad and lonely.",certainty,0.0,0.1276595744680851,0.04444444444444444,0.1276595744680851,0.871525764465332,True,Things went as I expected during this time; my emotions turned happy.,"No, I expected solitude to be peaceful, but instead, the silence amplified my loneliness. The unexpected weight of sadness hit me harder than I anticipated, leaving me craving comfort I couldn't find within myself."
5f622fbe1fbbd21051cb28b3_20260226_170802_69a07c4e,"I had to go and speak to the Store Manager of the supermarket branch I work in about the way my shift supervisor spoke to me, which I found belittling and patronising. I wanted to be listened to and treated with more respect, so that I didn't dread coming into work or go away feeling upset. After the conversation, I didn't feel great - I didn't feel that he particularly agreed with my analysis or that he was very sympathetic. None of this is necessary, since the other three shift supervisors I work with are lovely. Which is another way of saying the problem is him, not me!",certainty,0.0,0.1702127659574468,0.0,0.12765957446808512,0.8760792016983032,True,No; I did not expect to be treated this way when I got the job.,"No, he wasn't sympathetic. I expected support, but his lack of agreement left me unsettled. The real surprise? The other supervisors are lovely, proving the issue is solely him, not me."
66597efb84cb793eeaa06ef8_20260226_200652_69a0a2d3,"Yesterday, my father was diagnosed with lymphatic cancer, and it was quite emotional for me. He had been suffering for six months, and it felt like things had come to an end with the diagnosis. I wanted to feel relief because we did not know what was wrong with him. I had a cocktail of emotions. Firstly, I was angry that the diagnosis took so long, then stressed that he now faces a long period of treatment, and tired because this has been mentally exhausting. It was important to me to talk to the consultant to determine his treatment programme.",control,0.0,0.1935483870967742,0.0,0.12903225806451613,0.8862167000770569,True,I did not feel like I was in control at all. Because it was a medical issue it felt beyond me but now it is better because we have a diagnosis.,"No, I felt powerless. The delayed diagnosis robbed me of agency, and now endless treatments loom. My exhaustion and anger stem from losing control over his health and our uncertain future."
60e85190b9cffd8fed0a064f_20260306_144837_69aae582,"My dad has prostate cancer and recently had his yearly blood test. The results came back, and unfortunately, his condition had worsened. He was supposed to receive a phone call from his doctor on a specific day to discuss the results, but the call never came. I was really worried about what would happen next and was hoping for some clarity and communication from the doctor regarding my dad's condition. The situation left me feeling annoyed and still worrying, which could have been avoided if the doctor had called as planned. Since it's cancer, time is always crucial. The quicker they act, the better the chances of it being able to be helped.",congruence,0.0,0.13043478260869565,0.04545454545454545,0.13043478260869565,0.8586247563362122,True,It hurt that they hadn't even bothered to let him know that they wouldn't be keeping the appointment.,"It hurt deeply, leaving me anxious and helpless. The silence felt like a cruel delay, wasting precious time while my father's cancer worsened without answers."
67883d53705991d641bb1743_20260307_193358_69ac7a95,"I was in my room, singing and enjoying some privacy and comfort, when my mom suddenly came in. I thought my door was still locked, so seeing her standing there in the doorway scared me almost to death. My body reacted nervously, and I felt my stomach tighten and then tear from my diaphragm down into my bladder. It left me in dire pain, and I couldn't sleep all night because my stomach kept filling up with pain and gas. My mom totally hurt me and ruined my day.",congruence,0.0,0.30434782608695654,0.04545454545454545,0.13043478260869565,0.8786036372184753,True,The situation hurt me in all ways except it helped me realize I should stay away from my mother from now on.,It hurt me deeply. The shock caused excruciating physical pain that ruined my sleep and left me trembling with fear and anger all night.
63cedafa29d08471b828a96a_20260220_193701_6998b4d4,"A group of men came to stay in our village from London, and they were trying to break into cars and houses, which was really intimidating for the residents. This was very scary because things like this don't usually happen around here. I needed to go to the shop, but I knew they were hanging around there, so I decided to go without and stayed at home instead. I also stayed up late, feeling scared in case they tried to break into my home. Living on my own, I felt scared and lonely. This whole situation made me realize I need to make plans, just in case scary things like this ever happen again.",control,0.0,0.21739130434782608,0.0,0.13043478260869568,0.8854541182518005,True,"I was not in control, but others called the police. I was too scared and anxious.","No, I felt powerless. Staying home while others suffered, and fearing for my own safety, stripped me of control. I realized I must plan better to protect myself next time."
5e94b43203807b339eef4947_20260306_164804_69ab0342,"I was trying to be nice to my daughter and connect with her by engaging in a conversation, asking what she wanted for dinner. Instead of responding, she was remote and rude to me, and then I got a page full of error messages. This situation left me feeling frustrated and a bit sad. It's important to me because this keeps happening, although there are other times when she's lovely and excitable.",accountability,0.0,0.16393442622950818,0.0,0.13114754098360656,0.851832926273346,True,Sometimes I feel it's me as I've let her be this way. Sometimes I feel it's her as she's 13 and can obviously choose not to be.,"I blamed myself for trying too hard, yet her coldness and the glitching screen felt like a cruel wall between us, stealing our connection right when I needed it most."
63e51be37501e0245d559a51_20260301_163127_69a46903,"I went to my future baby's scan, hoping that everything would be great healthwise. I felt happy because everything is going smoothly. It was important to me that my partner felt fine emotionally too.",control,0.0,0.13114754098360656,0.03389830508474576,0.13114754098360656,0.8559359312057495,True,"To some extent we were not in control as we relied on medical staff, but we had control in the ability to see the medical staff in the first place.","Yes, I felt in control. The clear scan results and my partner's calm demeanor confirmed our baby's health, giving us peace of mind and confidence in our journey ahead."
63f77bdf07da8d9275eee1e4_20260301_213834_69a4b0cd,"My wife and I have this little tradition where we buy scratch-off tickets from the gas station each week just for fun. This time, we both won; she got $15 and I got $10, which was awesome. Even though it wasn't a huge amount, it felt great to finally win. The whole experience made us feel good and was really positive. We were just trying to have fun and enjoy some time together, and winning money was a nice bonus. It made me feel like a winner, and spending that time with my wife was really cool.",control,0.0,0.17777777777777778,0.0,0.1333333333333333,0.8725628852844238,True,"Yes and no. We knew we were going to buy the tickets, but we couldn't control whether we won.","Yes, I felt in control. We chose to play for fun, not desperation. Winning validated our simple joy together, proving our time was well spent."
5dfb6c4d19232d899d182cda_20260219_230958_699794ef,"I was watching my great grandson drawing. I just wanted him to continue and not react to me watching him, allowing him to be his natural four-year-old self. The whole situation left me feeling warm, happy, and content. I was appreciating that he won't stay so young, innocent, and natural for long.",certainty,0.0,0.13333333333333333,0.046511627906976744,0.13333333333333333,0.8917191624641418,True,"Yes, everything was lovely. It was a fabulous and relaxed few hours.","Yes, everything unfolded exactly as I hoped. He remained completely absorbed in his drawing, unaware of my gaze. That quiet, innocent moment was precisely what I needed to cherish before he grows up."
5f622fbe1fbbd21051cb28b3_20260226_170802_69a07c4e,"I had to go and speak to the Store Manager of the supermarket branch I work in about the way my shift supervisor spoke to me, which I found belittling and patronising. I wanted to be listened to and treated with more respect, so that I didn't dread coming into work or go away feeling upset. After the conversation, I didn't feel great - I didn't feel that he particularly agreed with my analysis or that he was very sympathetic. None of this is necessary, since the other three shift supervisors I work with are lovely. Which is another way of saying the problem is him, not me!",congruence,0.0,0.16666666666666666,0.0,0.13333333333333333,0.8579152822494507,True,"It made me feel belittled and talked down to, which is not what I want at the best of times (and this is NOT the best of times).","It hurt my confidence, yet speaking up was necessary. I still dread work, but I know the issue isn't me. The other supervisors are lovely, proving my worth despite his behavior."
5e94b43203807b339eef4947_20260306_164804_69ab0342,"I was trying to be nice to my daughter and connect with her by engaging in a conversation, asking what she wanted for dinner. Instead of responding, she was remote and rude to me, and then I got a page full of error messages. This situation left me feeling frustrated and a bit sad. It's important to me because this keeps happening, although there are other times when she's lovely and excitable.",relevance,0.0,0.13559322033898305,0.0,0.13559322033898305,0.8744848370552063,True,It matters as she's my daughter and she doesn't live with me full time. It's important to me that she's happy when she is here.,"It mattered deeply. Her coldness shattered my hope to connect, and the errors compounded my frustration. This pattern hurts because I only want to be a loving parent to her."
5f4a7a00dc1bde60ab8f7ac5_20260227_182021_69a1df78,"I'm feeling really frustrated because I don't have enough money to pay down my credit card debt. It's like I'm being drowned in bills and I just can't manage my debt adequately with my current income. This whole situation leaves me feeling like I'm sinking. On top of that, it's important for me to handle this without stressing out my elderly mom, who's prone to anxiety.",relevance,0.0,0.1694915254237288,0.0,0.13559322033898305,0.8599180579185486,True,"It's been a consistent issue, but the moment I'm thinking of was in the past week. It matters a lot to me, as it's the main issue that's been plaguing me.","It mattered immensely. The crushing weight of debt felt like drowning, yet I held back tears to protect my anxious mother from my despair."
65e6edd1a876f1d8487f379b_20260305_231620_69aa0cf4,"A friend that I had a falling out with a couple of years ago just recently contacted me, and I haven't responded to him yet. I just want to know if he's in a good place and if he's wanting to change from how he was before when our friendship ended. The whole situation is mostly negative for me; it's stressful and causes me anxiety. I'm worried about how I will be personally judged after making no life progress in the last couple of years since we last talked. I feel embarrassed.",control,0.0,0.23728813559322037,0.03508771929824561,0.13559322033898305,0.8846490979194641,True,"I don't feel entirely in control. I can't know how to feel about him until we truly have a conversation, but I fear that the conversation may make me feel worse.","No, I felt powerless. His message triggered my anxiety about my stagnation, leaving me paralyzed by fear of judgment rather than in control of the situation."
6818aa3b091f461c436e4f12_20260301_153141_69a45a95,"My football team scored a goal, and I was thrilled because I really wanted my team to win the game. The feeling was incredible—I was elated and excited. What made it even more special was sharing the experience with my family.",relevance,0.0,0.20338983050847456,0.03508771929824562,0.13559322033898305,0.8720970749855042,True,The event happened yesterday afternoon at about 3.30 pm. It mattered a great deal as how my team does is something I think about for most of the year.,It mattered immensely. Scoring that goal meant everything to me because our team desperately needed the win. Sharing that pure elation with my family made the moment truly unforgettable.
601fd27860b197531ca7bdcc_20260220_222742_6998dd89,My sister-in-law was talking to me about an eating disorder that she previously had issues with. I was helping her to fill in a disclosure form for a job. I was surprised by what I'd learnt and hoped I'd dealt with it sensitively. Nothing was more important to me in that moment than to show care and consideration.,accountability,0.0,0.18181818181818182,0.0,0.13636363636363635,0.8635502457618713,True,My sister-in-law was most responsible for all of this.,"I felt no one was responsible. The disorder was her struggle, not anyone's fault. My only duty was to listen with care and help her navigate this moment with kindness and respect."
67883d53705991d641bb1743_20260307_193358_69ac7a95,"I was in my room, singing and enjoying some privacy and comfort, when my mom suddenly came in. I thought my door was still locked, so seeing her standing there in the doorway scared me almost to death. My body reacted nervously, and I felt my stomach tighten and then tear from my diaphragm down into my bladder. It left me in dire pain, and I couldn't sleep all night because my stomach kept filling up with pain and gas. My mom totally hurt me and ruined my day.",accountability,0.0,0.13636363636363635,0.0,0.13636363636363635,0.8675039410591125,True,"My mother is fully responsible for it, but she is not taking any of the blame. To her, it's all my fault.","My mom. She barged in without knocking, shattering my peace and causing me unbearable physical pain that ruined my entire day."
603b7527efab507a7a9208d0_20260301_135445_69a4435e,"Me and my husband had a massive argument that really upset me. I wanted to know that we are still a team, but the situation left me feeling neglected and hurt.",relevance,0.0,0.2758620689655172,0.07058823529411766,0.1379310344827586,0.8769184350967407,True,"The event happened in the morning when my husband usually drives me to work, as he has done for the past 17 years. This morning, he told me to walk even though it was raining. It mattered a lot to me because it was so out of the ordinary and left me feeling neglected and hurt.","It mattered immensely. That argument shattered my sense of safety. I desperately needed to know we were still a team, but feeling neglected left me deeply hurt and questioning our bond."
57b70477bd0fc200012ad60a_20260227_154747_69a1bb8a,"I developed Bell's palsy, and the right side of my face drooped. I was prescribed steroids, which helped improve the situation, but I felt mortified and embarrassed. It was especially hard for me because my husband didn't see me at my best, and that added to my feelings of embarrassment.",congruence,0.0,0.1724137931034483,0.03571428571428572,0.13793103448275862,0.8636202216148376,True,"The situation hurt me because I thought I would stay with my face drooped. There were no positives apart from it did get better, but it made me realize that life can get you.","The steroids healed my face, yet the embarrassment lingered. Seeing my husband's disappointment hurt deeply, making me feel mortified despite the medical improvement."
66597efb84cb793eeaa06ef8_20260226_200652_69a0a2d3,"Yesterday, my father was diagnosed with lymphatic cancer, and it was quite emotional for me. He had been suffering for six months, and it felt like things had come to an end with the diagnosis. I wanted to feel relief because we did not know what was wrong with him. I had a cocktail of emotions. Firstly, I was angry that the diagnosis took so long, then stressed that he now faces a long period of treatment, and tired because this has been mentally exhausting. It was important to me to talk to the consultant to determine his treatment programme.",accountability,0.0,0.1395348837209302,0.0,0.1395348837209302,0.8746310472488403,True,I believe that it is difficult to blame any one individual but a few of the medical staff were very negligible.,"I felt the doctors were most responsible for the delay, leaving us in uncertainty for six months while my father suffered unnecessarily."
5dfb6c4d19232d899d182cda_20260219_230958_699794ef,"I was watching my great grandson drawing. I just wanted him to continue and not react to me watching him, allowing him to be his natural four-year-old self. The whole situation left me feeling warm, happy, and content. I was appreciating that he won't stay so young, innocent, and natural for long.",relevance,0.0,0.13953488372093023,0.04878048780487805,0.13953488372093023,0.8885189890861511,True,The event mattered a lot to me because any time with him is very special.,"It mattered deeply. Seeing his pure joy made me cherish this fleeting innocence, knowing he will grow up soon. This moment of quiet connection was everything to me."
601fd27860b197531ca7bdcc_20260220_222742_6998dd89,My sister-in-law was talking to me about an eating disorder that she previously had issues with. I was helping her to fill in a disclosure form for a job. I was surprised by what I'd learnt and hoped I'd dealt with it sensitively. Nothing was more important to me in that moment than to show care and consideration.,congruence,0.0,0.24561403508771928,0.03636363636363636,0.14035087719298248,0.8703621029853821,True,The situation did hurt me but it didn't help me either. It was just one of those uncomfortable things in life that you need to get through.,"It hurt me to learn her struggle, but helping her with the form made me feel useful. I hoped my sensitivity brought comfort, not pain, during this vulnerable moment."
663b34f2cf27da2a623b94f9_20260227_153742_69a1b5ea,"It was my granddaughter's 18th birthday last Sunday, and we had a precelebration at my house on Friday. Then, on Sunday, we all met up in Exeter for an Escape Room experience and a meal. I wanted to enjoy the celebration with my whole family, especially with my granddaughter. My family is very important to me, and we don't meet up enough, so I was really hoping for a drama-free gathering, which usually isn't the case when we all get together. This time, it left me feeling really good and appreciative of the special connection we have. I wanted my family to appreciate me, and I certainly think they do. My granddaughter asked me to voice record a special message for her to be inserted in a bear that I had given her 16 years ago, which was being revamped at the shop called Build a Bear. I felt special that she asked me to do that.",congruence,0.0,0.17857142857142858,0.0,0.14285714285714285,0.8843578696250916,True,"It helped me enormously, showing me that we could be the family I aspired to—loving, happy, and caring about each other.","It healed my heart. After years of family tension, this drama-free gathering brought us closer. Her request to record a message made me feel deeply loved and appreciated, fulfilling my wish for connection."
665c738a0fa99b0a682780f2_20260305_225050_69aa0631,"My 20-year-old cat broke her tooth and has been in a lot of pain while we wait for our veterinarian appointment. I really needed her not to be in pain and to start eating and drinking again. I've had to force feed her for the last two days. It feels like I'm the one with a broken tooth because I love my cat so much, and it hurts me when she's in pain. It's all I can think about. On top of that, my wife hasn't been supportive and suggested putting the cat down instead of fixing its tooth. I've known this cat longer than I've known my wife.",relevance,0.0,0.22857142857142856,0.029411764705882353,0.14285714285714285,0.8647717237472534,True,I'm not sure exactly when the cat broke her tooth. I didn't notice the tooth broken until I noticed she wasn't eating or drinking. My animal's health matters to me as much as my own because I love them.,"It mattered everything. Her pain feels like my own broken tooth. Her suffering is my constant agony, overshadowing my wife's cold suggestion to end her life."
58f63e3a5129080001111304_20260306_175958_69ab11b4,"I was standing with a can of Pepsi, ready to drink it, when it suddenly dropped. I managed to catch it, but it fizzed up and went everywhere, including all over my laptop. I needed to drink the Pepsi, but instead, I was left feeling very upset and angry. I was so annoyed and upset that I nearly burst into tears at the thought that I might have broken the laptop. To make things worse, I had to spend a long time cleaning up afterward, which just added to my frustration.",certainty,0.0,0.17857142857142855,0.0,0.14285714285714288,0.8715620040893555,True,"It was all unexpected, so it did not go as I thought it would, as never in my wildest dreams did I expect that to happen.","No, nothing went as expected. Catching the can was a relief, but the fizz exploding onto my laptop was a nightmare I never imagined. My anger and frustration were overwhelming."
5e94b43203807b339eef4947_20260306_164804_69ab0342,"I was trying to be nice to my daughter and connect with her by engaging in a conversation, asking what she wanted for dinner. Instead of responding, she was remote and rude to me, and then I got a page full of error messages. This situation left me feeling frustrated and a bit sad. It's important to me because this keeps happening, although there are other times when she's lovely and excitable.",certainty,0.0,0.14285714285714288,0.1,0.14285714285714288,0.8984379768371582,True,Sadly it did go as expected. I knew what mood she was in.,"No, nothing went as expected. I hoped for a warm chat, but her coldness and the sudden error messages shattered my hope. That silence hurt more than I imagined."
577a0a7aadbc7500015d2479_20260306_185456_69ab207b,"I finished my most recent university assignment, proofread it, and handed it in early. I'm doing a BSc in Public Health and Wellbeing with the Open University, and I was trying to achieve handing in a completed assignment. To do this, I needed peace and quiet. Once I had handed in my assignment early, I felt very good and treated myself to a new TV since my current one has been broken for a bit. I felt good that I managed to hand it in, rather than go over it every day for days. One thing that has stuck with me is something a lecturer said: you get 80% of the mark in 20% of the time, and 20% of the mark in the other 80%, so I try to remember that. I felt I relied on myself well. On a previous degree, we were encouraged to get friends to proofread it for you, but my current university discourages this.",congruence,0.0,0.2318840579710145,0.02985074626865672,0.14492753623188406,0.8819559812545776,True,"Handing the assignment in early was a significant step in rebuilding my confidence in my academic abilities, as was handing in one that I was 99% happy with.","Handing it in early brought immense relief and joy, allowing me to reward myself with a new TV. I felt proud of my self-reliance, though the university's policy against peer proofreading made the process feel more isolated than before."
63cedafa29d08471b828a96a_20260220_193701_6998b4d4,"A group of men came to stay in our village from London, and they were trying to break into cars and houses, which was really intimidating for the residents. This was very scary because things like this don't usually happen around here. I needed to go to the shop, but I knew they were hanging around there, so I decided to go without and stayed at home instead. I also stayed up late, feeling scared in case they tried to break into my home. Living on my own, I felt scared and lonely. This whole situation made me realize I need to make plans, just in case scary things like this ever happen again.",congruence,0.0,0.2608695652173913,0.059701492537313446,0.14492753623188406,0.8975940346717834,True,"It made me come up with an emergency escape plan, just in case another situation like this occurs and I need to leave my house. It also made me realize you are not safe anywhere, so it made me scared and unsettled.","It hurt my peace, leaving me scared and lonely. Yet, it forced me to plan for safety, turning fear into a resolve to protect my home better."
66597efb84cb793eeaa06ef8_20260226_200652_69a0a2d3,"Yesterday, my father was diagnosed with lymphatic cancer, and it was quite emotional for me. He had been suffering for six months, and it felt like things had come to an end with the diagnosis. I wanted to feel relief because we did not know what was wrong with him. I had a cocktail of emotions. Firstly, I was angry that the diagnosis took so long, then stressed that he now faces a long period of treatment, and tired because this has been mentally exhausting. It was important to me to talk to the consultant to determine his treatment programme.",relevance,0.0,0.1818181818181818,0.03773584905660377,0.14545454545454545,0.8753061890602112,True,It happened yesterday. He started to vomit blood in the GP surgery then an ambulance was called. It mattered to me as he was so unwell and he needed help.,"It mattered immensely. The delay in diagnosis fueled my anger, while the looming treatment brought exhaustion. Knowing his path forward was vital for us both."
66597efb84cb793eeaa06ef8_20260226_200652_69a0a2d3,"Yesterday, my father was diagnosed with lymphatic cancer, and it was quite emotional for me. He had been suffering for six months, and it felt like things had come to an end with the diagnosis. I wanted to feel relief because we did not know what was wrong with him. I had a cocktail of emotions. Firstly, I was angry that the diagnosis took so long, then stressed that he now faces a long period of treatment, and tired because this has been mentally exhausting. It was important to me to talk to the consultant to determine his treatment programme.",congruence,0.0,0.21818181818181817,0.03773584905660377,0.14545454545454545,0.8756788969039917,True,The situation did not hurt me physically but it hurt me emotionally. However I feel my emotions are now becoming more regulated.,"It hurt my heart deeply, yet it forced me to finally act. The anger and stress pushed me to meet the consultant, turning my exhaustion into a drive to secure his treatment plan."
674c8549a9fd90b7c8dda9d3_20260226_180330_69a0881f,"I recently made a big transition from trading options in the stock market to trading futures. Just about two days ago, I blew my account. My goal is to switch to day trading full-time, and I switched to futures because they're supposed to be better and it's what prop firms would want me trading. After this happened, I felt very defeated. I had put so much time and effort into getting better, and all it took was me breaking my own rules for a second to lose over half of my account. I keep telling myself it's all part of the process. I know this, but it doesn't hurt any less for sure.",control,0.0,0.14545454545454545,0.0,0.14545454545454545,0.8772233724594116,True,"I lost control the second I started panicking. Even though I made the money back for a moment, the panic carried over and disrupted my system, causing me to make a bad decision.","No, I felt completely out of control. One tiny rule break erased months of hard work and my entire account in seconds."
67a5c743b431ff0a1160ed28_20260227_152718_69a1b6be,"My mum is buying things for my sister, and not for me, because I earn more money. I just want to be treated fairly. I don't see why she should get money because she has two kids, and then still get to buy luxuries, whilst I have to save for my things. It leaves me feeling like I am expected to be more independent, and I don't matter because I don't have children. I just don't think I'm being treated fairly.",relevance,0.0,0.18181818181818182,0.0,0.14545454545454545,0.8605186343193054,True,"It happened a couple of days ago, and it doesn't matter to me too much. I still have a better life, but it annoys me still.",It mattered deeply. Seeing her buy luxuries for my sister while I save hurts. I feel unvalued and unfairly treated just because I don't have children yet.
5d959fdf9cf6ab001982afee_20260228_192404_69a33d3d,"I went on a short family holiday to a really nice place in the country. It was a small village that was pretty, with a castle and nice pubs and restaurants. The trip went well, and it was good family time. We love to travel, so we were looking to achieve a few things: travel somewhere new, see some new places, and cover a new area of the country. We wanted to make some family memories and help our children learn and grow. I was aiming for a nice, good value holiday that was busy but overall relaxing. I felt fine overall after the trip and am keen to do more, go somewhere else, and spend similar time as a family again. It was a positive experience and it contributes to my family's overall life goals. Value is important to me, as I like to remain frugal. Food and drink are also important to us, but mainly, it's crucial that our children are fulfilled, meaning they get time to play, relax, and see something interesting.",control,0.0,0.18181818181818185,0.03773584905660378,0.14545454545454548,0.865719735622406,True,We're always in control. Even if it feels like we're not. Nothing bad happened here so we were able to control the narrative and the pace somewhat.,"Yes, I felt in control. I planned every detail to balance value, relaxation, and my children's needs. Seeing them fulfilled confirmed my choices were right."
57fa9d61bd8a970001fde2c6_20260301_180805_69a47e3e,"My friend was talking about the anniversary of the death of her husband, who was also my friend. It was nice to recall good memories rather than dwelling on their actual death. There was a slight feeling of sadness that they were no longer here, but it was also uplifting to reminisce and share our feelings. It was important to me that my friend felt comfortable talking about it with me.",certainty,0.0,0.2439024390243902,0.0,0.14634146341463417,0.8781977295875549,True,I was surprised at how comfortable my friend was discussing her memories without getting upset.,"Yes, everything unfolded exactly as I hoped. Her comfort in sharing memories, rather than grief, was the perfect outcome. That shared warmth was all I needed."
5abbe13268b65b00018cf94b_20260227_172233_69a1d127,"I passed my final probation at work, which means I'm now an early career teacher and can move up the pay scale. This whole experience has left me feeling proud and relieved. It was really important to me to maintain my high standards throughout the probation period, and the pay rise is also a significant factor for me. Teaching is my passion, and I find immense joy in inspiring and educating my students. Being able to continue doing what I love while advancing in my career is incredibly fulfilling.",relevance,0.0,0.22222222222222224,0.038461538461538464,0.14814814814814814,0.8735347390174866,True,It was today. I was in my classroom. It mattered a great deal to me because it was a moment that was long awaited.,"It mattered immensely. Passing probation secured my future as a teacher, validating my high standards and passion for inspiring students while finally allowing me to advance my career and pay."
5e6ce118673e50000c303890_20260227_200304_69a1f5eb,"I went away for a few days with my family, and it was an emotionally positive experience. I wanted to escape from work and other commitments that have been emotionally draining. For those few days, I felt like there was nothing to worry about, just enjoy the moment. The clean, clear air and the area we were at was quiet and isolated. We were the only people for miles.",accountability,0.0,0.33333333333333326,0.11538461538461538,0.14814814814814814,0.8770015835762024,True,Being with my family in a quiet part of the world was most responsible for making this experience what it was.,"I felt it was the quiet, isolated air and the simple act of leaving everything behind. Being alone with my family, far from work, made me realize that peace comes from stepping away."
671a35e007e5342c31f94fa7_20260307_163918_69ac527e,"Sometimes when I'm alone, I find myself getting emotional. In those moments, I really need comfort. Being by myself can leave me feeling sad and lonely.",relevance,0.0,0.2962962962962963,0.07692307692307693,0.14814814814814814,0.9008251428604126,True,The event happened on a Saturday night when I was sitting at home feeling lonely. It mattered to me because I felt very alone.,"It mattered deeply. That loneliness felt overwhelming, and I desperately needed comfort. Being alone left me feeling small and sad, making those moments of emotional vulnerability incredibly significant to me."
5abbe13268b65b00018cf94b_20260227_172233_69a1d127,"I passed my final probation at work, which means I'm now an early career teacher and can move up the pay scale. This whole experience has left me feeling proud and relieved. It was really important to me to maintain my high standards throughout the probation period, and the pay rise is also a significant factor for me. Teaching is my passion, and I find immense joy in inspiring and educating my students. Being able to continue doing what I love while advancing in my career is incredibly fulfilling.",congruence,0.0,0.1791044776119403,0.030769230769230767,0.14925373134328357,0.8640623092651367,True,"It helped me in my career, I am now an established teacher. If anything could hurt me from it is the fact I won’t be as cheap to employ anymore.","This situation helped me immensely. Passing probation validates my passion for teaching and secures my future. The pay rise eases financial stress, allowing me to focus entirely on inspiring my students with renewed pride and relief."
5dceca2541afe801a32e27ac_20260223_201647_699cb17d,"I have a close personal friend who I've known for over 25 years, and she has a granddaughter with some mental issues. I've known the granddaughter her entire life. Recently, the granddaughter has been living with my friend for a few months while she looks for a job and a place of her own. At first, they were getting along well, but now there's a lot of tension between them, and my friend wants to talk to me about it constantly. No matter what I say or recommend, it doesn't seem to please her. I'm at a point where I really don't want to talk to my friend about this situation anymore, but I don't know how to tell her. I keep suggesting that she seek counseling for her granddaughter and encourage her to move out. I don't want to be disloyal, but my friend insists on leaving things the way they are. It's very important to me that the granddaughter gets help with her mental issues, and I also want my friend to not be constantly stressed out because she has health issues of her own.",control,0.0,0.25,0.0,0.15,0.8877190947532654,True,I never feel like I am in control of this situation and neither is anyone else.,"No, I felt powerless. My advice is ignored, and I'm exhausted by her constant requests, leaving me unable to help either of them."
5e6ce118673e50000c303890_20260227_200304_69a1f5eb,"I went away for a few days with my family, and it was an emotionally positive experience. I wanted to escape from work and other commitments that have been emotionally draining. For those few days, I felt like there was nothing to worry about, just enjoy the moment. The clean, clear air and the area we were at was quiet and isolated. We were the only people for miles.",relevance,0.0,0.2641509433962264,0.0,0.1509433962264151,0.8838236331939697,True,"The event mattered because I needed the break from my normal life, just a few days to recharge.","It mattered immensely. For the first time, the weight of my draining work vanished. In that quiet, isolated place with only clear air and my family, I finally felt free to just exist without worry."
5ff07b5ee7a1d23e719e421e_20260227_145116_69a1ad7e,"I went and sat with my baby brother, who is 64, while he had his chemo treatment. I'm very sad that he has to go through this, and it doesn't look like his chances are very good, but he's a fighter. I sat with him for 2 hours, and he and all the other chemo patients in the room were talking and having a good time joking about their situation. It was uplifting, but also sad. I was trying to give him moral support. It left me feeling sad for all the people that have to go through this type of thing. It also made me feel glad that I could be there for him, especially since his wife died a few years ago and I didn't want him to be alone. Just being there to support him was important to me.",relevance,0.0,0.22641509433962265,0.03921568627450981,0.1509433962264151,0.8841345310211182,True,"It mattered a lot to me, because I was the only one he has to be with him.","It mattered immensely. Seeing him laugh with others brought hope, yet his illness weighs heavily. Knowing I wasn't alone for him, especially after his wife's passing, gave me profound purpose in that moment."
699e34aff8af247c3aa29bf4_20260306_203348_69ab3862,"I won 500 dollars in the PayPal Crypto sweepstakes last week, and I was thrilled. I've never really won anything before, so this was an emotional experience for me, and I have to say it was pretty cool. I was trying to win by pure luck, and it happened, which made me happy. It left me feeling absolutely wonderful. I feel great knowing that I've won something in my life through a sweepstakes. The money is always nice—everyone can use 500 dollars for something, although I'll be investing mine.",accountability,0.0,0.2264150943396226,0.03921568627450981,0.15094339622641512,0.8639195561408997,True,Luck was purely involved and the fact that I bought crypto on PayPal at just the right time after I filled out that sweepstakes entry.,"I felt pure luck was most responsible. It was that random chance that made my dream come true, leaving me absolutely thrilled and grateful for this unexpected windfall."
5a8367b9190420000155ec2a_20260301_201036_69a49ba2,"I was awarded a promotion that I had put a lot of effort into achieving. I had been unsure whether I would get the promotion, so I was trying to secure it by impressing my boss and senior management. When I finally got the promotion, it left me feeling shocked, surprised, proud, and grateful. It reassured me that I was capable of achieving something which I previously had doubts about.",certainty,0.0,0.3037974683544304,0.07792207792207793,0.1518987341772152,0.8720391988754272,True,"Things went mostly as expected. I felt I was a strong choice for the promotion and that I would ultimately be successful. However some elements of the process were unexpected, such as the time it took and points where not all information was communicated to me.","No, I was shocked. I feared rejection after working so hard to impress leadership. The surprise of the promotion shattered my doubts, leaving me overwhelmed with pride and gratitude for this unexpected validation."
5fdbae0584b3a90525410347_20260302_161620_69a5b646,"I had a fantastic day on Saturday. The weather was nice, so I decided to get out of the house and run some errands. I needed to pick up a few groceries and drop off some recycling. Everyone I met was friendly and happy, which made the experience even better. I came home feeling happy and content, having accomplished everything without feeling anxious.",relevance,0.0,0.20512820512820512,0.0,0.15384615384615383,0.8762956261634827,True,The event happened on Saturday and mattered a great deal to me.,"It mattered immensely. That simple, anxiety-free day restored my peace. The friendly smiles and completed tasks made me feel truly content and grateful for the moment."
603b7527efab507a7a9208d0_20260301_135445_69a4435e,"Me and my husband had a massive argument that really upset me. I wanted to know that we are still a team, but the situation left me feeling neglected and hurt.",accountability,0.0,0.15384615384615383,0.08,0.15384615384615383,0.8827639818191528,True,"I felt like I was most responsible for all of this, as if I had done something I wasn't aware of.","I felt solely responsible for letting my anger consume us, forgetting that we are a team. My hurt stemmed from my own inability to communicate calmly, not from his actions."
5e6ce118673e50000c303890_20260227_200304_69a1f5eb,"I went away for a few days with my family, and it was an emotionally positive experience. I wanted to escape from work and other commitments that have been emotionally draining. For those few days, I felt like there was nothing to worry about, just enjoy the moment. The clean, clear air and the area we were at was quiet and isolated. We were the only people for miles.",congruence,0.0,0.2692307692307692,0.0,0.15384615384615385,0.8821432590484619,True,The experience helped me realize that there is more to life and in the right environment I can switch off.,"It healed me. The isolation and fresh air washed away my work stress. For the first time in days, I felt truly free, with nothing but peace and quiet to focus on."
5f622fbe1fbbd21051cb28b3_20260226_170802_69a07c4e,"I had to go and speak to the Store Manager of the supermarket branch I work in about the way my shift supervisor spoke to me, which I found belittling and patronising. I wanted to be listened to and treated with more respect, so that I didn't dread coming into work or go away feeling upset. After the conversation, I didn't feel great - I didn't feel that he particularly agreed with my analysis or that he was very sympathetic. None of this is necessary, since the other three shift supervisors I work with are lovely. Which is another way of saying the problem is him, not me!",relevance,0.0,0.2153846153846154,0.03174603174603175,0.15384615384615385,0.8818862438201904,True,"The event made me feel shitty, and I came away from the shift so angry that it affected my entire weekend. I am 44 years old and should not be spoken to like that.","It mattered deeply. His disrespect made me dread work and feel upset. I needed validation, but his lack of sympathy left me feeling unheard, even though my other supervisors are wonderful."
665c738a0fa99b0a682780f2_20260305_225050_69aa0631,"My 20-year-old cat broke her tooth and has been in a lot of pain while we wait for our veterinarian appointment. I really needed her not to be in pain and to start eating and drinking again. I've had to force feed her for the last two days. It feels like I'm the one with a broken tooth because I love my cat so much, and it hurts me when she's in pain. It's all I can think about. On top of that, my wife hasn't been supportive and suggested putting the cat down instead of fixing its tooth. I've known this cat longer than I've known my wife.",congruence,0.0,0.1923076923076923,0.0,0.15384615384615385,0.8738163113594055,True,This situation has been emotionally draining on me and has hurt my ability to function.,"This pain hurts me deeply, mirroring my own broken tooth. Her suggestion to end her life feels like a betrayal, shattering our bond. I am exhausted from force-feeding, torn between love and despair, waiting for relief."
6818aa3b091f461c436e4f12_20260301_153141_69a45a95,"My football team scored a goal, and I was thrilled because I really wanted my team to win the game. The feeling was incredible—I was elated and excited. What made it even more special was sharing the experience with my family.",certainty,0.0,0.15384615384615385,0.0,0.15384615384615385,0.8700069785118103,True,"I expected a win so that was good, but there is always doubt in sport.","Yes, everything went exactly as I hoped. Scoring that goal and seeing my family's joy was the perfect, unexpected highlight of our victory."
69932ccc26c39ba9a7a39642_20260220_185530_6998ab77,"My cousin was diagnosed with cancer, and this really made me sad. I'm not happy with the situation, and I feel like I need help figuring out what to do, if there's anything I can do to help him. It's important to me to make sure my cousin lives.",control,0.0,0.2051282051282051,0.0,0.15384615384615385,0.8781920075416565,True,I am not in control of this situation because he lives far away from me.,"No, I felt completely out of control. The diagnosis shattered my certainty, leaving me helpless and desperate to find any way to save him."
577a0a7aadbc7500015d2479_20260306_185456_69ab207b,"I finished my most recent university assignment, proofread it, and handed it in early. I'm doing a BSc in Public Health and Wellbeing with the Open University, and I was trying to achieve handing in a completed assignment. To do this, I needed peace and quiet. Once I had handed in my assignment early, I felt very good and treated myself to a new TV since my current one has been broken for a bit. I felt good that I managed to hand it in, rather than go over it every day for days. One thing that has stuck with me is something a lecturer said: you get 80% of the mark in 20% of the time, and 20% of the mark in the other 80%, so I try to remember that. I felt I relied on myself well. On a previous degree, we were encouraged to get friends to proofread it for you, but my current university discourages this.",relevance,0.0,0.18181818181818182,0.0,0.15584415584415584,0.8532540798187256,True,"It is very important to me that I succeed with this course. 16 years ago I started a DPhil at Oxford, but had to drop out because of my health. Because of this, I am lacking in confidence about studying, but doing my BSc is helping me become more confident.","It mattered immensely. Finally submitting my assignment brought immense relief and pride. I rewarded myself with a new TV, feeling I relied on my own skills effectively."
669677d986a5a20026bbf20e_20260228_134651_69a2ef80,"My daughter, who has had her struggles with mental health, made me feel very proud this week. She managed the demands of her new job while also looking after her boyfriend, who is ill. I was just observing how proud I was of her development. I felt very proud of her and wanted to convey this to her without being patronizing. It's important that she knows how proud I am of her, especially since she often feels her brother is 'more impressive.'",certainty,0.0,0.19607843137254902,0.0,0.1568627450980392,0.8595728874206543,True,I expected her to need to come home but she didn't. This was great!,"Yes, exactly as I hoped. Seeing her balance work and caring for her boyfriend confirmed her growth. I felt a quiet pride, ready to share it gently, knowing she needed to hear it more than ever."
59fc8a30087f2e0001ead66d_20260303_162019_69a70805,"I recently received a letter from the hospital, and I was shocked because it used words like 'urgent.' I only read the letter online and didn't get my physical copy, which made me panic. I needed an explanation because it was quite scary. The whole situation left me feeling disregarded and unimportant. It was important for me to express my emotions and upset, so I found the right person to speak to. They conducted investigations for me and then explained everything in a phone call.",congruence,0.0,0.27450980392156865,0.0,0.15686274509803924,0.8809270262718201,True,"It hurt me due to the emotion it caused, but it helped me stand up for myself and complain about the treatment I received.","The panic hurt, but their investigation and call helped. I felt heard again, not disregarded. The explanation eased my fear, restoring my sense of importance and safety."
5cfebb94eafc4d001a62cbc9_20260221_200507_699a0ef8,My young son fell and cut his head. I immediately wanted to provide first aid to make sure he was okay and check that it wasn't a serious injury. The situation left me feeling guilty and worried.,control,0.0,0.15789473684210525,0.05555555555555555,0.15789473684210525,0.8585782051086426,True,No as I did not catch him.,"No, I felt completely out of control. My son's sudden fall and bleeding head shattered my calm, leaving me paralyzed by fear and overwhelming guilt as I rushed to help."
671a35e007e5342c31f94fa7_20260307_163918_69ac527e,"Sometimes when I'm alone, I find myself getting emotional. In those moments, I really need comfort. Being by myself can leave me feeling sad and lonely.",congruence,0.0,0.21052631578947367,0.0,0.15789473684210528,0.8930022716522217,True,The situation hurt me because I felt very alone.,"It hurt, leaving me isolated in my sadness. Yet, it taught me to seek connection, turning my loneliness into a quiet plea for the warmth I so desperately need."
60e85190b9cffd8fed0a064f_20260306_144837_69aae582,"My dad has prostate cancer and recently had his yearly blood test. The results came back, and unfortunately, his condition had worsened. He was supposed to receive a phone call from his doctor on a specific day to discuss the results, but the call never came. I was really worried about what would happen next and was hoping for some clarity and communication from the doctor regarding my dad's condition. The situation left me feeling annoyed and still worrying, which could have been avoided if the doctor had called as planned. Since it's cancer, time is always crucial. The quicker they act, the better the chances of it being able to be helped.",control,0.0,0.22580645161290322,0.03333333333333333,0.16129032258064516,0.8747572302818298,True,No I didn't feel like we were in control at all as we then had to leave a message on an answer machine at the hospital and wait for someone to return the call.,"No, I felt powerless. Waiting for a call that never came while my father's cancer worsened left me anxious and helpless, unable to act without clarity."
643ebfff661435ecda5a3580_20260228_190856_69a33952_c5,"A dear friend of mine had a terrible accident where she fell and broke her neck in two places, along with her tailbone, hip, and pelvis. She also has COPD, and the hospital overdosed her twice, making her oxygen levels very bad and hard to control. I've been following her situation closely and talking to her, but she's not out of the woods yet. I sent her a bear that says 'I f...... love you,' which is a good support for her neck and cheers her up. It's tough because I live in Michigan and she lives in Oklahoma, so I can't see her in person. I have COPD too, so I guess I'm more worried about the pain she's going through and the unstable oxygen levels she's experiencing, along with her lungs filling up. I just don't want her to be in pain.",relevance,0.0,0.18018018018018017,0.01834862385321101,0.16216216216216217,0.8541544675827026,True,"The event happened on February 18 at around 5:00. It mattered to me greatly because I was totally shocked and dismayed. It hurt me because I couldn't be there and I couldn't care for her. I think I was put on this earth to care for people and animals. I cared and helped take care of my BFF for years, my father, my mother, and a few others. I enjoy taking care of them.","It mattered immensely. Her pain and unstable oxygen levels terrify me, especially since I share her COPD. Distance makes my help feel limited, but sending the bear is my way of easing her suffering."
60e25008f1ecf0be303353bb_20260228_165505_69a31c2f,My first son moved out of the house and into his own place. I'm really excited for him because it's a great opportunity for growth. I'm feeling proud of him. I also need to make sure his mom and my other son are okay with the change and adapt well.,relevance,0.0,0.20408163265306123,0.0425531914893617,0.16326530612244897,0.8801292777061462,True,It mattered a great deal since it is a massive life change for him and I want to make sure he feels supported.,"It mattered immensely. Seeing my son grow was my greatest joy, yet I worried deeply about my wife and other son adapting to this new chapter."
63e51be37501e0245d559a51_20260301_163127_69a46903,"I went to my future baby's scan, hoping that everything would be great healthwise. I felt happy because everything is going smoothly. It was important to me that my partner felt fine emotionally too.",relevance,0.0,0.16326530612244897,0.0425531914893617,0.16326530612244897,0.8770846128463745,True,"The event happened on Tuesday last week and it mattered because when you have a new baby, you want it to be completely healthy.","It mattered immensely. Seeing our baby healthy brought me pure joy, but ensuring my partner felt emotionally secure was equally vital for our shared happiness."
67883d53705991d641bb1743_20260307_193358_69ac7a95,"I was in my room, singing and enjoying some privacy and comfort, when my mom suddenly came in. I thought my door was still locked, so seeing her standing there in the doorway scared me almost to death. My body reacted nervously, and I felt my stomach tighten and then tear from my diaphragm down into my bladder. It left me in dire pain, and I couldn't sleep all night because my stomach kept filling up with pain and gas. My mom totally hurt me and ruined my day.",relevance,0.0,0.22950819672131145,0.03389830508474577,0.16393442622950818,0.8939780592918396,True,"The event mattered significantly to me because all I wanted was a moment of privacy to enjoy singing, but I couldn't even have that. My mother added to my already existing conditions, leaving me in total pain.","It mattered immensely. Her sudden intrusion shattered my safety, causing excruciating physical pain that ruined my entire day and left me in agony."
65e6edd1a876f1d8487f379b_20260305_231620_69aa0cf4,"A friend that I had a falling out with a couple of years ago just recently contacted me, and I haven't responded to him yet. I just want to know if he's in a good place and if he's wanting to change from how he was before when our friendship ended. The whole situation is mostly negative for me; it's stressful and causes me anxiety. I'm worried about how I will be personally judged after making no life progress in the last couple of years since we last talked. I feel embarrassed.",relevance,0.0,0.24657534246575347,0.0,0.1643835616438356,0.882265031337738,True,"The event happened recently when my friend contacted me. It matters to me because the situation is mostly negative, causing stress and anxiety. I'm worried about being personally judged after making no life progress in the last couple of years since we last talked, and I feel embarrassed.","It mattered immensely. His message triggered deep anxiety about my stagnation and fear of judgment, making every second of silence feel heavy and embarrassing."
699e34aff8af247c3aa29bf4_20260306_203348_69ab3862,"I won 500 dollars in the PayPal Crypto sweepstakes last week, and I was thrilled. I've never really won anything before, so this was an emotional experience for me, and I have to say it was pretty cool. I was trying to win by pure luck, and it happened, which made me happy. It left me feeling absolutely wonderful. I feel great knowing that I've won something in my life through a sweepstakes. The money is always nice—everyone can use 500 dollars for something, although I'll be investing mine.",congruence,0.0,0.2916666666666667,0.08695652173913045,0.16666666666666666,0.8789083361625671,True,It helped me live out my dream of winning something in a sweepstakes.,Winning 500 dollars lifted my spirits and gave me hope. It helped me feel accomplished and excited about investing. This unexpected luck brought pure joy and a sense of possibility I had never experienced before.
604075b84fd86b284480eaa9_20260301_191339_69a48e64,"I'm struggling with my financial situation due to health issues, and it's causing me a lot of stress to pay the high price of my health insurance. My partner's benefit check also got delayed, which has added more stress, making it difficult to manage. I've been feeling very sad, anxious, and stressed out trying to afford basic necessities to live, and it's caused me a lot of pain and exhaustion. I'm trying to find any way that I can to make more money and support my partner and myself. It's been a challenging road, and I need more money to feel okay. The situation has left me feeling sad, anxious, stressed, and exhausted, and I also feel some shame. It's important to me that my partner and I have enough money to survive.",accountability,0.0,0.30000000000000004,0.0689655172413793,0.16666666666666669,0.8772274851799011,True,I think that I'm a little responsible for struggling to manage my financial needs. I think the economy and government is also to blame for the higher prices of everything.,"I blame the system and my own health. The delayed check and high costs feel like cruel blows, leaving me exhausted and ashamed for struggling to keep us alive."
604075b84fd86b284480eaa9_20260301_191339_69a48e64,"I'm struggling with my financial situation due to health issues, and it's causing me a lot of stress to pay the high price of my health insurance. My partner's benefit check also got delayed, which has added more stress, making it difficult to manage. I've been feeling very sad, anxious, and stressed out trying to afford basic necessities to live, and it's caused me a lot of pain and exhaustion. I'm trying to find any way that I can to make more money and support my partner and myself. It's been a challenging road, and I need more money to feel okay. The situation has left me feeling sad, anxious, stressed, and exhausted, and I also feel some shame. It's important to me that my partner and I have enough money to survive.",relevance,0.0,0.16901408450704225,0.05797101449275362,0.16901408450704225,0.8732031583786011,True,The event happened around January when I had to take a trip to the Mayo Clinic to see some specialists for my health issues. This has put me behind on rent and other bills coupled with trying to pay the higher price for my health insurance this year.,"It mattered immensely. The financial strain from my health issues and delayed benefits left me exhausted, anxious, and ashamed, threatening our very survival."
63cedafa29d08471b828a96a_20260220_193701_6998b4d4,"A group of men came to stay in our village from London, and they were trying to break into cars and houses, which was really intimidating for the residents. This was very scary because things like this don't usually happen around here. I needed to go to the shop, but I knew they were hanging around there, so I decided to go without and stayed at home instead. I also stayed up late, feeling scared in case they tried to break into my home. Living on my own, I felt scared and lonely. This whole situation made me realize I need to make plans, just in case scary things like this ever happen again.",relevance,0.0,0.2535211267605634,0.02898550724637681,0.16901408450704225,0.881489634513855,True,It happened 5 days ago. It mattered to me because I should not be made to feel scared in my own home. I moved away from a town to the countryside to avoid experiences like this.,"It mattered immensely. The fear of those men breaking in shattered my sense of safety. Staying home alone, terrified and lonely, forced me to realize I must plan for such dangers before they strike again."
6818aa3b091f461c436e4f12_20260301_153141_69a45a95,"My football team scored a goal, and I was thrilled because I really wanted my team to win the game. The feeling was incredible—I was elated and excited. What made it even more special was sharing the experience with my family.",congruence,0.0,0.2978723404255319,0.044444444444444446,0.1702127659574468,0.8738596439361572,True,It helped me by giving my team a better chance to climb the table and potentially get promoted.,"Scoring that goal helped me immensely. The thrill of victory and sharing it with my family made me feel incredibly elated and united, lifting my spirits to new heights."
63e51be37501e0245d559a51_20260301_163127_69a46903,"I went to my future baby's scan, hoping that everything would be great healthwise. I felt happy because everything is going smoothly. It was important to me that my partner felt fine emotionally too.",certainty,0.0,0.17142857142857143,0.12121212121212123,0.17142857142857143,0.9003992676734924,True,Things went perfectly as expected which is great.,"Yes, everything went perfectly as I hoped. The baby was healthy, and my partner felt calm and happy. That shared relief was the best surprise of all."
6631dd70c1393b01137d8453_20260228_163013_69a31305,"I was informed that I had received a promotion at work, which meant I would be working my last week at the store I was currently at. I was trying to improve my standing in the organization with this promotion, and I needed positive reinforcement from my employees and peers. Overall, I felt positive about the promotion, but it was also bittersweet because I had grown close to a lot of the employees at my old location, and I will miss them. It was important to me to receive validation from my former employees that they enjoyed working with me and felt I did a good job.",accountability,0.0,0.17142857142857143,0.0,0.17142857142857143,0.8487029671669006,True,"Myself, my employees, my peers, my supervisors.","I felt my own hard work and dedication were most responsible. My efforts earned this promotion, yet my genuine care for the team made this transition so bittersweet."
669677d986a5a20026bbf20e_20260228_134651_69a2ef80,"My daughter, who has had her struggles with mental health, made me feel very proud this week. She managed the demands of her new job while also looking after her boyfriend, who is ill. I was just observing how proud I was of her development. I felt very proud of her and wanted to convey this to her without being patronizing. It's important that she knows how proud I am of her, especially since she often feels her brother is 'more impressive.'",relevance,0.0,0.17241379310344826,0.03571428571428571,0.17241379310344826,0.8856531381607056,True,It mattered to me a great deal as I always seize the opportunity to try to build her confidence.,"It mattered immensely. Seeing her balance work and caring for her sick boyfriend proved her strength. I needed her to know I saw her, especially since she often feels overshadowed by her brother. Her pride was my greatest joy."
58f63e3a5129080001111304_20260306_175958_69ab11b4,"I was standing with a can of Pepsi, ready to drink it, when it suddenly dropped. I managed to catch it, but it fizzed up and went everywhere, including all over my laptop. I needed to drink the Pepsi, but instead, I was left feeling very upset and angry. I was so annoyed and upset that I nearly burst into tears at the thought that I might have broken the laptop. To make things worse, I had to spend a long time cleaning up afterward, which just added to my frustration.",relevance,0.0,0.21739130434782608,0.04545454545454546,0.17391304347826086,0.8849210143089294,True,It happened earlier this afternoon. It really mattered at the time as I thought I'd broken my laptop.,"It mattered immensely. My laptop was ruined, and the wasted drink made me furious. Cleaning up took forever, leaving me devastated and on the verge of tears."
5a5a6ed7f6c517000195029e_20260301_174848_69a47840,"My horse suddenly developed lameness, and I was really worried about what he had done. I needed to know what was wrong with him and how to make it better. The situation left me feeling sad and scared. I just needed him to get better.",control,0.0,0.17391304347826086,0.045454545454545456,0.17391304347826086,0.8934459686279297,True,"No, because I didn't have the resources to know how to help him.","No, I felt completely out of control. His sudden lameness terrified me, and I had no idea how to fix it. All I could do was worry while hoping he would heal."
5f4a7a00dc1bde60ab8f7ac5_20260227_182021_69a1df78,"I'm feeling really frustrated because I don't have enough money to pay down my credit card debt. It's like I'm being drowned in bills and I just can't manage my debt adequately with my current income. This whole situation leaves me feeling like I'm sinking. On top of that, it's important for me to handle this without stressing out my elderly mom, who's prone to anxiety.",certainty,0.0,0.17391304347826086,0.0,0.17391304347826086,0.8627820611000061,True,"Things went as expected, but my expectations were incredibly low to begin with.","No, I expected to manage, but the bills piled up faster than I could pay. Seeing my mom's anxiety rise when I tried to hide my stress was the worst unexpected part."
601fd27860b197531ca7bdcc_20260220_222742_6998dd89,My sister-in-law was talking to me about an eating disorder that she previously had issues with. I was helping her to fill in a disclosure form for a job. I was surprised by what I'd learnt and hoped I'd dealt with it sensitively. Nothing was more important to me in that moment than to show care and consideration.,relevance,0.0,0.2173913043478261,0.0,0.17391304347826086,0.8815686702728271,True,The event mattered hugely to me because my sister-in-law was disclosing something sensitive to me.,It mattered immensely. Her vulnerability during our work moment made me realize how crucial my sensitivity was. Showing genuine care and consideration became my absolute priority in that instant.
5f4a7a00dc1bde60ab8f7ac5_20260227_182021_69a1df78,"I'm feeling really frustrated because I don't have enough money to pay down my credit card debt. It's like I'm being drowned in bills and I just can't manage my debt adequately with my current income. This whole situation leaves me feeling like I'm sinking. On top of that, it's important for me to handle this without stressing out my elderly mom, who's prone to anxiety.",control,0.0,0.3043478260869565,0.09090909090909091,0.1739130434782609,0.8838551640510559,True,I feel like I'm doing my best but the situation is devolving out of control.,"No, I felt completely out of control. The bills were drowning me, and my income couldn't keep up. I was terrified of sinking further and hurting my anxious mom."
67883d53705991d641bb1743_20260307_193358_69ac7a95,"I was in my room, singing and enjoying some privacy and comfort, when my mom suddenly came in. I thought my door was still locked, so seeing her standing there in the doorway scared me almost to death. My body reacted nervously, and I felt my stomach tighten and then tear from my diaphragm down into my bladder. It left me in dire pain, and I couldn't sleep all night because my stomach kept filling up with pain and gas. My mom totally hurt me and ruined my day.",certainty,0.0,0.17543859649122806,0.0,0.17543859649122806,0.8737318515777588,True,It was completely unexpected and uncalled for. My mother turned it all around on me to make me feel worse than she already made me.,"No, nothing went as expected. I thought my door was locked and I was safe. Seeing my mom standing there shattered my privacy and terrified me, causing physical pain I still feel."
63f77bdf07da8d9275eee1e4_20260301_213834_69a4b0cd,"My wife and I have this little tradition where we buy scratch-off tickets from the gas station each week just for fun. This time, we both won; she got $15 and I got $10, which was awesome. Even though it wasn't a huge amount, it felt great to finally win. The whole experience made us feel good and was really positive. We were just trying to have fun and enjoy some time together, and winning money was a nice bonus. It made me feel like a winner, and spending that time with my wife was really cool.",relevance,0.0,0.20588235294117646,0.060606060606060615,0.1764705882352941,0.8678730726242065,True,It happened this past Friday. It mattered a lot to me because it was an overall positive experience that had a good thing happen after a long week.,"It mattered immensely. Winning $10 and $15 together felt like a pure victory. It wasn't about the cash; it was the joy of sharing that moment with my wife, proving our little tradition brought us real happiness and connection."
5e8d0c7d40d8520da1903a86_20260223_204912_699cbc4b,"A person I know recently finished a big project at work that they had been working on for several weeks. At first, they felt stressed and overwhelmed because there were tight deadlines and unexpected problems. In the end, the project was successful, and their team appreciated their effort. The situation ended on a positive note, and they felt relieved and proud once it was over. Being around them, I felt their stress along the way. I was trying to provide a listening ear and give support when I could. I felt good in the end, seeing others' triumph is beautiful.",control,0.0,0.17647058823529413,0.0625,0.17647058823529413,0.8756811022758484,True,"No, I was just a bystander.","No, I never felt fully in control. Their stress was so heavy it pulled at me. Yet, seeing their triumph finally brought me peace, knowing my support mattered."
577a0a7aadbc7500015d2479_20260306_185456_69ab207b,"I finished my most recent university assignment, proofread it, and handed it in early. I'm doing a BSc in Public Health and Wellbeing with the Open University, and I was trying to achieve handing in a completed assignment. To do this, I needed peace and quiet. Once I had handed in my assignment early, I felt very good and treated myself to a new TV since my current one has been broken for a bit. I felt good that I managed to hand it in, rather than go over it every day for days. One thing that has stuck with me is something a lecturer said: you get 80% of the mark in 20% of the time, and 20% of the mark in the other 80%, so I try to remember that. I felt I relied on myself well. On a previous degree, we were encouraged to get friends to proofread it for you, but my current university discourages this.",control,0.0,0.24444444444444444,0.04545454545454545,0.17777777777777778,0.8692086935043335,True,"I did feel like I was in control throughout. This is because the assignment was totally reliant on me rather than with peers, and I got to choose a peer-reviewed journal article to comment on in the assignment, so I could pick something that interested me. And I was in control of when and how I studied.","Yes, I felt in control. Handing it in early and buying the TV proved I could manage my time. I relied on my own proofreading, remembering the lecturer's advice about efficiency."
59d3ef2c078dbe000195117f_20260220_140353_699866d7,"My husband was leaving for a month to travel for business, and I was really upset and sad about not being able to see him for that long. I wanted comfort during this time, but the thought of being apart for a whole month left me feeling very sad.",relevance,0.0,0.26666666666666666,0.0,0.17777777777777778,0.8756990432739258,True,The event mattered a lot to me because he is my husband and I live with him.,"It mattered immensely. His departure left a heavy void, and the thought of a month without him made my heart ache deeply, craving his presence above all else."
604075b84fd86b284480eaa9_20260301_191339_69a48e64,"I'm struggling with my financial situation due to health issues, and it's causing me a lot of stress to pay the high price of my health insurance. My partner's benefit check also got delayed, which has added more stress, making it difficult to manage. I've been feeling very sad, anxious, and stressed out trying to afford basic necessities to live, and it's caused me a lot of pain and exhaustion. I'm trying to find any way that I can to make more money and support my partner and myself. It's been a challenging road, and I need more money to feel okay. The situation has left me feeling sad, anxious, stressed, and exhausted, and I also feel some shame. It's important to me that my partner and I have enough money to survive.",control,0.0,0.17777777777777778,0.0,0.17777777777777778,0.8824188113212585,True,I do not feel like I'm in control because I don't set the rates for my healthcare.,"No, I felt completely out of control. The mounting bills, delayed checks, and exhaustion stripped away my agency, leaving me trapped by circumstances beyond my reach."
699e34aff8af247c3aa29bf4_20260306_203348_69ab3862,"I won 500 dollars in the PayPal Crypto sweepstakes last week, and I was thrilled. I've never really won anything before, so this was an emotional experience for me, and I have to say it was pretty cool. I was trying to win by pure luck, and it happened, which made me happy. It left me feeling absolutely wonderful. I feel great knowing that I've won something in my life through a sweepstakes. The money is always nice—everyone can use 500 dollars for something, although I'll be investing mine.",certainty,0.0,0.22222222222222224,0.046511627906976744,0.17777777777777778,0.8785322904586792,True,"I won the runner-up amount which was 500 dollars, which was unexpected.","No, I never expected to win. Pure luck struck when I was just trying to play. That sudden 500 dollars felt magical, leaving me absolutely thrilled and wonderful for the first time."
665c738a0fa99b0a682780f2_20260305_225050_69aa0631,"My 20-year-old cat broke her tooth and has been in a lot of pain while we wait for our veterinarian appointment. I really needed her not to be in pain and to start eating and drinking again. I've had to force feed her for the last two days. It feels like I'm the one with a broken tooth because I love my cat so much, and it hurts me when she's in pain. It's all I can think about. On top of that, my wife hasn't been supportive and suggested putting the cat down instead of fixing its tooth. I've known this cat longer than I've known my wife.",control,0.0,0.2857142857142857,0.03703703703703704,0.17857142857142858,0.886063277721405,True,"No, I have very little control as I cannot fix her tooth by myself and have to wait for a vet appointment while she is in pain.","No, I felt powerless. Forcing her food while my wife suggested euthanasia made me feel like I'm losing control over both my cat's pain and our relationship."
665c738a0fa99b0a682780f2_20260305_225050_69aa0631,"My 20-year-old cat broke her tooth and has been in a lot of pain while we wait for our veterinarian appointment. I really needed her not to be in pain and to start eating and drinking again. I've had to force feed her for the last two days. It feels like I'm the one with a broken tooth because I love my cat so much, and it hurts me when she's in pain. It's all I can think about. On top of that, my wife hasn't been supportive and suggested putting the cat down instead of fixing its tooth. I've known this cat longer than I've known my wife.",certainty,0.0,0.30303030303030304,0.03125,0.1818181818181818,0.8672782182693481,True,"I was hoping the vet would have an appointment immediately, but instead we have to wait 2 days for an appointment. I was expecting her to be able to go in sooner.","No, things did not go as expected. I hoped for her comfort and my wife's support, but instead faced her suggestion to euthanize while I struggled to force-feed her through the pain."
5a8367b9190420000155ec2a_20260301_201036_69a49ba2,"I was awarded a promotion that I had put a lot of effort into achieving. I had been unsure whether I would get the promotion, so I was trying to secure it by impressing my boss and senior management. When I finally got the promotion, it left me feeling shocked, surprised, proud, and grateful. It reassured me that I was capable of achieving something which I previously had doubts about.",congruence,0.0,0.2597402597402597,0.026666666666666665,0.18181818181818182,0.8663504123687744,True,"The promotion helped me by opening doors in my career, to take the next step up in my job and field of work. It also helped me by securing extra income, which will be helpful in my financial future. It did not hurt me in any way.","It helped me immensely by shattering my self-doubt. The shock turned to profound pride, proving I truly belong here. Gratitude fills me, knowing my hard work finally paid off."
5ff07b5ee7a1d23e719e421e_20260227_145116_69a1ad7e,"I went and sat with my baby brother, who is 64, while he had his chemo treatment. I'm very sad that he has to go through this, and it doesn't look like his chances are very good, but he's a fighter. I sat with him for 2 hours, and he and all the other chemo patients in the room were talking and having a good time joking about their situation. It was uplifting, but also sad. I was trying to give him moral support. It left me feeling sad for all the people that have to go through this type of thing. It also made me feel glad that I could be there for him, especially since his wife died a few years ago and I didn't want him to be alone. Just being there to support him was important to me.",congruence,0.0,0.21818181818181817,0.07547169811320756,0.18181818181818185,0.9036630392074585,True,It hurt me to see him going through this. It also made me feel happy that all the people there having treatment had a positive attitude.,"It hurt me seeing his struggle, yet it helped knowing I wasn't alone with him. His humor lifted my spirit, even as sadness lingered for all of us."
58f63e3a5129080001111304_20260306_175958_69ab11b4,"I was standing with a can of Pepsi, ready to drink it, when it suddenly dropped. I managed to catch it, but it fizzed up and went everywhere, including all over my laptop. I needed to drink the Pepsi, but instead, I was left feeling very upset and angry. I was so annoyed and upset that I nearly burst into tears at the thought that I might have broken the laptop. To make things worse, I had to spend a long time cleaning up afterward, which just added to my frustration.",accountability,0.0,0.2962962962962963,0.07692307692307691,0.18518518518518515,0.8735988140106201,True,"I think the Pepsi can was the most responsible, but I feel partly responsible for catching it instead of letting it drop.","It was the can. My clumsy fingers betrayed me, sending that fizzy liquid onto my laptop. That moment of failure made me feel utterly responsible for this mess and my own frustration."
5ff07b5ee7a1d23e719e421e_20260227_145116_69a1ad7e,"I went and sat with my baby brother, who is 64, while he had his chemo treatment. I'm very sad that he has to go through this, and it doesn't look like his chances are very good, but he's a fighter. I sat with him for 2 hours, and he and all the other chemo patients in the room were talking and having a good time joking about their situation. It was uplifting, but also sad. I was trying to give him moral support. It left me feeling sad for all the people that have to go through this type of thing. It also made me feel glad that I could be there for him, especially since his wife died a few years ago and I didn't want him to be alone. Just being there to support him was important to me.",control,0.0,0.25925925925925924,0.11538461538461538,0.18518518518518515,0.8888199925422668,True,"No, I felt like I had no control over the situation. If I could change the outcome I would have done so.","No, I felt powerless against his illness. Yet, being there for him, especially after his wife's death, gave me purpose. His humor and my presence were the only control I had."
604075b84fd86b284480eaa9_20260301_191339_69a48e64,"I'm struggling with my financial situation due to health issues, and it's causing me a lot of stress to pay the high price of my health insurance. My partner's benefit check also got delayed, which has added more stress, making it difficult to manage. I've been feeling very sad, anxious, and stressed out trying to afford basic necessities to live, and it's caused me a lot of pain and exhaustion. I'm trying to find any way that I can to make more money and support my partner and myself. It's been a challenging road, and I need more money to feel okay. The situation has left me feeling sad, anxious, stressed, and exhausted, and I also feel some shame. It's important to me that my partner and I have enough money to survive.",certainty,0.0,0.18604651162790697,0.04878048780487805,0.18604651162790697,0.8668584823608398,True,Things went as expected but they still suck to an extent.,"No, things did not go as expected. The delayed benefit check was the shock I feared most, turning manageable stress into overwhelming panic as I struggled to afford our basic survival needs."
655fb104e3d55d460e274ddf_20260228_215919_69a362e2,"One of my roommates ate my food, and this time it was my entire box of Quaker oatmeal. I wanted to take that particular food to work because it's easy to just heat up and go. I was upset and ended up being hangry since I didn't have money to buy food. I have a lot of roommates, and I was frustrated because they could have just asked for some instead of stealing.",certainty,0.0,0.32558139534883723,0.04878048780487805,0.18604651162790697,0.8708465099334717,True,No. I just have to buy more and keep it in my room.,"No, it did not go as expected. I anticipated sharing, not theft. The unexpected betrayal by my roommates left me hangry and frustrated, especially with no money to buy food."
67a5c743b431ff0a1160ed28_20260227_152718_69a1b6be,"My mum is buying things for my sister, and not for me, because I earn more money. I just want to be treated fairly. I don't see why she should get money because she has two kids, and then still get to buy luxuries, whilst I have to save for my things. It leaves me feeling like I am expected to be more independent, and I don't matter because I don't have children. I just don't think I'm being treated fairly.",control,0.0,0.186046511627907,0.0,0.186046511627907,0.8573414087295532,True,I wasn't in control at all; it's happening away from me because I don't live locally.,"No, I felt powerless. Watching her spend freely while I save makes me feel invisible and unfairly burdened by expectations I didn't choose."
577a0a7aadbc7500015d2479_20260306_185456_69ab207b,"I finished my most recent university assignment, proofread it, and handed it in early. I'm doing a BSc in Public Health and Wellbeing with the Open University, and I was trying to achieve handing in a completed assignment. To do this, I needed peace and quiet. Once I had handed in my assignment early, I felt very good and treated myself to a new TV since my current one has been broken for a bit. I felt good that I managed to hand it in, rather than go over it every day for days. One thing that has stuck with me is something a lecturer said: you get 80% of the mark in 20% of the time, and 20% of the mark in the other 80%, so I try to remember that. I felt I relied on myself well. On a previous degree, we were encouraged to get friends to proofread it for you, but my current university discourages this.",accountability,0.0,0.21176470588235294,0.048192771084337345,0.18823529411764706,0.8674132227897644,True,"I think I was most responsible for how things turned out. I was proactive in contacting my tutor to ask for some advice, which I have found difficult in the past. I made sure I did 30 mins to an hour each day, no matter how I felt, and encouraged myself to just write if I was struggling.","I felt most responsible. Relying on my own discipline, I secured the 80% mark in 20% of the time, proving I could succeed independently without external help."
5a8367b9190420000155ec2a_20260301_201036_69a49ba2,"I was awarded a promotion that I had put a lot of effort into achieving. I had been unsure whether I would get the promotion, so I was trying to secure it by impressing my boss and senior management. When I finally got the promotion, it left me feeling shocked, surprised, proud, and grateful. It reassured me that I was capable of achieving something which I previously had doubts about.",relevance,0.0,0.2588235294117647,0.024096385542168672,0.18823529411764706,0.8775068521499634,True,"The event happened two weeks ago. It mattered a great deal to me because securing the promotion would allow me to take the next step up in my career, along with extra responsibilities and a pay increase. It allowed me to earn the respect of my peers.","It mattered immensely. After months of doubt and relentless effort to impress leadership, this promotion proved I truly belong. It silenced my fears and filled me with profound pride and gratitude for my hard work finally paying off."
671a35e007e5342c31f94fa7_20260307_163918_69ac527e,"Sometimes when I'm alone, I find myself getting emotional. In those moments, I really need comfort. Being by myself can leave me feeling sad and lonely.",control,0.0,0.23809523809523808,0.05,0.1904761904761905,0.8902333378791809,True,I did feel like I was in control of the situation because I made myself switch emotions to happier ones.,"No, I felt powerless. The sadness overwhelmed me, and I couldn't stop the tears or the loneliness when I was alone."
5b9ca13a06114100010699b8_20260221_211806_699a1e71,"I went to the doctor with my daughter because she's struggling to eat a variety of food. I was hoping the doctor would give us some advice or refer us to a specialist for eating disorders, so we could get some expert help. Instead, the doctor told her she needed to try harder and said if she didn't, she wouldn't have a partner, have kids, or a job. Even after I expressed my concern that she might have an eating disorder, he dismissed it. I was very angry and felt hopeless. I also worried about my daughter and how it might have affected her listening to what the doctor said. I hoped that after going to the doctor, my daughter would feel as though she had been listened to and that there was hope for her to improve, but she was left feeling deflated.",relevance,0.0,0.23076923076923075,0.08,0.1923076923076923,0.8947093486785889,True,It mattered to me a lot as I wanted to help my daughter to feel better about what she was going through and that she felt listened to and supported.,"It mattered immensely. His cruel words shattered our hope, leaving my daughter deflated and me furious at the dismissal of her struggle."
5a8367b9190420000155ec2a_20260301_201036_69a49ba2,"I was awarded a promotion that I had put a lot of effort into achieving. I had been unsure whether I would get the promotion, so I was trying to secure it by impressing my boss and senior management. When I finally got the promotion, it left me feeling shocked, surprised, proud, and grateful. It reassured me that I was capable of achieving something which I previously had doubts about.",accountability,0.0,0.21686746987951808,0.024691358024691357,0.19277108433734938,0.8725065588951111,True,I felt that I was mostly responsible for the success in achieving the promotion. I was successfully able to demonstrate my skills and suitability for the role in a way that convinced senior management in my company. My line manager was also responsible in helping to convince management that I was the right choice for the promotion.,"I felt it was my own relentless effort and belief in myself. My hard work finally paid off, proving I could achieve what I once doubted."
58f63e3a5129080001111304_20260306_175958_69ab11b4,"I was standing with a can of Pepsi, ready to drink it, when it suddenly dropped. I managed to catch it, but it fizzed up and went everywhere, including all over my laptop. I needed to drink the Pepsi, but instead, I was left feeling very upset and angry. I was so annoyed and upset that I nearly burst into tears at the thought that I might have broken the laptop. To make things worse, I had to spend a long time cleaning up afterward, which just added to my frustration.",congruence,0.0,0.19512195121951217,0.10256410256410255,0.19512195121951217,0.8803786635398865,True,It hurt me because it went everywhere and was a big surprise that it could happen.,"It hurt me deeply. My anger nearly made me cry over the broken laptop, and hours of cleaning only added to my frustration and sadness."
5a764e848fe2dc000105739c_20260301_143615_69a44b6b,"I met up with some old friends from my past at a beerex and spent the evening chatting about the past and what we are doing today. We all got something positive from the evening and decided we would like to repeat it the following year. I felt rather good because not only did we all enjoy ourselves, I felt particularly good knowing I contributed in the past to their being friends today. I also had my brother there and my best friend who also knew these people, and they also enjoyed the evening.",relevance,0.0,0.19512195121951217,0.05128205128205128,0.19512195121951217,0.8725978136062622,True,It mattered as I hardly ever see these people and it is always good to catch up.,"It mattered immensely. Knowing I helped build their friendship today, while sharing joy with my brother and best friend, made the evening profoundly meaningful."
5abbe13268b65b00018cf94b_20260227_172233_69a1d127,"I passed my final probation at work, which means I'm now an early career teacher and can move up the pay scale. This whole experience has left me feeling proud and relieved. It was really important to me to maintain my high standards throughout the probation period, and the pay rise is also a significant factor for me. Teaching is my passion, and I find immense joy in inspiring and educating my students. Being able to continue doing what I love while advancing in my career is incredibly fulfilling.",certainty,0.0,0.2439024390243903,0.0,0.1951219512195122,0.8988169431686401,True,"Yes, things went as expected. I expected to pass my ECT course.","Yes, everything unfolded exactly as I hoped. Passing probation felt like a perfect blend of professional validation and personal relief, confirming that my dedication to teaching truly paid off."
577a0a7aadbc7500015d2479_20260306_185456_69ab207b,"I finished my most recent university assignment, proofread it, and handed it in early. I'm doing a BSc in Public Health and Wellbeing with the Open University, and I was trying to achieve handing in a completed assignment. To do this, I needed peace and quiet. Once I had handed in my assignment early, I felt very good and treated myself to a new TV since my current one has been broken for a bit. I felt good that I managed to hand it in, rather than go over it every day for days. One thing that has stuck with me is something a lecturer said: you get 80% of the mark in 20% of the time, and 20% of the mark in the other 80%, so I try to remember that. I felt I relied on myself well. On a previous degree, we were encouraged to get friends to proofread it for you, but my current university discourages this.",certainty,0.0,0.23333333333333334,0.0689655172413793,0.19999999999999998,0.8807023167610168,True,"It mostly went as expected. I had some difficulty restraining myself and staying on track when it came to reducing my word count, as I always find that difficult.","Yes, everything went as expected. Handing it in early brought the peace I needed, and buying the new TV felt like a perfect reward for my hard work and self-reliance."
59fc8a30087f2e0001ead66d_20260303_162019_69a70805,"I recently received a letter from the hospital, and I was shocked because it used words like 'urgent.' I only read the letter online and didn't get my physical copy, which made me panic. I needed an explanation because it was quite scary. The whole situation left me feeling disregarded and unimportant. It was important for me to express my emotions and upset, so I found the right person to speak to. They conducted investigations for me and then explained everything in a phone call.",relevance,0.0,0.32,0.0,0.2,0.8787238001823425,True,"The event mattered a lot to me as this is my health, and I've had bad health in the past, so it's important that I feel looked after.","It mattered immensely. The vague ""urgent"" letter made me feel disregarded and terrified. I needed answers to feel safe again."
69932ccc26c39ba9a7a39642_20260220_185530_6998ab77,"My cousin was diagnosed with cancer, and this really made me sad. I'm not happy with the situation, and I feel like I need help figuring out what to do, if there's anything I can do to help him. It's important to me to make sure my cousin lives.",congruence,0.0,0.3,0.0,0.2,0.8907824158668518,True,The situation hurt me because I'm so close to him.,"It hurt my heart deeply, but it also pushed me to find ways to support him. I feel a heavy responsibility to ensure he gets the best care possible."
60e25008f1ecf0be303353bb_20260228_165505_69a31c2f,My first son moved out of the house and into his own place. I'm really excited for him because it's a great opportunity for growth. I'm feeling proud of him. I also need to make sure his mom and my other son are okay with the change and adapt well.,congruence,0.0,0.22857142857142856,0.08823529411764706,0.20000000000000004,0.8864031434059143,True,It hurt a bit just that I will not see him as much but at the same time it helped knowing that our guidance as parents is paying off with a capable child turned adult.,"It hurt my heart to see him leave, but it helped me feel proud. I'm excited for his growth, yet I worry about my other son and his mom adapting to this new chapter."
69932ccc26c39ba9a7a39642_20260220_185530_6998ab77,"My cousin was diagnosed with cancer, and this really made me sad. I'm not happy with the situation, and I feel like I need help figuring out what to do, if there's anything I can do to help him. It's important to me to make sure my cousin lives.",relevance,0.0,0.326530612244898,0.0425531914893617,0.2040816326530612,0.8855220675468445,True,"The event mattered to me greatly because I'm so close to him, and it hurt me so bad.","It mattered everything. His diagnosis shattered my world. I feel helpless and desperate, driven only by the fierce need to find a way to save him and keep him alive."
57fa9d61bd8a970001fde2c6_20260301_180805_69a47e3e,"My friend was talking about the anniversary of the death of her husband, who was also my friend. It was nice to recall good memories rather than dwelling on their actual death. There was a slight feeling of sadness that they were no longer here, but it was also uplifting to reminisce and share our feelings. It was important to me that my friend felt comfortable talking about it with me.",accountability,0.0,0.32653061224489793,0.0851063829787234,0.20408163265306123,0.8629270195960999,True,We were discussing a holiday that we have booked for this summer and my friend recalled memories of when she visited this destination with her husband.,I felt most responsible for creating a safe space where my friend could honor her husband's memory with comfort and shared warmth.
655fb104e3d55d460e274ddf_20260228_215919_69a362e2,"One of my roommates ate my food, and this time it was my entire box of Quaker oatmeal. I wanted to take that particular food to work because it's easy to just heat up and go. I was upset and ended up being hangry since I didn't have money to buy food. I have a lot of roommates, and I was frustrated because they could have just asked for some instead of stealing.",congruence,0.0,0.20408163265306123,0.0425531914893617,0.20408163265306123,0.8795527815818787,True,It hurt me in general but now I know to keep non-perishable foods in my room.,"It hurt my stomach and wallet, leaving me hangry and frustrated. Yet, it forced me to finally confront my roommates about their lack of respect, hopefully leading to better boundaries moving forward."
59d3ef2c078dbe000195117f_20260220_140353_699866d7,"My husband was leaving for a month to travel for business, and I was really upset and sad about not being able to see him for that long. I wanted comfort during this time, but the thought of being apart for a whole month left me feeling very sad.",congruence,0.0,0.3157894736842105,0.0,0.21052631578947367,0.8829443454742432,True,"The situation hurt me as it made me feel sad. I was sad because I would be in the house by myself, feeling sad and lonely.","It hurt deeply, leaving me lonely and aching for his touch. Yet, it forced me to find quiet strength in solitude, knowing our love would bridge the distance when he returned."
604075b84fd86b284480eaa9_20260301_191339_69a48e64,"I'm struggling with my financial situation due to health issues, and it's causing me a lot of stress to pay the high price of my health insurance. My partner's benefit check also got delayed, which has added more stress, making it difficult to manage. I've been feeling very sad, anxious, and stressed out trying to afford basic necessities to live, and it's caused me a lot of pain and exhaustion. I'm trying to find any way that I can to make more money and support my partner and myself. It's been a challenging road, and I need more money to feel okay. The situation has left me feeling sad, anxious, stressed, and exhausted, and I also feel some shame. It's important to me that my partner and I have enough money to survive.",congruence,0.0,0.24561403508771928,0.07272727272727272,0.21052631578947367,0.8927851915359497,True,This situation has hurt me by adding to my stress on top of the health issues I'm already facing. I guess it has helped me stay resilient.,"This situation hurt me deeply, filling me with shame and exhaustion. Yet, it forced me to fight harder for our survival, making me realize how vital our bond is."
57b70477bd0fc200012ad60a_20260227_154747_69a1bb8a,"I developed Bell's palsy, and the right side of my face drooped. I was prescribed steroids, which helped improve the situation, but I felt mortified and embarrassed. It was especially hard for me because my husband didn't see me at my best, and that added to my feelings of embarrassment.",relevance,0.0,0.28070175438596495,0.03636363636363637,0.2105263157894737,0.86760413646698,True,"It happened suddenly, and an ambulance had to come because they thought it was a stroke. It mattered to me because I take care of my appearance.","It mattered immensely. Seeing my husband's reaction to my drooping face made me feel utterly exposed and ashamed, as if I had lost my dignity right before his eyes."
63f77bdf07da8d9275eee1e4_20260301_213834_69a4b0cd,"My wife and I have this little tradition where we buy scratch-off tickets from the gas station each week just for fun. This time, we both won; she got $15 and I got $10, which was awesome. Even though it wasn't a huge amount, it felt great to finally win. The whole experience made us feel good and was really positive. We were just trying to have fun and enjoy some time together, and winning money was a nice bonus. It made me feel like a winner, and spending that time with my wife was really cool.",accountability,0.0,0.2105263157894737,0.0,0.2105263157894737,0.8586004972457886,True,"I would say we were, because we were the ones that bought the tickets.","I felt the luck of the draw was most responsible, but sharing that joy with my wife made the win truly meaningful and complete."
669677d986a5a20026bbf20e_20260228_134651_69a2ef80,"My daughter, who has had her struggles with mental health, made me feel very proud this week. She managed the demands of her new job while also looking after her boyfriend, who is ill. I was just observing how proud I was of her development. I felt very proud of her and wanted to convey this to her without being patronizing. It's important that she knows how proud I am of her, especially since she often feels her brother is 'more impressive.'",control,0.0,0.2978723404255319,0.044444444444444446,0.21276595744680848,0.8821319341659546,True,"No, I felt she was and I was pleased to see her take control.","No, I wasn't in control. I simply watched her shine, balancing work and care for her boyfriend. Her strength humbled me; I could only offer quiet pride, knowing she outshines her brother."
59d3ef2c078dbe000195117f_20260220_140353_699866d7,"My husband was leaving for a month to travel for business, and I was really upset and sad about not being able to see him for that long. I wanted comfort during this time, but the thought of being apart for a whole month left me feeling very sad.",control,0.0,0.2127659574468085,0.0,0.2127659574468085,0.8747127652168274,True,I was not in control because I didn't have the option to make him stay.,"No, I felt completely out of control. The thought of a month apart left me helpless and overwhelmed by sadness, unable to stop my tears or the ache of missing him."
603b7527efab507a7a9208d0_20260301_135445_69a4435e,"Me and my husband had a massive argument that really upset me. I wanted to know that we are still a team, but the situation left me feeling neglected and hurt.",control,0.0,0.2553191489361702,0.04444444444444444,0.2127659574468085,0.8853875994682312,True,"No, I did not feel in control because I cannot drive, so he had full control, and I had to walk in the rain.","No, I felt powerless. The argument left me questioning our unity, making me feel neglected and unable to steer our relationship toward healing."
5fdbae0584b3a90525410347_20260302_161620_69a5b646,"I had a fantastic day on Saturday. The weather was nice, so I decided to get out of the house and run some errands. I needed to pick up a few groceries and drop off some recycling. Everyone I met was friendly and happy, which made the experience even better. I came home feeling happy and content, having accomplished everything without feeling anxious.",accountability,0.0,0.21621621621621623,0.11428571428571428,0.21621621621621623,0.87470942735672,True,I felt that I was most responsible for all of this.,"I felt the sunshine and the friendly strangers were most responsible. Their warmth lifted my spirits, making my simple errands feel like a perfect, joyful adventure."
5a5a6ed7f6c517000195029e_20260301_174848_69a47840,"My horse suddenly developed lameness, and I was really worried about what he had done. I needed to know what was wrong with him and how to make it better. The situation left me feeling sad and scared. I just needed him to get better.",relevance,0.0,0.26666666666666666,0.0930232558139535,0.22222222222222224,0.8813768625259399,True,"It happened on Tuesday, and it mattered a lot to me as my horse is important to me.","It mattered everything. My horse's pain felt like my own. I was terrified of losing him and desperate for him to heal, making every second unbearable."
57b70477bd0fc200012ad60a_20260227_154747_69a1bb8a,"I developed Bell's palsy, and the right side of my face drooped. I was prescribed steroids, which helped improve the situation, but I felt mortified and embarrassed. It was especially hard for me because my husband didn't see me at my best, and that added to my feelings of embarrassment.",control,0.0,0.22727272727272727,0.14285714285714288,0.22727272727272727,0.8961896896362305,True,I felt out of control because I could not control how I looked.,"No, I felt completely out of control. The sudden droop and my husband's pitying gaze stripped away my dignity, leaving me helpless against both the illness and my own shame."
643ebfff661435ecda5a3580_20260228_190856_69a33952_c5,"A dear friend of mine had a terrible accident where she fell and broke her neck in two places, along with her tailbone, hip, and pelvis. She also has COPD, and the hospital overdosed her twice, making her oxygen levels very bad and hard to control. I've been following her situation closely and talking to her, but she's not out of the woods yet. I sent her a bear that says 'I f...... love you,' which is a good support for her neck and cheers her up. It's tough because I live in Michigan and she lives in Oklahoma, so I can't see her in person. I have COPD too, so I guess I'm more worried about the pain she's going through and the unstable oxygen levels she's experiencing, along with her lungs filling up. I just don't want her to be in pain.",congruence,0.0,0.29545454545454547,0.09302325581395349,0.22727272727272727,0.8799276947975159,True,"It hurt me because I couldn't be there and I couldn't care for her. I think I was put on this earth to care for people and animals. I cared and helped take care of my BFF for years, my father, my mother, and a few others. I enjoy taking care of them.","It hurts knowing I can't be there, but sending the bear brings me peace. Her pain weighs on me, yet my care for her strengthens my resolve to support her from afar."
699e34aff8af247c3aa29bf4_20260306_203348_69ab3862,"I won 500 dollars in the PayPal Crypto sweepstakes last week, and I was thrilled. I've never really won anything before, so this was an emotional experience for me, and I have to say it was pretty cool. I was trying to win by pure luck, and it happened, which made me happy. It left me feeling absolutely wonderful. I feel great knowing that I've won something in my life through a sweepstakes. The money is always nice—everyone can use 500 dollars for something, although I'll be investing mine.",relevance,0.0,0.32786885245901637,0.06779661016949153,0.22950819672131148,0.8965000510215759,True,"The event did not matter to me until it happened, then it mattered. It was an emotional experience because I've never really won anything before, and it made me happy.","It mattered immensely. Winning $500 was a life-changing moment of pure luck. I felt absolutely wonderful, thrilled to finally experience such joy and excitement after never winning anything before."
643ebfff661435ecda5a3580_20260228_190856_69a33952_c5,"A dear friend of mine had a terrible accident where she fell and broke her neck in two places, along with her tailbone, hip, and pelvis. She also has COPD, and the hospital overdosed her twice, making her oxygen levels very bad and hard to control. I've been following her situation closely and talking to her, but she's not out of the woods yet. I sent her a bear that says 'I f...... love you,' which is a good support for her neck and cheers her up. It's tough because I live in Michigan and she lives in Oklahoma, so I can't see her in person. I have COPD too, so I guess I'm more worried about the pain she's going through and the unstable oxygen levels she's experiencing, along with her lungs filling up. I just don't want her to be in pain.",accountability,0.0,0.2692307692307692,0.039999999999999994,0.23076923076923075,0.8588677048683167,True,I feel bad because her foot went asleep while we were talking on the phone for about 2 hours. She got up and fell.,"I feel no one is responsible; this is just cruel bad luck. My heart aches for her pain, but I focus on sending love and support from afar."
67883d53705991d641bb1743_20260307_193358_69ac7a95,"I was in my room, singing and enjoying some privacy and comfort, when my mom suddenly came in. I thought my door was still locked, so seeing her standing there in the doorway scared me almost to death. My body reacted nervously, and I felt my stomach tighten and then tear from my diaphragm down into my bladder. It left me in dire pain, and I couldn't sleep all night because my stomach kept filling up with pain and gas. My mom totally hurt me and ruined my day.",control,0.0,0.2325581395348837,0.04878048780487805,0.2325581395348837,0.8977388739585876,True,I felt my mother was in full control during the situation.,"No, I felt completely powerless. Her sudden entry shattered my privacy, triggering a physical panic response that left me in agony and stripped me of all control over my safety and comfort."
6818aa3b091f461c436e4f12_20260301_153141_69a45a95,"My football team scored a goal, and I was thrilled because I really wanted my team to win the game. The feeling was incredible—I was elated and excited. What made it even more special was sharing the experience with my family.",control,0.0,0.32558139534883723,0.0,0.23255813953488377,0.8901274800300598,True,"No, the situation is beyond my control and down to the team and manager.","No, I wasn't in control. The goal was a team effort, and the victory felt like a shared miracle with my family, not something I could command alone."
674c8549a9fd90b7c8dda9d3_20260226_180330_69a0881f,"I recently made a big transition from trading options in the stock market to trading futures. Just about two days ago, I blew my account. My goal is to switch to day trading full-time, and I switched to futures because they're supposed to be better and it's what prop firms would want me trading. After this happened, I felt very defeated. I had put so much time and effort into getting better, and all it took was me breaking my own rules for a second to lose over half of my account. I keep telling myself it's all part of the process. I know this, but it doesn't hurt any less for sure.",congruence,0.0,0.2745098039215686,0.04081632653061224,0.23529411764705882,0.8960424065589905,True,The situation hurt me financially and damaged my ego. I hope it helps me say no in the future.,"It hurt deeply, shattering my confidence after months of effort. Yet, this crushing loss forced me to finally confront my broken rules, perhaps saving me from total ruin in the long run."
699e34aff8af247c3aa29bf4_20260306_203348_69ab3862,"I won 500 dollars in the PayPal Crypto sweepstakes last week, and I was thrilled. I've never really won anything before, so this was an emotional experience for me, and I have to say it was pretty cool. I was trying to win by pure luck, and it happened, which made me happy. It left me feeling absolutely wonderful. I feel great knowing that I've won something in my life through a sweepstakes. The money is always nice—everyone can use 500 dollars for something, although I'll be investing mine.",control,0.0,0.36,0.08333333333333333,0.24000000000000002,0.8810080885887146,True,"I felt in control just for the initial actions, then it was all lady luck.","No, I wasn't in control. It was pure luck. I just tried my best, but the win felt like a magical surprise that happened to me, not something I planned or earned through skill."
5a8367b9190420000155ec2a_20260301_201036_69a49ba2,"I was awarded a promotion that I had put a lot of effort into achieving. I had been unsure whether I would get the promotion, so I was trying to secure it by impressing my boss and senior management. When I finally got the promotion, it left me feeling shocked, surprised, proud, and grateful. It reassured me that I was capable of achieving something which I previously had doubts about.",control,0.0,0.27272727272727276,0.03125,0.24242424242424246,0.8859856724739075,True,"I didn't feel like I was totally in control. I tried my best to control what I could, but I also felt that much of the decision and timeframe was out of my control. I had to wait and see what would happen.","No, I wasn't in control. The outcome was a surprise, shattering my doubts and proving my capability beyond my own expectations."
663b34f2cf27da2a623b94f9_20260227_153742_69a1b5ea,"It was my granddaughter's 18th birthday last Sunday, and we had a precelebration at my house on Friday. Then, on Sunday, we all met up in Exeter for an Escape Room experience and a meal. I wanted to enjoy the celebration with my whole family, especially with my granddaughter. My family is very important to me, and we don't meet up enough, so I was really hoping for a drama-free gathering, which usually isn't the case when we all get together. This time, it left me feeling really good and appreciative of the special connection we have. I wanted my family to appreciate me, and I certainly think they do. My granddaughter asked me to voice record a special message for her to be inserted in a bear that I had given her 16 years ago, which was being revamped at the shop called Build a Bear. I felt special that she asked me to do that.",control,0.0,0.29729729729729726,0.05555555555555555,0.24324324324324326,0.8817014098167419,True,"Yes, I was in control. I thought about it before the event and how it could be made special. I enjoyed the event for what it was and did not make any assumptions of how it should have been or how it could be better.","Yes, I felt in control. The drama-free gathering and her thoughtful request for the message made me feel valued and capable of creating lasting memories with my family."
5e6ce118673e50000c303890_20260227_200304_69a1f5eb,"I went away for a few days with my family, and it was an emotionally positive experience. I wanted to escape from work and other commitments that have been emotionally draining. For those few days, I felt like there was nothing to worry about, just enjoy the moment. The clean, clear air and the area we were at was quiet and isolated. We were the only people for miles.",control,0.0,0.24489795918367344,0.0851063829787234,0.24489795918367344,0.8668246865272522,True,I felt very much in control of what we wanted to do or just do nothing.,"Yes, I felt completely in control. For the first time, I wasn't chasing deadlines or managing stress. The quiet isolation and fresh air let me breathe, knowing nothing could disturb my peace."
5a5a6ed7f6c517000195029e_20260301_174848_69a47840,"My horse suddenly developed lameness, and I was really worried about what he had done. I needed to know what was wrong with him and how to make it better. The situation left me feeling sad and scared. I just needed him to get better.",congruence,0.0,0.24489795918367346,0.0425531914893617,0.24489795918367346,0.8916642665863037,True,It hurt me as I didn't know what was wrong with him or how to help him.,"It hurt my heart deeply, filling me with fear for his pain. Yet, caring for him strengthened our bond, reminding me of my duty to protect and heal my beloved companion."
63e51be37501e0245d559a51_20260301_163127_69a46903,"I went to my future baby's scan, hoping that everything would be great healthwise. I felt happy because everything is going smoothly. It was important to me that my partner felt fine emotionally too.",congruence,0.0,0.25,0.08695652173913043,0.25,0.897383987903595,True,The situation helped me feel more content and relaxed about the baby's wellbeing and that everything is on track.,"It helped me feel immense joy and relief. Seeing our baby healthy brought peace, and knowing my partner was emotionally stable made our shared happiness complete and secure."
5dfb6c4d19232d899d182cda_20260219_230958_699794ef,"I was watching my great grandson drawing. I just wanted him to continue and not react to me watching him, allowing him to be his natural four-year-old self. The whole situation left me feeling warm, happy, and content. I was appreciating that he won't stay so young, innocent, and natural for long.",control,0.08914609827874222,0.2553191489361702,0.13333333333333333,0.2553191489361702,0.874745786190033,True,"No. I wasn’t controlling nothing or anyone. That felt great, as I usually have to organise everything.","No, I wasn't in control. I held back my urge to speak, letting him remain free. I cherished this fleeting moment of his innocence before time changes him."
601fd27860b197531ca7bdcc_20260220_222742_6998dd89,My sister-in-law was talking to me about an eating disorder that she previously had issues with. I was helping her to fill in a disclosure form for a job. I was surprised by what I'd learnt and hoped I'd dealt with it sensitively. Nothing was more important to me in that moment than to show care and consideration.,control,0.0,0.3404255319148936,0.13333333333333333,0.2553191489361702,0.8743460774421692,True,I wasn't in control; my sister-in-law was. I was completing a form on her behalf.,"No, I felt vulnerable. Her story overwhelmed me, and my only goal was to be gentle. I wasn't leading; I was simply trying to support her with care."
57fa9d61bd8a970001fde2c6_20260301_180805_69a47e3e,"My friend was talking about the anniversary of the death of her husband, who was also my friend. It was nice to recall good memories rather than dwelling on their actual death. There was a slight feeling of sadness that they were no longer here, but it was also uplifting to reminisce and share our feelings. It was important to me that my friend felt comfortable talking about it with me.",control,0.0,0.2564102564102564,0.10810810810810811,0.2564102564102564,0.8968534469604492,True,I felt that we were both in control as we both participated.,"Yes, I felt in control. I guided the conversation gently, ensuring my friend felt safe to share memories without pain, creating a comforting space for us both."
5e94b43203807b339eef4947_20260306_164804_69ab0342,"I was trying to be nice to my daughter and connect with her by engaging in a conversation, asking what she wanted for dinner. Instead of responding, she was remote and rude to me, and then I got a page full of error messages. This situation left me feeling frustrated and a bit sad. It's important to me because this keeps happening, although there are other times when she's lovely and excitable.",control,0.0,0.3076923076923077,0.1081081081081081,0.25641025641025644,0.9069894552230835,True,"No, I didn't feel in control. I can't force information out of her.","No, I felt completely out of control. Her coldness and the sudden error messages shattered my hope to connect, leaving me helpless and frustrated."
67a5c743b431ff0a1160ed28_20260227_152718_69a1b6be,"My mum is buying things for my sister, and not for me, because I earn more money. I just want to be treated fairly. I don't see why she should get money because she has two kids, and then still get to buy luxuries, whilst I have to save for my things. It leaves me feeling like I am expected to be more independent, and I don't matter because I don't have children. I just don't think I'm being treated fairly.",congruence,0.0,0.3333333333333333,0.11538461538461538,0.25925925925925924,0.8823792338371277,True,It didn't help me; it hurt me because I feel like I have more pressure on me than my sister does.,"It hurt deeply, making me feel unloved and undervalued. Seeing my mum prioritize my sister while I save for basics made me feel like my independence was a burden, not a strength."
663b34f2cf27da2a623b94f9_20260227_153742_69a1b5ea,"It was my granddaughter's 18th birthday last Sunday, and we had a precelebration at my house on Friday. Then, on Sunday, we all met up in Exeter for an Escape Room experience and a meal. I wanted to enjoy the celebration with my whole family, especially with my granddaughter. My family is very important to me, and we don't meet up enough, so I was really hoping for a drama-free gathering, which usually isn't the case when we all get together. This time, it left me feeling really good and appreciative of the special connection we have. I wanted my family to appreciate me, and I certainly think they do. My granddaughter asked me to voice record a special message for her to be inserted in a bear that I had given her 16 years ago, which was being revamped at the shop called Build a Bear. I felt special that she asked me to do that.",certainty,0.0,0.33333333333333337,0.07317073170731707,0.26190476190476186,0.8736729025840759,True,"Yes, it went better than I expected. The unexpected was that my granddaughter asked me to do a special thing for her; she could have chosen mum or dad. I was flattered and privileged. The other unexpected thing was we got out of the escape room with 30 seconds to spare!","Yes, everything went as I hoped. No drama marred our time in Exeter. The quiet connection with my granddaughter, especially recording that message for her bear, was the unexpected joy I cherished most."
5b9ca13a06114100010699b8_20260221_211806_699a1e71,"I went to the doctor with my daughter because she's struggling to eat a variety of food. I was hoping the doctor would give us some advice or refer us to a specialist for eating disorders, so we could get some expert help. Instead, the doctor told her she needed to try harder and said if she didn't, she wouldn't have a partner, have kids, or a job. Even after I expressed my concern that she might have an eating disorder, he dismissed it. I was very angry and felt hopeless. I also worried about my daughter and how it might have affected her listening to what the doctor said. I hoped that after going to the doctor, my daughter would feel as though she had been listened to and that there was hope for her to improve, but she was left feeling deflated.",congruence,0.0,0.30303030303030304,0.061855670103092786,0.26262626262626265,0.8799694776535034,True,It hurt me because she wasn't listened to and it made her feel worse. She already struggles with her mental health and I don't want her to think that she hasn't got a future if she doesn't eat as she doesn't need the extra pressure. It's made me worried how this is going to affect her in the long term.,"This situation hurt me deeply, leaving me angry and hopeless. My daughter feels deflated instead of heard, and I fear her future. The doctor's dismissal made me feel powerless to help her."
67a5c743b431ff0a1160ed28_20260227_152718_69a1b6be,"My mum is buying things for my sister, and not for me, because I earn more money. I just want to be treated fairly. I don't see why she should get money because she has two kids, and then still get to buy luxuries, whilst I have to save for my things. It leaves me feeling like I am expected to be more independent, and I don't matter because I don't have children. I just don't think I'm being treated fairly.",accountability,0.0,0.2631578947368421,0.05555555555555555,0.2631578947368421,0.8807533383369446,True,I think my mum is responsible because she only cares about the one who's giving her grandkids.,I felt my mum was most responsible. Her choices made me feel unvalued and unfairly treated compared to my sister.
671a35e007e5342c31f94fa7_20260307_163918_69ac527e,"Sometimes when I'm alone, I find myself getting emotional. In those moments, I really need comfort. Being by myself can leave me feeling sad and lonely.",accountability,0.0,0.3333333333333333,0.07142857142857142,0.26666666666666666,0.8927843570709229,True,I felt like I was responsible for all of this.,"I blamed myself for being so weak, yet the silence felt like a heavy weight I couldn't lift alone."
5dceca2541afe801a32e27ac_20260223_201647_699cb17d,"I have a close personal friend who I've known for over 25 years, and she has a granddaughter with some mental issues. I've known the granddaughter her entire life. Recently, the granddaughter has been living with my friend for a few months while she looks for a job and a place of her own. At first, they were getting along well, but now there's a lot of tension between them, and my friend wants to talk to me about it constantly. No matter what I say or recommend, it doesn't seem to please her. I'm at a point where I really don't want to talk to my friend about this situation anymore, but I don't know how to tell her. I keep suggesting that she seek counseling for her granddaughter and encourage her to move out. I don't want to be disloyal, but my friend insists on leaving things the way they are. It's very important to me that the granddaughter gets help with her mental issues, and I also want my friend to not be constantly stressed out because she has health issues of her own.",accountability,0.0,0.3880597014925373,0.1230769230769231,0.26865671641791045,0.8971315622329712,True,"I think that the granddaughter's mental health issues are having a great deal to do with this situation. Also, I think that my friend's love for her granddaughter is blinding her to the seriousness of what is happening.",I feel the granddaughter's condition and my friend's refusal to act are most responsible. Her health and my loyalty make this impossible to fix alone.
5abbe13268b65b00018cf94b_20260227_172233_69a1d127,"I passed my final probation at work, which means I'm now an early career teacher and can move up the pay scale. This whole experience has left me feeling proud and relieved. It was really important to me to maintain my high standards throughout the probation period, and the pay rise is also a significant factor for me. Teaching is my passion, and I find immense joy in inspiring and educating my students. Being able to continue doing what I love while advancing in my career is incredibly fulfilling.",accountability,0.0,0.34285714285714286,0.0,0.2857142857142857,0.9148330092430115,True,I felt like my hard work and commitment was the most responsible for this.,I feel it was my own dedication to my students and my unwavering commitment to my craft that made this possible.
6631dd70c1393b01137d8453_20260228_163013_69a31305,"I was informed that I had received a promotion at work, which meant I would be working my last week at the store I was currently at. I was trying to improve my standing in the organization with this promotion, and I needed positive reinforcement from my employees and peers. Overall, I felt positive about the promotion, but it was also bittersweet because I had grown close to a lot of the employees at my old location, and I will miss them. It was important to me to receive validation from my former employees that they enjoyed working with me and felt I did a good job.",control,0.0,0.4081632653061225,0.0851063829787234,0.2857142857142857,0.8770197629928589,True,Some of the time yes because it was my job to inspire and motivate the team. However there were times things happened outside my control.,"Yes, I felt in control of my career path. The promotion was my choice, even as I prepared to leave the team I loved."
5fdbae0584b3a90525410347_20260302_161620_69a5b646,"I had a fantastic day on Saturday. The weather was nice, so I decided to get out of the house and run some errands. I needed to pick up a few groceries and drop off some recycling. Everyone I met was friendly and happy, which made the experience even better. I came home feeling happy and content, having accomplished everything without feeling anxious.",control,0.0,0.2926829268292683,0.15384615384615383,0.2926829268292683,0.9164508581161499,True,"Yes, I felt like I was in control because I chose to spend the day this way.","Yes, I felt completely in control. Choosing my errands, enjoying the nice weather, and finishing everything calmly made me feel capable and at peace."
603b7527efab507a7a9208d0_20260301_135445_69a4435e,"Me and my husband had a massive argument that really upset me. I wanted to know that we are still a team, but the situation left me feeling neglected and hurt.",certainty,0.2102369368326755,0.34782608695652173,0.27272727272727276,0.34782608695652173,0.9218569993972778,True,"No, things did not go as I expected. I kind of expected him to drive me like always.","No, it did not go as I expected. I hoped for reassurance that we were a team, but instead, I felt deeply neglected and hurt by his silence."
