sample_id,situation,included,exclusion_reason,emotion_correct,emotion_label_f1,joint_labels_exact,positive_labels_exact,negative_labels_exact,positive_labels_f1,negative_labels_f1,appraisal_dimensions_evaluated,appraisal_coverage,appraisal_reasoning_bleu,appraisal_reasoning_rouge_1,appraisal_reasoning_rouge_2,appraisal_reasoning_rouge_l,appraisal_reasoning_bertscore,low_appraisal_score,gold_positive_labels,predicted_positive_labels,gold_negative_labels,predicted_negative_labels
55d51a6b8ce09000127d4821_20260228_162502_69a314f1,"Someone I had been close with and talking to often just stopped responding to me. I really wanted them to reply or at least have someone around to keep me company and help me feel like I'm not inferior. I started to accept the situation, even though it still doesn't feel good. I realized that if someone doesn't want to talk to me anymore, there's no point in pursuing it. This person had been someone I talked to for a long time and had helped me through some stressful situations, so it was important to me.",True,,False,0.46153846153846156,False,False,False,0.0,0.6,5,1.0,0.0,0.18668211660109427,0.03676767676767677,0.1474476668403287,0.8744588851928711,True,[],"[""Grateful, appreciative, thankful"", ""Love, closeness, trust"", ""Sympathy, concern, compassion""]","[""Confused, disoriented, surprised"", ""Lonely, isolated, disconnected from others"", ""Sad, downhearted, unhappy"", ""Worried, nervous, fearful""]","[""Ashamed, humiliated, embarrassed"", ""Confused, disoriented, surprised"", ""Despair, hopelessness, sorrow"", ""Guilty, blameworthy, repentant"", ""Lonely, isolated, disconnected from others"", ""Sad, downhearted, unhappy""]"
577a0a7aadbc7500015d2479_20260306_185456_69ab207b,"I finished my most recent university assignment, proofread it, and handed it in early. I'm doing a BSc in Public Health and Wellbeing with the Open University, and I was trying to achieve handing in a completed assignment. To do this, I needed peace and quiet. Once I had handed in my assignment early, I felt very good and treated myself to a new TV since my current one has been broken for a bit. I felt good that I managed to hand it in, rather than go over it every day for days. One thing that has stuck with me is something a lecturer said: you get 80% of the mark in 20% of the time, and 20% of the mark in the other 80%, so I try to remember that. I felt I relied on myself well. On a previous degree, we were encouraged to get friends to proofread it for you, but my current university discourages this.",True,,True,0.6666666666666666,False,False,True,0.6666666666666666,1.0,5,1.0,0.0,0.2206489446898654,0.03849271600978375,0.17335695279429295,0.8705068588256836,True,"[""Calm, peaceful, relaxed"", ""Glad, happy, joyful"", ""Hopeful, optimistic, encouraged"", ""Proud, confident, determined""]","[""Glad, happy, joyful"", ""Proud, confident, determined""]",[],[]
57b70477bd0fc200012ad60a_20260227_154747_69a1bb8a,"I developed Bell's palsy, and the right side of my face drooped. I was prescribed steroids, which helped improve the situation, but I felt mortified and embarrassed. It was especially hard for me because my husband didn't see me at my best, and that added to my feelings of embarrassment.",True,,True,0.6153846153846153,False,True,False,1.0,0.6153846153846153,5,1.0,0.0,0.18109189996667313,0.042987012987013,0.15275285311582953,0.8700596570968628,True,[],[],"[""Angry, frustrated, annoyed"", ""Ashamed, humiliated, embarrassed"", ""Confused, disoriented, surprised"", ""Despair, hopelessness, sorrow"", ""Disgust, distaste, revulsion"", ""Lonely, isolated, disconnected from others"", ""Panicked, alarmed, freaked out"", ""Sad, downhearted, unhappy"", ""Worried, nervous, fearful""]","[""Ashamed, humiliated, embarrassed"", ""Lonely, isolated, disconnected from others"", ""Sad, downhearted, unhappy"", ""Worried, nervous, fearful""]"
57d5ab3a722df500017f3622_20260301_200421_69a49a2d,"I've been thinking a lot more about my dad who died recently, especially over the past week. I find myself thinking about him when I have some time to fill or during moments when I would have normally reached out to him for an update. These thoughts make me feel sad and really make me realize how much I miss him. I've also been contemplating visiting his grave and wondering how I'll feel knowing he's there, under the ground.",True,,False,0.5,False,False,False,0.5,0.5,5,1.0,0.0,0.12869802965912805,0.009523809523809525,0.10869802965912805,0.8657836079597473,True,"[""Calm, peaceful, relaxed"", ""Sympathy, concern, compassion""]","[""Love, closeness, trust"", ""Sympathy, concern, compassion""]","[""Sad, downhearted, unhappy""]","[""Despair, hopelessness, sorrow"", ""Lonely, isolated, disconnected from others"", ""Sad, downhearted, unhappy""]"
57fa9d61bd8a970001fde2c6_20260301_180805_69a47e3e,"My friend was talking about the anniversary of the death of her husband, who was also my friend. It was nice to recall good memories rather than dwelling on their actual death. There was a slight feeling of sadness that they were no longer here, but it was also uplifting to reminisce and share our feelings. It was important to me that my friend felt comfortable talking about it with me.",True,,True,0.6,False,False,False,0.7499999999999999,0.0,5,1.0,0.0,0.24029863352470443,0.05421357093089616,0.16632465368886767,0.8793277502059936,True,"[""Calm, peaceful, relaxed"", ""Grateful, appreciative, thankful"", ""Hopeful, optimistic, encouraged"", ""Love, closeness, trust"", ""Sympathy, concern, compassion""]","[""Calm, peaceful, relaxed"", ""Love, closeness, trust"", ""Sympathy, concern, compassion""]",[],"[""Despair, hopelessness, sorrow"", ""Sad, downhearted, unhappy""]"
58f63e3a5129080001111304_20260306_175958_69ab11b4,"I was standing with a can of Pepsi, ready to drink it, when it suddenly dropped. I managed to catch it, but it fizzed up and went everywhere, including all over my laptop. I needed to drink the Pepsi, but instead, I was left feeling very upset and angry. I was so annoyed and upset that I nearly burst into tears at the thought that I might have broken the laptop. To make things worse, I had to spend a long time cleaning up afterward, which just added to my frustration.",True,,True,0.75,False,True,False,1.0,0.75,5,1.0,0.0,0.20247619608701264,0.053683997162258024,0.1644154645480202,0.8798019409179687,True,[],[],"[""Angry, frustrated, annoyed"", ""Disgust, distaste, revulsion"", ""Panicked, alarmed, freaked out"", ""Sad, downhearted, unhappy""]","[""Angry, frustrated, annoyed"", ""Panicked, alarmed, freaked out"", ""Sad, downhearted, unhappy"", ""Worried, nervous, fearful""]"
590b3401182caf0001ab5801_20260302_153058_69a5a7be,"I was watching Bridgerton, a modern period drama on Netflix, and it made me really emotional. The story was about a maid who attended a Masquerade ball and fell for a gentleman. This gentleman was highly sought after by many young ladies and gents, but he was insistent on remaining a bachelor. When he caught sight of the maid, he was hooked line and sinker, but in true Cinderella style, she ran away at the stroke of midnight, leaving him with only a glove. He became obsessed with finding her, and it was all he thought about. He met her several times without realizing who she was, but she was a maid and he a gentleman; their relationship was not allowed. He ended up falling for her as the maid, giving up on his masked lady. It was gut-wrenching to see them so in love but society not willing to accept them. When they finally admitted their feelings and the relationship became more, he spoiled it by asking her to be his mistress. This tore at my heartstrings and made me cry for her. It's unusual for a fictitious story or drama to make me so emotional, but this one really got me. She made me cry, he made me angry. I wanted him to tell her they could be together, that he would run away with her, but no, he wanted to marry a lady and have her be his mistress away from everything like a dirty secret. It made me feel hopeless, that love wasn't enough and that society hierarchy was the reason. He went after her but didn't; he left it and sent a message via a note to ask of her answer, which was clearly a no.",True,,False,0.36363636363636365,False,False,False,0.2857142857142857,0.5,5,1.0,0.0,0.15400325137167242,0.006557377049180328,0.1091907697170855,0.8704344868659973,True,"[""Amused, entertained"", ""Excited, enthusiastic, elated"", ""Glad, happy, joyful"", ""Hopeful, optimistic, encouraged"", ""Love, closeness, trust"", ""Sympathy, concern, compassion""]","[""Sympathy, concern, compassion""]","[""Sad, downhearted, unhappy""]","[""Angry, frustrated, annoyed"", ""Despair, hopelessness, sorrow"", ""Sad, downhearted, unhappy""]"
59d3ef2c078dbe000195117f_20260220_140353_699866d7,"My husband was leaving for a month to travel for business, and I was really upset and sad about not being able to see him for that long. I wanted comfort during this time, but the thought of being apart for a whole month left me feeling very sad.",True,,True,0.8,False,False,True,0.0,1.0,5,1.0,0.0,0.21020088214457117,0.0,0.1498738741483902,0.87231285572052,True,[],"[""Love, closeness, trust""]","[""Lonely, isolated, disconnected from others"", ""Sad, downhearted, unhappy""]","[""Lonely, isolated, disconnected from others"", ""Sad, downhearted, unhappy""]"
59e7c8eabbb1380001621d28_20260226_184843_69a0946b,"My dad had to have a hospital procedure, and I was trying to stay calm and keep him calm too. The whole situation left me feeling very stressed.",True,,False,0.3636363636363636,False,False,False,0.0,0.5,5,1.0,0.0,0.14839710177060828,0.00909090909090909,0.10993876595903389,0.8899443507194519,True,[],"[""Love, closeness, trust"", ""Proud, confident, determined"", ""Sympathy, concern, compassion""]","[""Confused, disoriented, surprised"", ""Despair, hopelessness, sorrow"", ""Lonely, isolated, disconnected from others"", ""Panicked, alarmed, freaked out"", ""Sad, downhearted, unhappy"", ""Worried, nervous, fearful""]","[""Panicked, alarmed, freaked out"", ""Worried, nervous, fearful""]"
59fc8a30087f2e0001ead66d_20260303_162019_69a70805,"I recently received a letter from the hospital, and I was shocked because it used words like 'urgent.' I only read the letter online and didn't get my physical copy, which made me panic. I needed an explanation because it was quite scary. The whole situation left me feeling disregarded and unimportant. It was important for me to express my emotions and upset, so I found the right person to speak to. They conducted investigations for me and then explained everything in a phone call.",True,,True,0.6666666666666666,False,False,False,0.0,0.8000000000000002,5,1.0,0.0,0.22155131143366438,0.00547945205479452,0.1398054494525083,0.8782493948936463,True,[],"[""Grateful, appreciative, thankful"", ""Love, closeness, trust""]","[""Angry, frustrated, annoyed"", ""Confused, disoriented, surprised"", ""Panicked, alarmed, freaked out"", ""Sad, downhearted, unhappy"", ""Worried, nervous, fearful""]","[""Angry, frustrated, annoyed"", ""Confused, disoriented, surprised"", ""Disgust, distaste, revulsion"", ""Panicked, alarmed, freaked out"", ""Worried, nervous, fearful""]"
5a5a6ed7f6c517000195029e_20260301_174848_69a47840,"My horse suddenly developed lameness, and I was really worried about what he had done. I needed to know what was wrong with him and how to make it better. The situation left me feeling sad and scared. I just needed him to get better.",True,,True,0.6666666666666666,False,False,False,0.0,0.8,5,1.0,0.0,0.1971330573178778,0.03620619855157213,0.16823166061160305,0.8806848764419556,True,[],"[""Sympathy, concern, compassion""]","[""Despair, hopelessness, sorrow"", ""Sad, downhearted, unhappy"", ""Worried, nervous, fearful""]","[""Sad, downhearted, unhappy"", ""Worried, nervous, fearful""]"
5a764e848fe2dc000105739c_20260301_143615_69a44b6b,"I met up with some old friends from my past at a beerex and spent the evening chatting about the past and what we are doing today. We all got something positive from the evening and decided we would like to repeat it the following year. I felt rather good because not only did we all enjoy ourselves, I felt particularly good knowing I contributed in the past to their being friends today. I also had my brother there and my best friend who also knew these people, and they also enjoyed the evening.",True,,True,0.6666666666666665,False,False,True,0.6666666666666665,1.0,5,1.0,0.0,0.1282975691722538,0.010256410256410256,0.10607534695003155,0.8679573893547058,True,"[""Calm, peaceful, relaxed"", ""Glad, happy, joyful"", ""Grateful, appreciative, thankful"", ""Hopeful, optimistic, encouraged"", ""Proud, confident, determined""]","[""Glad, happy, joyful"", ""Grateful, appreciative, thankful"", ""Love, closeness, trust"", ""Proud, confident, determined""]",[],[]
5a8367b9190420000155ec2a_20260301_201036_69a49ba2,"I was awarded a promotion that I had put a lot of effort into achieving. I had been unsure whether I would get the promotion, so I was trying to secure it by impressing my boss and senior management. When I finally got the promotion, it left me feeling shocked, surprised, proud, and grateful. It reassured me that I was capable of achieving something which I previously had doubts about.",True,,True,0.7272727272727272,False,False,False,0.888888888888889,0.0,5,1.0,0.0,0.26239120002264915,0.03692529763112092,0.1914295073749272,0.8748777389526368,True,"[""Excited, enthusiastic, elated"", ""Glad, happy, joyful"", ""Grateful, appreciative, thankful"", ""Hopeful, optimistic, encouraged"", ""Proud, confident, determined""]","[""Excited, enthusiastic, elated"", ""Glad, happy, joyful"", ""Grateful, appreciative, thankful"", ""Proud, confident, determined""]","[""Worried, nervous, fearful""]","[""Confused, disoriented, surprised""]"
5a9dac22f053610001721635_20260308_165256_69ada61f,"I work with children who have Special Educational Needs and Disabilities (SEND), and this week was particularly draining because I was very tired due to lack of sleep. I was trying to get the kids to focus, but I was struggling myself because of how exhausted I felt. The whole situation was stressful, and I really wanted to leave work, but I knew they would be short-staffed if I did.",True,,False,0.0,False,True,False,1.0,0.0,5,1.0,0.0,0.15902680197762167,0.013559322033898305,0.13902680197762168,0.8777718186378479,True,[],[],"[""Ashamed, humiliated, embarrassed"", ""Sad, downhearted, unhappy""]","[""Angry, frustrated, annoyed"", ""Guilty, blameworthy, repentant"", ""Worried, nervous, fearful""]"
5aa04de4dbdb470001ef1dd5_20260220_224347_6998e1c7,"This week has been really tough for me. A close family member suddenly became seriously ill and was taken into the hospital, even though they were okay just a few days before. I was trying to get to them as quickly as I could, but I was working away from home, which made it difficult. Not being able to reach them as fast as I wanted left me feeling really upset. On top of that, it was important for me to get back to help their children during this time.",True,,False,0.33333333333333337,False,False,False,0.0,0.5,5,1.0,0.0,0.22124294509193523,0.019437340153452685,0.14762244852764383,0.8782952189445495,True,[],"[""Love, closeness, trust"", ""Sympathy, concern, compassion""]","[""Worried, nervous, fearful""]","[""Guilty, blameworthy, repentant"", ""Sad, downhearted, unhappy"", ""Worried, nervous, fearful""]"
5abbe13268b65b00018cf94b_20260227_172233_69a1d127,"I passed my final probation at work, which means I'm now an early career teacher and can move up the pay scale. This whole experience has left me feeling proud and relieved. It was really important to me to maintain my high standards throughout the probation period, and the pay rise is also a significant factor for me. Teaching is my passion, and I find immense joy in inspiring and educating my students. Being able to continue doing what I love while advancing in my career is incredibly fulfilling.",True,,True,0.6,False,False,True,0.6,1.0,5,1.0,0.0,0.21712945146509038,0.013846153846153847,0.17515981840699713,0.8833508253097534,True,"[""Calm, peaceful, relaxed"", ""Excited, enthusiastic, elated"", ""Glad, happy, joyful"", ""Grateful, appreciative, thankful"", ""Hopeful, optimistic, encouraged"", ""Inspiration, admiration, appreciation"", ""Proud, confident, determined""]","[""Excited, enthusiastic, elated"", ""Glad, happy, joyful"", ""Proud, confident, determined""]",[],[]
5b51c33d026602000178b5ec_20260228_144002_69a2fa65,"My daughter was accepted back into high school this week after being homeschooled for approximately six months. We tried to get her into the school of her choice because she was missing the social aspect of friends and sports, and we finally received our offer this week. I was elated and nervous for her, with my emotions being up and down. It was definitely what she wants.",True,,False,0.5,False,False,True,0.3333333333333333,1.0,5,1.0,0.0,0.19670568066153807,0.01976470588235294,0.14539792409062358,0.8672366619110108,True,"[""Glad, happy, joyful"", ""Grateful, appreciative, thankful"", ""Hopeful, optimistic, encouraged"", ""Proud, confident, determined""]","[""Excited, enthusiastic, elated"", ""Glad, happy, joyful""]","[""Worried, nervous, fearful""]","[""Worried, nervous, fearful""]"
5b9ca13a06114100010699b8_20260221_211806_699a1e71,"I went to the doctor with my daughter because she's struggling to eat a variety of food. I was hoping the doctor would give us some advice or refer us to a specialist for eating disorders, so we could get some expert help. Instead, the doctor told her she needed to try harder and said if she didn't, she wouldn't have a partner, have kids, or a job. Even after I expressed my concern that she might have an eating disorder, he dismissed it. I was very angry and felt hopeless. I also worried about my daughter and how it might have affected her listening to what the doctor said. I hoped that after going to the doctor, my daughter would feel as though she had been listened to and that there was hope for her to improve, but she was left feeling deflated.",True,,True,0.8333333333333334,False,False,False,0.0,0.9090909090909091,5,1.0,0.0,0.19117795083704175,0.03970079570433217,0.14676945529218258,0.879625427722931,True,[],"[""Sympathy, concern, compassion""]","[""Angry, frustrated, annoyed"", ""Confused, disoriented, surprised"", ""Despair, hopelessness, sorrow"", ""Lonely, isolated, disconnected from others"", ""Sad, downhearted, unhappy"", ""Worried, nervous, fearful""]","[""Angry, frustrated, annoyed"", ""Confused, disoriented, surprised"", ""Despair, hopelessness, sorrow"", ""Sad, downhearted, unhappy"", ""Worried, nervous, fearful""]"
5be1fe1eca095c0001ba077a_20260224_194716_699dfd18,"My friend insisted that I go visit her, so I agreed and started walking to her place. It's quite far, about an hour's walk. When I was almost there, she texted me saying she was going to sleep and suggested we meet next time. I was very upset and walked back home. I didn't text her back because I was upset that she just changed her mind, knowing that I had been walking a long distance already. It left me feeling like she doesn't appreciate me or respect me. Now, I've got trust issues about my friend.",True,,False,0.4,False,True,False,1.0,0.4,5,1.0,0.0,0.21201736394263637,0.0272510435301133,0.15245640480720918,0.8757274746894836,True,[],[],"[""Confused, disoriented, surprised"", ""Sad, downhearted, unhappy""]","[""Angry, frustrated, annoyed"", ""Lonely, isolated, disconnected from others"", ""Sad, downhearted, unhappy""]"
5c3cb9759883d4000141f800_20260305_223557_69aa00fc,"I was informed that a work colleague had passed away suddenly. I had been speaking to him just the other week and he seemed very well. Initially, I was shocked when I found out. It made me think of all the times we’d spent working together, and I felt sad. I felt a mixture of great memories but also a reminder that we shouldn’t take anything for granted; life is precious. I also had thoughts of his family and how they must be affected by this news.",True,,False,0.4,False,False,False,0.0,0.5,5,1.0,0.0,0.1418819231955217,0.019901719901719902,0.10709931449986954,0.8754268169403077,True,[],"[""Sympathy, concern, compassion""]","[""Sad, downhearted, unhappy""]","[""Confused, disoriented, surprised"", ""Despair, hopelessness, sorrow"", ""Sad, downhearted, unhappy""]"
5c49a4c1c41b2a0001840033_20260306_152850_69aaf15c,"I went to a gig, and when a certain song was played, I got emotional because of the personal meaning it has for me. I was thinking of the person the song reminds me of, and this made me upset but also comforted. Overall, I felt very touched by it and always will. I was focused on myself and the singer.",True,,False,0.25,False,False,False,0.4,0.0,5,1.0,0.0,0.25360326114392445,0.06557971014492754,0.19906088141753747,0.8833559155464172,True,"[""Love, closeness, trust"", ""Sympathy, concern, compassion""]","[""Grateful, appreciative, thankful"", ""Inspiration, admiration, appreciation"", ""Love, closeness, trust""]",[],"[""Despair, hopelessness, sorrow"", ""Lonely, isolated, disconnected from others"", ""Sad, downhearted, unhappy""]"
5c5346b553fba80001bc9662_20260228_163011_69a315dd,My brother has had a bad reaction to his cancer treatment. This made me a little emotional at the time. I am not happy discussing family problems with third parties.,False,insufficient_appraisal_coverage,,,,,,,,4,0.8,,,,,,,,,,
5cfebb94eafc4d001a62cbc9_20260221_200507_699a0ef8,My young son fell and cut his head. I immediately wanted to provide first aid to make sure he was okay and check that it wasn't a serious injury. The situation left me feeling guilty and worried.,True,,True,0.6666666666666666,False,False,False,0.0,0.8,5,1.0,0.0,0.12679690770266044,0.01111111111111111,0.09364680199441522,0.8662846684455872,True,[],"[""Sympathy, concern, compassion""]","[""Guilty, blameworthy, repentant"", ""Panicked, alarmed, freaked out"", ""Worried, nervous, fearful""]","[""Guilty, blameworthy, repentant"", ""Worried, nervous, fearful""]"
5d3f460e0be98c001711d2a5_20260303_105318_69a6bb63,"I was overwhelmed with the workload at work, feeling undervalued and under-resourced. Expectations were high, and there was limited empathy from colleagues outside my department. I felt pressure to deliver when there was no time to complete tasks without feeling rushed and without consideration. I was trying to complete a series of tasks and provide documents to support a business-wide project involving multiple outside companies. It was hard for the project to run smoothly due to varying timescales and demands. My department was the only one without additional resources to support the project. Being part-time and solo, the demands within a three-week window, with no forward planning or sight of timelines, made it difficult to respond with clarity and time to think for each request to help with this and that and share this and that with third parties to help the project progress. I felt overwhelmed, rushed, not listened to, and that there was no consideration from others that what was being asked was too much to deliver in the timeframes they wanted. No one offered to help take some of the tasks or asked how they could help or considered their own demands and if they were reasonable with the time allowed.",True,,False,0.25,False,False,False,0.0,0.2857142857142857,5,1.0,0.0,0.1333157483888398,0.004166666666666667,0.10825642233283601,0.8573225021362305,True,"[""Proud, confident, determined""]",[],"[""Angry, frustrated, annoyed""]","[""Angry, frustrated, annoyed"", ""Confused, disoriented, surprised"", ""Lonely, isolated, disconnected from others"", ""Panicked, alarmed, freaked out"", ""Sad, downhearted, unhappy"", ""Worried, nervous, fearful""]"
5d72a0831c86730001c78fd4_20260227_170116_69a1cb8c,"I visited a town on holiday that reminded me of the holidays I had with my son when he was young. He sadly died in 2023 at the age of 28. I was visiting with my sister and thought it would be a nice drive over the moors. I hadn't expected to feel so emotional. I was trying to have a nice drive over the moors with my sister, but I felt quite sad, thinking about my son and how lovely he was on the holidays we spent there together. I was only wishing I could turn back time, but I realized that this feeling of longing and sadness is something I will carry with me, and nothing will change it.",True,,False,0.33333333333333337,False,False,False,0.0,0.5,5,1.0,0.0,0.25186829372625574,0.05430505139149281,0.19960503261140733,0.8687045216560364,True,[],"[""Grateful, appreciative, thankful"", ""Love, closeness, trust""]","[""Sad, downhearted, unhappy""]","[""Despair, hopelessness, sorrow"", ""Lonely, isolated, disconnected from others"", ""Sad, downhearted, unhappy""]"
5d8cef3c28e183001a335ab0_20260221_200716_699a0e28,"I had to go to an urgent care treatment centre because I felt very poorly and was worried about my health. I was having heart palpitations, and my GP was concerned. I felt very emotional because I was worried and felt so unwell, and I didn't know what was wrong with me. I just wanted to feel better. But after seeing the nurse at the treatment centre, I felt distressed and upset because it seemed like my health concerns were dismissed.",True,,False,0.5714285714285715,False,True,False,1.0,0.5714285714285715,5,1.0,0.0,0.25391307790968326,0.027925842976234915,0.19080432522761365,0.8866034507751465,True,[],[],"[""Angry, frustrated, annoyed"", ""Worried, nervous, fearful""]","[""Angry, frustrated, annoyed"", ""Confused, disoriented, surprised"", ""Panicked, alarmed, freaked out"", ""Sad, downhearted, unhappy"", ""Worried, nervous, fearful""]"
5d959fdf9cf6ab001982afee_20260228_192404_69a33d3d,"I went on a short family holiday to a really nice place in the country. It was a small village that was pretty, with a castle and nice pubs and restaurants. The trip went well, and it was good family time. We love to travel, so we were looking to achieve a few things: travel somewhere new, see some new places, and cover a new area of the country. We wanted to make some family memories and help our children learn and grow. I was aiming for a nice, good value holiday that was busy but overall relaxing. I felt fine overall after the trip and am keen to do more, go somewhere else, and spend similar time as a family again. It was a positive experience and it contributes to my family's overall life goals. Value is important to me, as I like to remain frugal. Food and drink are also important to us, but mainly, it's crucial that our children are fulfilled, meaning they get time to play, relax, and see something interesting.",True,,True,0.6666666666666665,False,False,True,0.6666666666666665,1.0,5,1.0,0.0,0.15796100729767815,0.007547169811320756,0.10932311202649125,0.8706133484840393,True,"[""Calm, peaceful, relaxed"", ""Glad, happy, joyful"", ""Hopeful, optimistic, encouraged"", ""Love, closeness, trust""]","[""Calm, peaceful, relaxed"", ""Excited, enthusiastic, elated"", ""Glad, happy, joyful"", ""Love, closeness, trust"", ""Proud, confident, determined""]",[],[]
5d9b7c7efaa2860364b16476_20260226_151702_69a05fe9,"Last week, I lost my very close friend who had been suffering from a lot of diseases. After a few days, he reached the end of his life. I think life is nothing but a journey, and we need to be ready to say bye. This situation left me feeling like nothing is permanent.",True,,False,0.26666666666666666,False,False,False,0.22222222222222224,0.3333333333333333,5,1.0,0.0,0.18644932795308733,0.01993920972644377,0.15273050709140934,0.8811156988143921,True,"[""Amused, entertained"", ""Calm, peaceful, relaxed"", ""Grateful, appreciative, thankful"", ""Hopeful, optimistic, encouraged"", ""Proud, confident, determined""]","[""Grateful, appreciative, thankful"", ""Inspiration, admiration, appreciation"", ""Love, closeness, trust"", ""Sympathy, concern, compassion""]","[""Angry, frustrated, annoyed"", ""Ashamed, humiliated, embarrassed"", ""Despair, hopelessness, sorrow""]","[""Despair, hopelessness, sorrow"", ""Lonely, isolated, disconnected from others"", ""Sad, downhearted, unhappy""]"
5da767d89d0c290014c9851a_20260306_221255_69ab4bf8,"In the last week, I had to go into my new job before my formal employment date for a voluntary orientation and to bring in paperwork they needed for my onboarding. They told us in the email that most people go to these things, so I expected a large number of people to turn up. But when I arrived, only three of us had attended. I found the situation very overwhelming and nervous because the big boss was there giving us questions on a one-to-one basis, which I found hard since this is my first job in the specific field. In an ideal world, more people would be there so there was less attention on me and more of an opportunity to observe the role and learn as I go. The situation left me feeling very overwhelmed and anxious for my new job as I felt like I was in a worse situation than my peers who have more experience. It's my first office job and a real step up for me professionally.",True,,False,0.2222222222222222,False,False,False,0.0,0.2857142857142857,5,1.0,0.0,0.23061948715387848,0.023199851687059698,0.14842896363903432,0.8731641173362732,True,"[""Excited, enthusiastic, elated"", ""Hopeful, optimistic, encouraged""]",[],"[""Panicked, alarmed, freaked out""]","[""Ashamed, humiliated, embarrassed"", ""Confused, disoriented, surprised"", ""Guilty, blameworthy, repentant"", ""Lonely, isolated, disconnected from others"", ""Panicked, alarmed, freaked out"", ""Worried, nervous, fearful""]"
5dceca2541afe801a32e27ac_20260223_201647_699cb17d,"I have a close personal friend who I've known for over 25 years, and she has a granddaughter with some mental issues. I've known the granddaughter her entire life. Recently, the granddaughter has been living with my friend for a few months while she looks for a job and a place of her own. At first, they were getting along well, but now there's a lot of tension between them, and my friend wants to talk to me about it constantly. No matter what I say or recommend, it doesn't seem to please her. I'm at a point where I really don't want to talk to my friend about this situation anymore, but I don't know how to tell her. I keep suggesting that she seek counseling for her granddaughter and encourage her to move out. I don't want to be disloyal, but my friend insists on leaving things the way they are. It's very important to me that the granddaughter gets help with her mental issues, and I also want my friend to not be constantly stressed out because she has health issues of her own.",True,,True,0.6666666666666666,False,False,False,0.0,0.7499999999999999,5,1.0,0.0,0.25359606278738495,0.04390487819059248,0.1489753069973484,0.8749115705490113,True,[],"[""Sympathy, concern, compassion""]","[""Angry, frustrated, annoyed"", ""Sad, downhearted, unhappy"", ""Worried, nervous, fearful""]","[""Angry, frustrated, annoyed"", ""Confused, disoriented, surprised"", ""Guilty, blameworthy, repentant"", ""Sad, downhearted, unhappy"", ""Worried, nervous, fearful""]"
5dd438b65a40f24302c09c2d_20260306_153102_69aaf04a,"I was estranged from my daughter, but now we're getting back together. This week, she asked me to help her with her health insurance plan. I felt really emotional that she reached out to me for help. I sell insurance, and while she was growing up, I don't think she realized how important health insurance is and how it helps people, mainly because her mother told her my job wasn't important and that all I do is drive around. Despite the years of being estranged, I feel blessed by the Grace of God for helping me through, along with expert therapists who had gone through this horrible experience themselves. I've learned to be a better listener because of the estrangement and discovered the importance of expressing my feelings rather than assuming my daughter knows how I feel about her.",True,,False,0.3333333333333333,False,False,False,0.4,0.0,5,1.0,0.0,0.16485134096404067,0.006779661016949152,0.11866940589493105,0.8587923407554626,True,"[""Excited, enthusiastic, elated"", ""Glad, happy, joyful"", ""Hopeful, optimistic, encouraged"", ""Love, closeness, trust"", ""Proud, confident, determined"", ""Sympathy, concern, compassion""]","[""Grateful, appreciative, thankful"", ""Hopeful, optimistic, encouraged"", ""Inspiration, admiration, appreciation"", ""Love, closeness, trust""]",[],"[""Guilty, blameworthy, repentant"", ""Lonely, isolated, disconnected from others""]"
5dfb6c4d19232d899d182cda_20260219_230958_699794ef,"I was watching my great grandson drawing. I just wanted him to continue and not react to me watching him, allowing him to be his natural four-year-old self. The whole situation left me feeling warm, happy, and content. I was appreciating that he won't stay so young, innocent, and natural for long.",True,,True,0.7272727272727272,False,False,True,0.7272727272727272,1.0,5,1.0,0.017829219655748442,0.1585444499422728,0.045725089809037625,0.1409087910275441,0.8776086091995239,True,"[""Amused, entertained"", ""Calm, peaceful, relaxed"", ""Glad, happy, joyful"", ""Grateful, appreciative, thankful"", ""Hopeful, optimistic, encouraged"", ""Love, closeness, trust""]","[""Calm, peaceful, relaxed"", ""Glad, happy, joyful"", ""Grateful, appreciative, thankful"", ""Inspiration, admiration, appreciation"", ""Love, closeness, trust""]",[],[]
5e6ce118673e50000c303890_20260227_200304_69a1f5eb,"I went away for a few days with my family, and it was an emotionally positive experience. I wanted to escape from work and other commitments that have been emotionally draining. For those few days, I felt like there was nothing to worry about, just enjoy the moment. The clean, clear air and the area we were at was quiet and isolated. We were the only people for miles.",True,,True,0.8571428571428571,False,False,True,0.8571428571428571,1.0,5,1.0,0.0,0.23864913164104537,0.040098199672667756,0.14773039678700056,0.8757503986358642,True,"[""Calm, peaceful, relaxed"", ""Glad, happy, joyful"", ""Love, closeness, trust""]","[""Calm, peaceful, relaxed"", ""Glad, happy, joyful"", ""Grateful, appreciative, thankful"", ""Love, closeness, trust""]",[],[]
5e8d0c7d40d8520da1903a86_20260223_204912_699cbc4b,"A person I know recently finished a big project at work that they had been working on for several weeks. At first, they felt stressed and overwhelmed because there were tight deadlines and unexpected problems. In the end, the project was successful, and their team appreciated their effort. The situation ended on a positive note, and they felt relieved and proud once it was over. Being around them, I felt their stress along the way. I was trying to provide a listening ear and give support when I could. I felt good in the end, seeing others' triumph is beautiful.",True,,True,0.6,False,False,True,0.5,1.0,5,1.0,0.0,0.04862745098039216,0.0125,0.04862745098039216,0.8691802859306336,True,"[""Excited, enthusiastic, elated"", ""Hopeful, optimistic, encouraged"", ""Inspiration, admiration, appreciation"", ""Proud, confident, determined"", ""Sympathy, concern, compassion""]","[""Glad, happy, joyful"", ""Inspiration, admiration, appreciation"", ""Sympathy, concern, compassion""]","[""Worried, nervous, fearful""]","[""Worried, nervous, fearful""]"
5e94b43203807b339eef4947_20260306_164804_69ab0342,"I was trying to be nice to my daughter and connect with her by engaging in a conversation, asking what she wanted for dinner. Instead of responding, she was remote and rude to me, and then I got a page full of error messages. This situation left me feeling frustrated and a bit sad. It's important to me because this keeps happening, although there are other times when she's lovely and excitable.",True,,True,0.8,False,True,False,1.0,0.8,5,1.0,0.0,0.1742578436660126,0.04162162162162162,0.1453228442392099,0.8785043716430664,True,[],[],"[""Angry, frustrated, annoyed"", ""Sad, downhearted, unhappy""]","[""Angry, frustrated, annoyed"", ""Lonely, isolated, disconnected from others"", ""Sad, downhearted, unhappy""]"
5eaae0b28ba2df0570296c3a_20260227_173600_69a1d3b9,"I was feeling really sad for my father because he has dry gangrene, and it's getting worse. It's been going on for a while, and he's not well. I just wish he could be at peace and not have to suffer anymore. The whole situation leaves me feeling sad and a little despondent.",True,,False,0.4,False,False,False,0.0,0.6666666666666666,5,1.0,0.0,0.18133177617964635,0.015306122448979591,0.13188026307701764,0.8649709224700928,True,[],"[""Love, closeness, trust"", ""Sympathy, concern, compassion""]","[""Sad, downhearted, unhappy""]","[""Despair, hopelessness, sorrow"", ""Sad, downhearted, unhappy""]"
5eb0598b718c920e386736cd_20260305_204627_69a9e9e4,"Scenario: I recently received a pay raise at my job. I felt the urge to share the news with someone because it made me happy. The raise brought a sense of relief, especially with the rising costs of living, as it will be a significant help. However, it also made me feel like I need to demonstrate my value even more at work.",True,,False,0.5714285714285715,False,False,True,0.5714285714285715,1.0,5,1.0,0.0,0.18419225423833718,0.02011313639220616,0.13239389386854822,0.8760336399078369,True,"[""Glad, happy, joyful"", ""Grateful, appreciative, thankful"", ""Hopeful, optimistic, encouraged""]","[""Excited, enthusiastic, elated"", ""Glad, happy, joyful"", ""Hopeful, optimistic, encouraged"", ""Proud, confident, determined""]",[],[]
5f4a7a00dc1bde60ab8f7ac5_20260227_182021_69a1df78,"I'm feeling really frustrated because I don't have enough money to pay down my credit card debt. It's like I'm being drowned in bills and I just can't manage my debt adequately with my current income. This whole situation leaves me feeling like I'm sinking. On top of that, it's important for me to handle this without stressing out my elderly mom, who's prone to anxiety.",True,,True,0.8571428571428571,False,True,False,1.0,0.8571428571428571,5,1.0,0.0,0.18623454162324088,0.01818181818181818,0.13731011597535947,0.8679933786392212,True,[],[],"[""Angry, frustrated, annoyed"", ""Despair, hopelessness, sorrow"", ""Worried, nervous, fearful""]","[""Angry, frustrated, annoyed"", ""Despair, hopelessness, sorrow"", ""Guilty, blameworthy, repentant"", ""Worried, nervous, fearful""]"
5f57be602095072bb238a7ab_20260227_120824_69a1845a_c3,"It was my late mum's first birthday since she passed away last October, and it was especially hard for my dad. I supported him by going to her mum and dad's grave to tidy up, and I spent time with him since it was also Valentine's Day. It was emotionally sad but also positive. I wanted to let my dad know that I'm still here for him because I used to be a carer for her alongside him, being at the house every day with carers coming in and out. I think dad feels lonely in the house now, and I needed to make sure he was okay and knew that I'm here if he needed me or just wanted to talk about mum, which he did. I felt nostalgic and sad, a mixture really. When I left, I felt drained but happy to know that we are a close family and support each other through life. I'm not one for standing at a grave to grieve, but dad wanted to. We looked through photos, talked about mum, and I let him know I haven't forgotten. It's good to talk about sad things and good memories.",True,,False,0.5714285714285715,False,False,False,0.6,0.5,5,1.0,0.0,0.11483005366726298,0.015541951631673762,0.09833273703041144,0.8564634203910828,True,"[""Calm, peaceful, relaxed"", ""Grateful, appreciative, thankful"", ""Hopeful, optimistic, encouraged"", ""Inspiration, admiration, appreciation"", ""Love, closeness, trust"", ""Proud, confident, determined"", ""Sympathy, concern, compassion""]","[""Grateful, appreciative, thankful"", ""Love, closeness, trust"", ""Sympathy, concern, compassion""]","[""Sad, downhearted, unhappy""]","[""Despair, hopelessness, sorrow"", ""Lonely, isolated, disconnected from others"", ""Sad, downhearted, unhappy""]"
5f622fbe1fbbd21051cb28b3_20260226_170802_69a07c4e,"I had to go and speak to the Store Manager of the supermarket branch I work in about the way my shift supervisor spoke to me, which I found belittling and patronising. I wanted to be listened to and treated with more respect, so that I didn't dread coming into work or go away feeling upset. After the conversation, I didn't feel great - I didn't feel that he particularly agreed with my analysis or that he was very sympathetic. None of this is necessary, since the other three shift supervisors I work with are lovely. Which is another way of saying the problem is him, not me!",True,,True,0.6153846153846153,False,True,False,1.0,0.6153846153846153,5,1.0,0.0,0.1741262789895009,0.00634920634920635,0.11072291437033077,0.8744471192359924,True,[],[],"[""Angry, frustrated, annoyed"", ""Ashamed, humiliated, embarrassed"", ""Confused, disoriented, surprised"", ""Despair, hopelessness, sorrow"", ""Disgust, distaste, revulsion"", ""Lonely, isolated, disconnected from others"", ""Panicked, alarmed, freaked out"", ""Sad, downhearted, unhappy"", ""Worried, nervous, fearful""]","[""Angry, frustrated, annoyed"", ""Lonely, isolated, disconnected from others"", ""Sad, downhearted, unhappy"", ""Worried, nervous, fearful""]"
5fbea874041324074f0c3171_20260226_182654_69a08f08,"I was having such a lovely day and just wanted to relax and have a peaceful time at home. But my brother started shouting and slamming doors, which made the environment in the house really bad. I don't talk to him, so there was nothing I could do except stay in my room until he finished having his tantrum. The situation left me feeling really upset because all I wanted was some peace. I was also pretty angry at him for disturbing my peace. I ended up calling my mum to complain about his behavior, and I guess he heard me on the phone because he soon stopped.",True,,False,0.2857142857142857,False,True,False,1.0,0.2857142857142857,5,1.0,0.0,0.19982905982905982,0.020098039215686276,0.15373382173382172,0.880362594127655,True,[],[],"[""Angry, frustrated, annoyed"", ""Despair, hopelessness, sorrow"", ""Disgust, distaste, revulsion"", ""Panicked, alarmed, freaked out"", ""Sad, downhearted, unhappy"", ""Worried, nervous, fearful""]","[""Angry, frustrated, annoyed""]"
5fdbae0584b3a90525410347_20260302_161620_69a5b646,"I had a fantastic day on Saturday. The weather was nice, so I decided to get out of the house and run some errands. I needed to pick up a few groceries and drop off some recycling. Everyone I met was friendly and happy, which made the experience even better. I came home feeling happy and content, having accomplished everything without feeling anxious.",True,,True,0.6666666666666666,False,False,True,0.6666666666666666,1.0,5,1.0,0.0,0.17372941683775492,0.053626373626373625,0.16347300658134464,0.8852668404579163,True,"[""Calm, peaceful, relaxed"", ""Excited, enthusiastic, elated"", ""Glad, happy, joyful"", ""Grateful, appreciative, thankful"", ""Hopeful, optimistic, encouraged"", ""Proud, confident, determined""]","[""Calm, peaceful, relaxed"", ""Glad, happy, joyful"", ""Proud, confident, determined""]",[],[]
5ff07b5ee7a1d23e719e421e_20260227_145116_69a1ad7e,"I went and sat with my baby brother, who is 64, while he had his chemo treatment. I'm very sad that he has to go through this, and it doesn't look like his chances are very good, but he's a fighter. I sat with him for 2 hours, and he and all the other chemo patients in the room were talking and having a good time joking about their situation. It was uplifting, but also sad. I was trying to give him moral support. It left me feeling sad for all the people that have to go through this type of thing. It also made me feel glad that I could be there for him, especially since his wife died a few years ago and I didn't want him to be alone. Just being there to support him was important to me.",True,,True,0.8571428571428571,False,False,False,0.888888888888889,0.8,5,1.0,0.0,0.17539405834066613,0.046014399954466545,0.13821217663048252,0.88093022108078,True,"[""Hopeful, optimistic, encouraged"", ""Inspiration, admiration, appreciation"", ""Love, closeness, trust"", ""Sympathy, concern, compassion""]","[""Grateful, appreciative, thankful"", ""Hopeful, optimistic, encouraged"", ""Inspiration, admiration, appreciation"", ""Love, closeness, trust"", ""Sympathy, concern, compassion""]","[""Sad, downhearted, unhappy"", ""Worried, nervous, fearful""]","[""Despair, hopelessness, sorrow"", ""Sad, downhearted, unhappy"", ""Worried, nervous, fearful""]"
600a878fa6fbbf1ba60bea36_20260307_160805_69ac4a7f,"My father had collapsed and was taken to the hospital to be checked out. I was really anxious because I didn't know what had happened or how serious his condition was. I was comforted by my boyfriend, who was very understanding of the situation and how I was feeling. I wanted to get some news from the hospital on my father's condition, but initially, I couldn't get through to other family members to find out more. It was important to me to ensure the other members of the family were OK too, especially my Mum.",True,,False,0.4444444444444444,False,False,False,0.0,0.6666666666666666,5,1.0,0.0,0.22028227409647244,0.0379627246293913,0.1695681956107896,0.8733580946922302,True,[],"[""Grateful, appreciative, thankful"", ""Love, closeness, trust"", ""Sympathy, concern, compassion""]","[""Panicked, alarmed, freaked out"", ""Sad, downhearted, unhappy"", ""Worried, nervous, fearful""]","[""Confused, disoriented, surprised"", ""Panicked, alarmed, freaked out"", ""Worried, nervous, fearful""]"
601fd27860b197531ca7bdcc_20260220_222742_6998dd89,My sister-in-law was talking to me about an eating disorder that she previously had issues with. I was helping her to fill in a disclosure form for a job. I was surprised by what I'd learnt and hoped I'd dealt with it sensitively. Nothing was more important to me in that moment than to show care and consideration.,True,,True,0.8000000000000002,False,True,False,1.0,0.5,5,1.0,0.0,0.24052807150328942,0.033939393939393936,0.15858064554203605,0.8731007814407349,True,"[""Hopeful, optimistic, encouraged"", ""Love, closeness, trust"", ""Sympathy, concern, compassion""]","[""Hopeful, optimistic, encouraged"", ""Love, closeness, trust"", ""Sympathy, concern, compassion""]","[""Sad, downhearted, unhappy"", ""Worried, nervous, fearful""]","[""Confused, disoriented, surprised"", ""Worried, nervous, fearful""]"
603b7527efab507a7a9208d0_20260301_135445_69a4435e,"Me and my husband had a massive argument that really upset me. I wanted to know that we are still a team, but the situation left me feeling neglected and hurt.",True,,True,0.6666666666666666,False,False,False,0.0,0.8,5,1.0,0.0420473873665351,0.23280019993759388,0.09355199049316697,0.1901459776939895,0.8881777048110961,True,"[""Hopeful, optimistic, encouraged""]",[],"[""Angry, frustrated, annoyed"", ""Sad, downhearted, unhappy""]","[""Angry, frustrated, annoyed"", ""Lonely, isolated, disconnected from others"", ""Sad, downhearted, unhappy""]"
604075b84fd86b284480eaa9_20260301_191339_69a48e64,"I'm struggling with my financial situation due to health issues, and it's causing me a lot of stress to pay the high price of my health insurance. My partner's benefit check also got delayed, which has added more stress, making it difficult to manage. I've been feeling very sad, anxious, and stressed out trying to afford basic necessities to live, and it's caused me a lot of pain and exhaustion. I'm trying to find any way that I can to make more money and support my partner and myself. It's been a challenging road, and I need more money to feel okay. The situation has left me feeling sad, anxious, stressed, and exhausted, and I also feel some shame. It's important to me that my partner and I have enough money to survive.",True,,True,0.7272727272727272,False,True,False,1.0,0.7272727272727272,5,1.0,0.0,0.21569048180008926,0.04968885845325673,0.1820062712737735,0.87849862575531,True,[],[],"[""Angry, frustrated, annoyed"", ""Ashamed, humiliated, embarrassed"", ""Despair, hopelessness, sorrow"", ""Panicked, alarmed, freaked out"", ""Sad, downhearted, unhappy"", ""Worried, nervous, fearful""]","[""Ashamed, humiliated, embarrassed"", ""Despair, hopelessness, sorrow"", ""Guilty, blameworthy, repentant"", ""Sad, downhearted, unhappy"", ""Worried, nervous, fearful""]"
60e25008f1ecf0be303353bb_20260228_165505_69a31c2f,My first son moved out of the house and into his own place. I'm really excited for him because it's a great opportunity for growth. I'm feeling proud of him. I also need to make sure his mom and my other son are okay with the change and adapt well.,True,,True,0.6666666666666666,False,False,False,0.7272727272727273,0.0,5,1.0,0.0,0.13885077435229407,0.02615769712140175,0.11354465190331453,0.873347795009613,True,"[""Excited, enthusiastic, elated"", ""Glad, happy, joyful"", ""Hopeful, optimistic, encouraged"", ""Proud, confident, determined""]","[""Excited, enthusiastic, elated"", ""Glad, happy, joyful"", ""Hopeful, optimistic, encouraged"", ""Inspiration, admiration, appreciation"", ""Love, closeness, trust"", ""Proud, confident, determined"", ""Sympathy, concern, compassion""]","[""Worried, nervous, fearful""]",[]
60e85190b9cffd8fed0a064f_20260306_144837_69aae582,"My dad has prostate cancer and recently had his yearly blood test. The results came back, and unfortunately, his condition had worsened. He was supposed to receive a phone call from his doctor on a specific day to discuss the results, but the call never came. I was really worried about what would happen next and was hoping for some clarity and communication from the doctor regarding my dad's condition. The situation left me feeling annoyed and still worrying, which could have been avoided if the doctor had called as planned. Since it's cancer, time is always crucial. The quicker they act, the better the chances of it being able to be helped.",True,,True,0.6666666666666666,False,False,False,0.0,0.8,5,1.0,0.0,0.15836528267399058,0.03422764651680314,0.1221515233518071,0.8560910940170288,True,[],"[""Sympathy, concern, compassion""]","[""Angry, frustrated, annoyed"", ""Sad, downhearted, unhappy"", ""Worried, nervous, fearful""]","[""Angry, frustrated, annoyed"", ""Worried, nervous, fearful""]"
614e5092e08a3a2d3204ffd2_20260226_193314_69a09ef9,"I was trying to move my favorite chair back to my desk when it suddenly broke—the back snapped. I felt sad, depressed, and disappointed.",True,,False,0.5,False,True,False,1.0,0.5,5,1.0,0.0,0.26982582188122983,0.07064832186783407,0.20762356827974643,0.8889938473701477,True,[],[],"[""Angry, frustrated, annoyed"", ""Sad, downhearted, unhappy""]","[""Despair, hopelessness, sorrow"", ""Sad, downhearted, unhappy""]"
615567110b3d6e418c6add32_20260308_143932_69ad81da,"Last week, I had a disagreement with a friend about a small issue. At first, it made me feel upset and stressed, but later we talked and understood each other better. I really wanted to solve the problem and understand each other. In the end, the situation improved and we felt okay again. I felt better and more relieved after we talked and understood each other.",True,,False,0.588235294117647,False,False,False,0.6666666666666666,0.5,5,1.0,0.0,0.16549967120519768,0.0,0.1169514714374857,0.8924575090408325,True,"[""Calm, peaceful, relaxed"", ""Glad, happy, joyful"", ""Grateful, appreciative, thankful"", ""Hopeful, optimistic, encouraged"", ""Love, closeness, trust"", ""Proud, confident, determined""]","[""Calm, peaceful, relaxed"", ""Glad, happy, joyful"", ""Hopeful, optimistic, encouraged""]","[""Angry, frustrated, annoyed"", ""Lonely, isolated, disconnected from others"", ""Panicked, alarmed, freaked out"", ""Worried, nervous, fearful""]","[""Angry, frustrated, annoyed"", ""Confused, disoriented, surprised"", ""Sad, downhearted, unhappy"", ""Worried, nervous, fearful""]"
6169ea2f9163a46bf5f356e2_20260306_150738_69aaeab5,"I saw some photos of my children when they were younger—babies—and it made me feel sad that I won't get that time again. Back then, my amazing father was ill and later passed away, so I didn't appreciate those moments properly. I wanted to go back in time and feel like I did before everything became sad. Seeing those photos left me feeling sad for the loss of my father and guilty for not valuing the time with him and my children when they were younger. I didn't know what was going to happen, but it still doesn't stop me from feeling guilty and annoyed with myself for not immersing myself more in memory making. It's a lesson that I need to live more in the moment and take time to appreciate all of the good things I have going on, even though I know deep down I will never feel the same way again and will always have a deep sadness for my father.",True,,False,0.5714285714285715,False,True,False,1.0,0.5714285714285715,5,1.0,0.0,0.20305849612572305,0.03305380333951763,0.16007039179308086,0.8749802708625793,True,[],[],"[""Guilty, blameworthy, repentant"", ""Sad, downhearted, unhappy""]","[""Angry, frustrated, annoyed"", ""Ashamed, humiliated, embarrassed"", ""Despair, hopelessness, sorrow"", ""Guilty, blameworthy, repentant"", ""Sad, downhearted, unhappy""]"
62f18c2d37a5f255f351b61d_20260301_155946_69a45f74,"My father died, and it was a moment that brought up a lot of emotions for me. We had a very complicated relationship over the years, and I found myself wanting answers that nobody could really give me—not even him. Sometimes, I felt almost void of anything, and then there would be a rush of sadness or a rush of joy. What mattered most to me was that at the end of his life, I forgave him, and we had the relationship that we deserved.",True,,False,0.5333333333333333,False,False,False,0.0,0.6666666666666666,5,1.0,0.0,0.21374283642915687,0.026451792164490135,0.16075622101796508,0.8654016017913818,True,[],"[""Grateful, appreciative, thankful"", ""Inspiration, admiration, appreciation"", ""Love, closeness, trust""]","[""Angry, frustrated, annoyed"", ""Confused, disoriented, surprised"", ""Despair, hopelessness, sorrow"", ""Disgust, distaste, revulsion"", ""Lonely, isolated, disconnected from others"", ""Panicked, alarmed, freaked out"", ""Sad, downhearted, unhappy"", ""Worried, nervous, fearful""]","[""Confused, disoriented, surprised"", ""Despair, hopelessness, sorrow"", ""Lonely, isolated, disconnected from others"", ""Sad, downhearted, unhappy""]"
63cedafa29d08471b828a96a_20260220_193701_6998b4d4,"A group of men came to stay in our village from London, and they were trying to break into cars and houses, which was really intimidating for the residents. This was very scary because things like this don't usually happen around here. I needed to go to the shop, but I knew they were hanging around there, so I decided to go without and stayed at home instead. I also stayed up late, feeling scared in case they tried to break into my home. Living on my own, I felt scared and lonely. This whole situation made me realize I need to make plans, just in case scary things like this ever happen again.",True,,True,0.6,False,True,False,1.0,0.6,5,1.0,0.0,0.19746751037626725,0.01773739995673805,0.13165305844730218,0.8794004440307617,True,[],[],"[""Angry, frustrated, annoyed"", ""Confused, disoriented, surprised"", ""Despair, hopelessness, sorrow"", ""Lonely, isolated, disconnected from others"", ""Panicked, alarmed, freaked out"", ""Sad, downhearted, unhappy"", ""Worried, nervous, fearful""]","[""Lonely, isolated, disconnected from others"", ""Panicked, alarmed, freaked out"", ""Worried, nervous, fearful""]"
63d5b810f3dbbd11e7e65870_20260301_181249_69a47e8b,"It was a weekend afternoon, and my partner and I were enjoying some time at a nearby community park. We were having a great moment, doing some minor running to ensure I stay physically fit. As we were running, we unexpectedly bumped into a long-term friend. I felt quite excited to meet them, and the happy moments we shared were amazing. We loved this.",False,insufficient_appraisal_coverage,,,,,,,,4,0.8,,,,,,,,,,
63e51be37501e0245d559a51_20260301_163127_69a46903,"I went to my future baby's scan, hoping that everything would be great healthwise. I felt happy because everything is going smoothly. It was important to me that my partner felt fine emotionally too.",True,,True,1.0,True,True,True,1.0,1.0,5,1.0,0.0,0.17173971227835394,0.056924027905071825,0.16459685513549682,0.8769988536834716,True,"[""Calm, peaceful, relaxed"", ""Excited, enthusiastic, elated"", ""Glad, happy, joyful"", ""Grateful, appreciative, thankful"", ""Hopeful, optimistic, encouraged"", ""Love, closeness, trust"", ""Proud, confident, determined""]","[""Calm, peaceful, relaxed"", ""Excited, enthusiastic, elated"", ""Glad, happy, joyful"", ""Grateful, appreciative, thankful"", ""Hopeful, optimistic, encouraged"", ""Love, closeness, trust"", ""Proud, confident, determined""]",[],[]
63f77bdf07da8d9275eee1e4_20260301_213834_69a4b0cd,"My wife and I have this little tradition where we buy scratch-off tickets from the gas station each week just for fun. This time, we both won; she got $15 and I got $10, which was awesome. Even though it wasn't a huge amount, it felt great to finally win. The whole experience made us feel good and was really positive. We were just trying to have fun and enjoy some time together, and winning money was a nice bonus. It made me feel like a winner, and spending that time with my wife was really cool.",True,,True,0.7272727272727273,False,False,True,0.7272727272727273,1.0,5,1.0,0.0,0.1738080495356037,0.019813519813519816,0.1368145854833161,0.87254399061203,True,"[""Calm, peaceful, relaxed"", ""Excited, enthusiastic, elated"", ""Glad, happy, joyful"", ""Grateful, appreciative, thankful"", ""Hopeful, optimistic, encouraged"", ""Love, closeness, trust"", ""Proud, confident, determined""]","[""Excited, enthusiastic, elated"", ""Glad, happy, joyful"", ""Love, closeness, trust"", ""Proud, confident, determined""]",[],[]
643ebfff661435ecda5a3580_20260228_190856_69a33952_c5,"A dear friend of mine had a terrible accident where she fell and broke her neck in two places, along with her tailbone, hip, and pelvis. She also has COPD, and the hospital overdosed her twice, making her oxygen levels very bad and hard to control. I've been following her situation closely and talking to her, but she's not out of the woods yet. I sent her a bear that says 'I f...... love you,' which is a good support for her neck and cheers her up. It's tough because I live in Michigan and she lives in Oklahoma, so I can't see her in person. I have COPD too, so I guess I'm more worried about the pain she's going through and the unstable oxygen levels she's experiencing, along with her lungs filling up. I just don't want her to be in pain.",True,,True,0.6666666666666666,False,False,False,0.0,0.8,5,1.0,0.0,0.1956326960038519,0.030274375933432896,0.16094432351060134,0.8646366596221924,True,[],"[""Love, closeness, trust"", ""Sympathy, concern, compassion""]","[""Angry, frustrated, annoyed"", ""Despair, hopelessness, sorrow"", ""Lonely, isolated, disconnected from others"", ""Panicked, alarmed, freaked out"", ""Sad, downhearted, unhappy"", ""Worried, nervous, fearful""]","[""Despair, hopelessness, sorrow"", ""Lonely, isolated, disconnected from others"", ""Sad, downhearted, unhappy"", ""Worried, nervous, fearful""]"
648a30a2847ab1c5fa5785f8_20260309_203417_69af2ada,"I volunteer at a pony charity that helps young people with learning disabilities experience riding. Recently, someone cut the fences, and the ponies escaped. We managed to retrieve them, but they had puncture wounds and were clearly traumatized. Now, the ponies need time to rest and heal, which means the children are missing out on this valuable experience. We have to cover the vet bills and repair the fences, so we've all come together to help the ponies recover and fix the damage. It's really sad to see the ponies and the children affected like this, but I'm relieved it wasn't worse, like a car accident involving the loose ponies.",True,,False,0.36363636363636365,False,False,False,0.4,0.3333333333333333,5,1.0,0.0,0.10650867616384858,0.02212121212121212,0.09698486664003905,0.8597127795219421,True,"[""Grateful, appreciative, thankful""]","[""Grateful, appreciative, thankful"", ""Love, closeness, trust"", ""Proud, confident, determined"", ""Sympathy, concern, compassion""]","[""Angry, frustrated, annoyed"", ""Sad, downhearted, unhappy""]","[""Despair, hopelessness, sorrow"", ""Guilty, blameworthy, repentant"", ""Sad, downhearted, unhappy"", ""Worried, nervous, fearful""]"
64a80dd34fd0539ee3761e6a_20260226_161245_69a06ec1,"I visited my daughter's house and saw the grandkids. We hugged, and I noticed how quickly they are growing up. I wanted to spend time with my family and feel connected, and I also wanted to see the kids and catch up. I felt happy and a little sad at the same time, which I don't know why. I also felt content and a bit aware of how fast time is passing. I don't take these moments for granted. I want to be present when I'm with them.",True,,False,0.5714285714285714,False,False,True,0.4000000000000001,1.0,5,1.0,0.0,0.14632200759479302,0.02568627450980392,0.11012117612693244,0.8651873707771301,True,"[""Excited, enthusiastic, elated"", ""Glad, happy, joyful"", ""Grateful, appreciative, thankful"", ""Hopeful, optimistic, encouraged"", ""Proud, confident, determined""]","[""Calm, peaceful, relaxed"", ""Glad, happy, joyful"", ""Grateful, appreciative, thankful"", ""Inspiration, admiration, appreciation"", ""Love, closeness, trust""]","[""Lonely, isolated, disconnected from others"", ""Sad, downhearted, unhappy""]","[""Lonely, isolated, disconnected from others"", ""Sad, downhearted, unhappy""]"
652c5f38cf13042034313b91_20260226_204758_69a0addb,"I got into a disagreement with my boss at work. We had different views on why we weren't hitting our numbers or getting the results we wanted. I was trying to explain things from my point of view, hoping he'd understand that we were short-staffed during certain times and overstaffed when it wasn't necessary. I suggested changing the scheduling, but he didn't like that idea. It made me feel upset and angry because I really wanted him to see my perspective, but he didn't take me seriously. What's important to me is that I held my ground. Normally, I cave in and just accept things, but this time I was much more direct.",True,,False,0.5714285714285715,False,False,False,0.5,0.6666666666666666,5,1.0,0.0,0.1609630891983833,0.023117842524850607,0.12324303147832558,0.8714324593544006,True,"[""Excited, enthusiastic, elated"", ""Hopeful, optimistic, encouraged"", ""Proud, confident, determined""]","[""Proud, confident, determined""]","[""Angry, frustrated, annoyed"", ""Confused, disoriented, surprised""]","[""Angry, frustrated, annoyed""]"
6533d0faaaf6d193fc2bf4f1_20260228_184753_69a336c1,I couldn't stop crying while remembering my brother. I was hoping he is at peace. The whole situation left me feeling sad and emotional. Listening to music and looking at pictures were significant aspects of this experience for me.,True,,False,0.5,False,False,False,0.0,0.6666666666666666,5,1.0,0.0,0.1696697208892331,0.024331797235023038,0.14779241120704537,0.876888120174408,True,[],"[""Hopeful, optimistic, encouraged"", ""Love, closeness, trust""]","[""Despair, hopelessness, sorrow"", ""Sad, downhearted, unhappy"", ""Worried, nervous, fearful""]","[""Despair, hopelessness, sorrow"", ""Lonely, isolated, disconnected from others"", ""Sad, downhearted, unhappy""]"
655fb104e3d55d460e274ddf_20260228_215919_69a362e2,"One of my roommates ate my food, and this time it was my entire box of Quaker oatmeal. I wanted to take that particular food to work because it's easy to just heat up and go. I was upset and ended up being hangry since I didn't have money to buy food. I have a lot of roommates, and I was frustrated because they could have just asked for some instead of stealing.",True,,True,0.6666666666666666,False,True,False,1.0,0.6666666666666666,5,1.0,0.0,0.16959220181811546,0.01826673585884795,0.13142881481751917,0.868528950214386,True,[],[],"[""Angry, frustrated, annoyed"", ""Despair, hopelessness, sorrow"", ""Disgust, distaste, revulsion"", ""Sad, downhearted, unhappy""]","[""Angry, frustrated, annoyed"", ""Sad, downhearted, unhappy""]"
659d52af923c07a8e1aac79a_20260306_154620_69aaf5d4,"My horse got cold and wet in the rain, and I needed to get her inside to dry her off and warm her up. It was a bit of a struggle because other horses were trying to come in too, which made it difficult to manage. I felt really angry about the situation because my horse's wellbeing is so important to me.",True,,False,0.4444444444444445,False,False,False,0.0,0.6666666666666666,5,1.0,0.024078435074822623,0.24722680080126888,0.08113756613756615,0.1949630645375326,0.8818715572357178,True,[],"[""Love, closeness, trust"", ""Proud, confident, determined"", ""Sympathy, concern, compassion""]","[""Angry, frustrated, annoyed"", ""Despair, hopelessness, sorrow"", ""Panicked, alarmed, freaked out"", ""Worried, nervous, fearful""]","[""Angry, frustrated, annoyed"", ""Worried, nervous, fearful""]"
65c017a404cde4687fdad22e_20260220_233909_6998ee71,"My wife of 29 years recently passed away from Stage 1 small cell lung cancer. Now, I'm going through the house and sorting her things to give to family, friends, and charity. I'm focusing on her clothing and jewelry, making sure they go to people she loved and cherished during her lifetime. Doing this has finally given me a sense of relief, as I'm glad to be doing something other than grieving and being depressed all the time.",True,,False,0.5882352941176471,False,False,False,0.4444444444444445,0.75,5,1.0,0.0,0.23263125763125764,0.027073564167010546,0.16132478632478633,0.8770737051963806,True,"[""Grateful, appreciative, thankful"", ""Hopeful, optimistic, encouraged"", ""Love, closeness, trust"", ""Proud, confident, determined""]","[""Calm, peaceful, relaxed"", ""Grateful, appreciative, thankful"", ""Inspiration, admiration, appreciation"", ""Love, closeness, trust"", ""Sympathy, concern, compassion""]","[""Angry, frustrated, annoyed"", ""Despair, hopelessness, sorrow"", ""Lonely, isolated, disconnected from others"", ""Sad, downhearted, unhappy""]","[""Despair, hopelessness, sorrow"", ""Guilty, blameworthy, repentant"", ""Lonely, isolated, disconnected from others"", ""Sad, downhearted, unhappy""]"
65c6762ea86de7fbe4ac9406_20260224_173803_699dde61,"Scenario: Last week was Lunar New Year, and I found myself contemplating whether I should reach out to my parents. Ultimately, I decided against it, primarily due to a lack of motivation. Living in America provided me with a convenient reason not to make contact since Lunar New Year isn't widely celebrated here. The tension stemmed from my complicated relationship with my parents. I maintain communication with them mainly out of a sense of duty and obligation. The day went by without any contact from either side, leaving me with mixed emotions. I was uncertain about reaching out. My feelings towards my parents aren't positive, yet I experience guilt when I feel I'm not fulfilling my role as a daughter. I didn't have any specific needs or desires; I just wished these complex emotions didn't cause me anxiety. The situation left me feeling uncomfortable, guilty, disappointed, and resentful. I'm questioning whether there's anything left to salvage in my relationship with my parents. Not reaching out makes me wonder if perhaps there isn't.",True,,False,0.5,False,True,False,1.0,0.5,5,1.0,0.0,0.2109325220143866,0.018663895002853183,0.12935435781986965,0.8711028814315795,True,[],[],"[""Guilty, blameworthy, repentant"", ""Sad, downhearted, unhappy"", ""Worried, nervous, fearful""]","[""Ashamed, humiliated, embarrassed"", ""Despair, hopelessness, sorrow"", ""Guilty, blameworthy, repentant"", ""Lonely, isolated, disconnected from others"", ""Sad, downhearted, unhappy""]"
65e6edd1a876f1d8487f379b_20260305_231620_69aa0cf4,"A friend that I had a falling out with a couple of years ago just recently contacted me, and I haven't responded to him yet. I just want to know if he's in a good place and if he's wanting to change from how he was before when our friendship ended. The whole situation is mostly negative for me; it's stressful and causes me anxiety. I'm worried about how I will be personally judged after making no life progress in the last couple of years since we last talked. I feel embarrassed.",True,,True,0.6666666666666666,False,False,False,0.6666666666666666,0.6666666666666666,5,1.0,0.0,0.17380434284594926,0.007017543859649122,0.11936679498690299,0.8729696869850159,True,"[""Hopeful, optimistic, encouraged"", ""Sympathy, concern, compassion""]","[""Sympathy, concern, compassion""]","[""Ashamed, humiliated, embarrassed"", ""Confused, disoriented, surprised"", ""Panicked, alarmed, freaked out"", ""Worried, nervous, fearful""]","[""Ashamed, humiliated, embarrassed"", ""Worried, nervous, fearful""]"
6610490691f72e42aa124c90_20260301_164842_69a46b2c,"I was coming out of a store when a solicitor stopped me to ask if I would like to donate. I said no thank you, but she blocked my way. As I walked past, she called me rude, and I turned around and told her she was the one being rude, and that I was polite by saying no thank you. She started yelling at me, telling me to get the store manager, and I told her she was harassing customers and should stop. Then she started asking for my name and said she was calling her supervisor. I looked at the donation table to get the name of the organization and proceeded to leave, but she followed me to my car. I just wanted to pass her by and leave the store, so I said no thank you. But she wouldn't let me leave easily. I wanted to get away. I've been in a situation where I was assaulted in my past, so no means no, but she didn't want to accept no as an answer. I felt like I should stand up for myself and for all the customers being harassed by her. I was shaking so bad, I couldn't stop crying, and I was scared. Justice was important to me. No one should be treated that way. So I called the store manager, I called the local police, and then the organization she was representing. In the end, they were told if they kept harassing people, they would be asked to leave, and the organization said it was an independent marketing company providing this service and they were going to stop using them.",True,,False,0.5,False,False,False,0.0,0.5714285714285715,5,1.0,0.0,0.20875988488556524,0.032503932503932506,0.1451790184843129,0.8780692458152771,True,[],"[""Proud, confident, determined""]","[""Angry, frustrated, annoyed"", ""Ashamed, humiliated, embarrassed"", ""Confused, disoriented, surprised"", ""Panicked, alarmed, freaked out""]","[""Angry, frustrated, annoyed"", ""Panicked, alarmed, freaked out"", ""Worried, nervous, fearful""]"
6631dd70c1393b01137d8453_20260228_163013_69a31305,"I was informed that I had received a promotion at work, which meant I would be working my last week at the store I was currently at. I was trying to improve my standing in the organization with this promotion, and I needed positive reinforcement from my employees and peers. Overall, I felt positive about the promotion, but it was also bittersweet because I had grown close to a lot of the employees at my old location, and I will miss them. It was important to me to receive validation from my former employees that they enjoyed working with me and felt I did a good job.",True,,True,0.75,False,False,False,0.8571428571428571,0.0,5,1.0,0.0,0.19999461368124966,0.02214948172394981,0.15260159195643067,0.8617637753486633,True,"[""Calm, peaceful, relaxed"", ""Excited, enthusiastic, elated"", ""Glad, happy, joyful"", ""Grateful, appreciative, thankful"", ""Hopeful, optimistic, encouraged"", ""Inspiration, admiration, appreciation"", ""Proud, confident, determined""]","[""Excited, enthusiastic, elated"", ""Glad, happy, joyful"", ""Grateful, appreciative, thankful"", ""Hopeful, optimistic, encouraged"", ""Inspiration, admiration, appreciation"", ""Love, closeness, trust"", ""Proud, confident, determined""]",[],"[""Lonely, isolated, disconnected from others"", ""Sad, downhearted, unhappy""]"
663b34f2cf27da2a623b94f9_20260227_153742_69a1b5ea,"It was my granddaughter's 18th birthday last Sunday, and we had a precelebration at my house on Friday. Then, on Sunday, we all met up in Exeter for an Escape Room experience and a meal. I wanted to enjoy the celebration with my whole family, especially with my granddaughter. My family is very important to me, and we don't meet up enough, so I was really hoping for a drama-free gathering, which usually isn't the case when we all get together. This time, it left me feeling really good and appreciative of the special connection we have. I wanted my family to appreciate me, and I certainly think they do. My granddaughter asked me to voice record a special message for her to be inserted in a bear that I had given her 16 years ago, which was being revamped at the shop called Build a Bear. I felt special that she asked me to do that.",True,,True,0.6153846153846153,False,False,True,0.6153846153846153,1.0,5,1.0,0.0,0.2059082084505813,0.03264180917671246,0.15332984316035164,0.8717196822166443,True,"[""Amused, entertained"", ""Calm, peaceful, relaxed"", ""Excited, enthusiastic, elated"", ""Glad, happy, joyful"", ""Grateful, appreciative, thankful"", ""Hopeful, optimistic, encouraged"", ""Inspiration, admiration, appreciation"", ""Love, closeness, trust"", ""Proud, confident, determined""]","[""Glad, happy, joyful"", ""Grateful, appreciative, thankful"", ""Inspiration, admiration, appreciation"", ""Love, closeness, trust""]",[],[]
6658c15eee055973009951d0_20260306_164317_69ab01e8,"The opportunity for work got taken away, and I was really trying to work for money. It was hard to come across the opportunity, and when it slipped away, I felt tired and drained.",True,,False,0.28571428571428575,False,False,False,0.0,0.3333333333333333,5,1.0,0.0,0.13951181645678798,0.03197492163009404,0.13951181645678798,0.8766414761543274,True,"[""Hopeful, optimistic, encouraged""]",[],"[""Angry, frustrated, annoyed"", ""Confused, disoriented, surprised"", ""Sad, downhearted, unhappy"", ""Worried, nervous, fearful""]","[""Despair, hopelessness, sorrow"", ""Sad, downhearted, unhappy""]"
66597efb84cb793eeaa06ef8_20260226_200652_69a0a2d3,"Yesterday, my father was diagnosed with lymphatic cancer, and it was quite emotional for me. He had been suffering for six months, and it felt like things had come to an end with the diagnosis. I wanted to feel relief because we did not know what was wrong with him. I had a cocktail of emotions. Firstly, I was angry that the diagnosis took so long, then stressed that he now faces a long period of treatment, and tired because this has been mentally exhausting. It was important to me to talk to the consultant to determine his treatment programme.",True,,True,0.6,False,True,False,1.0,0.6,5,1.0,0.0,0.1794035394094425,0.01509433962264151,0.13156737768644844,0.8745596051216126,True,[],[],"[""Angry, frustrated, annoyed"", ""Despair, hopelessness, sorrow"", ""Panicked, alarmed, freaked out""]","[""Angry, frustrated, annoyed"", ""Confused, disoriented, surprised"", ""Despair, hopelessness, sorrow"", ""Guilty, blameworthy, repentant"", ""Panicked, alarmed, freaked out"", ""Sad, downhearted, unhappy"", ""Worried, nervous, fearful""]"
665c738a0fa99b0a682780f2_20260305_225050_69aa0631,"My 20-year-old cat broke her tooth and has been in a lot of pain while we wait for our veterinarian appointment. I really needed her not to be in pain and to start eating and drinking again. I've had to force feed her for the last two days. It feels like I'm the one with a broken tooth because I love my cat so much, and it hurts me when she's in pain. It's all I can think about. On top of that, my wife hasn't been supportive and suggested putting the cat down instead of fixing its tooth. I've known this cat longer than I've known my wife.",True,,True,0.6666666666666666,False,False,False,0.0,0.8000000000000002,5,1.0,0.0,0.23896177896177898,0.01953976034858388,0.15364080364080362,0.8684309720993042,True,[],"[""Love, closeness, trust"", ""Sympathy, concern, compassion""]","[""Angry, frustrated, annoyed"", ""Despair, hopelessness, sorrow"", ""Panicked, alarmed, freaked out"", ""Sad, downhearted, unhappy"", ""Worried, nervous, fearful""]","[""Angry, frustrated, annoyed"", ""Despair, hopelessness, sorrow"", ""Lonely, isolated, disconnected from others"", ""Sad, downhearted, unhappy"", ""Worried, nervous, fearful""]"
66718bbb61a1ad0225968d18_20260305_141912_69a98f79,"A positive experience that happened very recently was my wedding, last weekend. I got married to my now husband after being together for nine years. I wanted a small family, friend-focused day with all our closest loved ones. Initially, I felt a bit worried and fearful about being on show, but eventually, I felt very content. It was important for me to remain calm, stay happy, and remember to enjoy the moment.",True,,False,0.3636363636363636,False,False,False,0.4444444444444445,0.0,5,1.0,0.0,0.16130852383483962,0.014104546860501083,0.11342517910938962,0.8606314539909363,True,"[""Glad, happy, joyful"", ""Grateful, appreciative, thankful"", ""Hopeful, optimistic, encouraged"", ""Love, closeness, trust""]","[""Calm, peaceful, relaxed"", ""Excited, enthusiastic, elated"", ""Glad, happy, joyful"", ""Love, closeness, trust"", ""Proud, confident, determined""]","[""Confused, disoriented, surprised""]","[""Worried, nervous, fearful""]"
668e88ea6a476e76e0c1993b_20260307_195836_69ac7c84,"Last week, I was eagerly anticipating the arrival of my newborn baby. We had planned for his arrival about two weeks ago, but he actually came last week. My wife and I are expecting not just a new baby, but also a new house. The whole situation felt overwhelming. What mattered most to me was the condition of my newborn baby.",True,,False,0.2857142857142857,False,False,False,0.3636363636363636,0.0,5,1.0,0.0,0.1658888888888889,0.008333333333333333,0.11888888888888889,0.8710252642631531,True,"[""Calm, peaceful, relaxed"", ""Excited, enthusiastic, elated"", ""Glad, happy, joyful"", ""Grateful, appreciative, thankful"", ""Hopeful, optimistic, encouraged"", ""Inspiration, admiration, appreciation"", ""Love, closeness, trust"", ""Proud, confident, determined"", ""Sympathy, concern, compassion""]","[""Love, closeness, trust"", ""Sympathy, concern, compassion""]",[],"[""Confused, disoriented, surprised"", ""Despair, hopelessness, sorrow"", ""Worried, nervous, fearful""]"
669677d986a5a20026bbf20e_20260228_134651_69a2ef80,"My daughter, who has had her struggles with mental health, made me feel very proud this week. She managed the demands of her new job while also looking after her boyfriend, who is ill. I was just observing how proud I was of her development. I felt very proud of her and wanted to convey this to her without being patronizing. It's important that she knows how proud I am of her, especially since she often feels her brother is 'more impressive.'",True,,True,0.8,False,False,True,0.8,1.0,5,1.0,0.0,0.13327291298030583,0.01603174603174603,0.10840849912965919,0.8751822233200073,True,"[""Grateful, appreciative, thankful"", ""Hopeful, optimistic, encouraged"", ""Inspiration, admiration, appreciation"", ""Proud, confident, determined""]","[""Glad, happy, joyful"", ""Grateful, appreciative, thankful"", ""Hopeful, optimistic, encouraged"", ""Inspiration, admiration, appreciation"", ""Love, closeness, trust"", ""Proud, confident, determined""]",[],[]
66a35864d80b66f563731c3e_20260308_135112_69ad7c41,"My friend's son was rushed to the hospital with a brain bleed, and it was a really intense situation. I had her puppy with me so she could go back and forth to the hospital without worrying about her pet. I wanted to be as supportive as I could, and having the puppy was one way I could help her concentrate on her son. At first, I was really worried and upset because I thought it might be fatal. I was also trying to think ahead about how I could support my friend if the worst was to happen.",True,,False,0.5,False,False,False,0.0,0.6666666666666666,5,1.0,0.0,0.159109678959303,0.023056092843326888,0.09971834347774197,0.8716294646263123,True,[],"[""Love, closeness, trust"", ""Sympathy, concern, compassion""]","[""Despair, hopelessness, sorrow"", ""Panicked, alarmed, freaked out"", ""Sad, downhearted, unhappy"", ""Worried, nervous, fearful""]","[""Despair, hopelessness, sorrow"", ""Worried, nervous, fearful""]"
66a426bcd6c66d59e395617b_20260302_155945_69a5b18a,"A close family member, my cousin, passed away, and I was unable to attend the funeral because I was sick. I really wanted to be there, but my illness kept me from going. Not being able to attend made me feel guilty, like I should have gone anyways despite being sick, and I felt selfish for not being there.",True,,False,0.5714285714285715,False,False,False,0.0,0.8,5,1.0,0.0,0.15865231835909288,0.03625256260418064,0.12546391256199144,0.8699723362922669,True,[],"[""Love, closeness, trust"", ""Sympathy, concern, compassion""]","[""Despair, hopelessness, sorrow"", ""Guilty, blameworthy, repentant"", ""Sad, downhearted, unhappy""]","[""Guilty, blameworthy, repentant"", ""Sad, downhearted, unhappy""]"
66c5e966b2fe5aaf2cb5c393_20260228_142438_69a2f75c,"A family member had to go to the hospital, but they had to go on their own because there was nobody available to accompany them at the time. I really wanted to be there with them to provide some emotional support and try to take some of the stress away so they could just concentrate on getting the medical attention they needed. Being over 100 miles away left me feeling helpless because I couldn't provide any of these things. What was important to me was that they received the medical attention they needed and that it made the situation better. Thankfully, once they got the medical attention, they started to feel better.",True,,False,0.18181818181818182,False,False,False,0.0,0.28571428571428575,5,1.0,0.0,0.1698222789051564,0.02920664701152506,0.1400054371878172,0.882120144367218,True,[],"[""Grateful, appreciative, thankful"", ""Hopeful, optimistic, encouraged"", ""Love, closeness, trust"", ""Sympathy, concern, compassion""]","[""Despair, hopelessness, sorrow"", ""Panicked, alarmed, freaked out"", ""Sad, downhearted, unhappy"", ""Worried, nervous, fearful""]","[""Guilty, blameworthy, repentant"", ""Lonely, isolated, disconnected from others"", ""Worried, nervous, fearful""]"
66cb2e0bd2169db778550269_20260228_180328_69a32c85,"I had an argument with a close friend. I wanted to go somewhere with her, but she told me she was sick. Now, she's begging to meet up on a day when I'm really busy, and it's annoying me. I just want her to respect my time as much as I respect hers.",True,,False,0.5,False,True,False,1.0,0.5,5,1.0,0.0,0.17856709140430072,0.029651162790697676,0.14611991695712628,0.88278169631958,True,[],[],"[""Angry, frustrated, annoyed"", ""Ashamed, humiliated, embarrassed"", ""Sad, downhearted, unhappy""]","[""Angry, frustrated, annoyed""]"
66d9cd06e207a93377f7820e_20260305_165630_69a9b1dd,"I was watching news reports about the war in Iran and saw Keir Starmer showing what I consider absolute cowardice in the face of the enemy, refusing to support our allies. I was trying to stay informed about the progress of the conflict because I think it's vitally important that our country should not be seen as betraying our allies due to Keir Starmer's self-serving decision based on political expediency and appeasement of the Islamist Muslim vote in the UK. This situation left me feeling extremely angry and embarrassed for our country that this individual is its political figurehead—a leader in name only. It was also important for me to see that my views were commonly held and expressed widely by others.",True,,False,0.5,False,False,False,0.0,0.6666666666666666,5,1.0,0.0,0.1610575864813153,0.034478146715281065,0.13431765974138857,0.8761145830154419,True,"[""Inspiration, admiration, appreciation""]",[],"[""Angry, frustrated, annoyed""]","[""Angry, frustrated, annoyed"", ""Ashamed, humiliated, embarrassed""]"
671875576b2020e109fe82cd_20260308_160043_69ad9840,"Scenario: I went to a party with my spouse, and he ended up dancing with someone who has been a concern in our relationship. Initially, this affected me negatively because he did not seem to understand my feelings. I wanted him to acknowledge that his actions impacted me and to empathize with my perspective, but I felt my emotions were overlooked. I did not feel appreciated in the relationship. However, upon reflection, I realized that true happiness comes from within, and I have decided to focus on my own happiness. I am feeling better now and am committed to nurturing my own well-being.",True,,False,0.0,False,False,False,0.0,0.0,5,1.0,0.0,0.1858922752539774,0.03574423480083858,0.15680136616306828,0.8848668336868286,True,[],"[""Calm, peaceful, relaxed"", ""Proud, confident, determined""]","[""Ashamed, humiliated, embarrassed""]","[""Angry, frustrated, annoyed"", ""Lonely, isolated, disconnected from others"", ""Sad, downhearted, unhappy""]"
6718f3da6089b5378740db26_20260307_180904_69ac67a5,"At the time, I really needed listening ears and someone to tell me it would be okay soon. I was looking for reassurance that I’m not alone. The situation left me feeling like I had to figure it out myself, and I kind of did. But what was important to me was the clarity that came with it.",True,,False,0.47058823529411764,False,False,False,0.5714285714285715,0.4,5,1.0,0.0,0.2252509074953129,0.03393009377664109,0.15306706822503224,0.8801970243453979,True,"[""Calm, peaceful, relaxed"", ""Grateful, appreciative, thankful"", ""Hopeful, optimistic, encouraged"", ""Inspiration, admiration, appreciation"", ""Proud, confident, determined""]","[""Calm, peaceful, relaxed"", ""Proud, confident, determined""]","[""Angry, frustrated, annoyed"", ""Confused, disoriented, surprised"", ""Despair, hopelessness, sorrow"", ""Guilty, blameworthy, repentant"", ""Panicked, alarmed, freaked out"", ""Sad, downhearted, unhappy"", ""Worried, nervous, fearful""]","[""Confused, disoriented, surprised"", ""Lonely, isolated, disconnected from others"", ""Worried, nervous, fearful""]"
671a35e007e5342c31f94fa7_20260307_163918_69ac527e,"Sometimes when I'm alone, I find myself getting emotional. In those moments, I really need comfort. Being by myself can leave me feeling sad and lonely.",True,,True,0.6666666666666666,False,True,False,1.0,0.6666666666666666,5,1.0,0.0,0.2411821515964853,0.04855921855921856,0.17816906332023913,0.8896741747856141,True,[],[],"[""Sad, downhearted, unhappy""]","[""Lonely, isolated, disconnected from others"", ""Sad, downhearted, unhappy""]"
673d2104b265ff9ce425c9c4_20260226_162143_69a0713f,"This was when my sister got engaged to her long-distance friend. I really wanted her to be happy getting married to her friend and not feel like she was marrying a stranger. I felt emotional about the whole thing because I've been encouraging her and advising her to stay hopeful. She had been feeling like she was getting old and worried about not being able to get married, so this engagement was a big change for her.",True,,False,0.30769230769230765,False,False,False,0.3636363636363636,0.0,5,1.0,0.0,0.20495507531981697,0.03592584297623491,0.1604652794014496,0.8700239300727844,True,"[""Calm, peaceful, relaxed"", ""Excited, enthusiastic, elated"", ""Glad, happy, joyful"", ""Grateful, appreciative, thankful"", ""Love, closeness, trust"", ""Proud, confident, determined""]","[""Glad, happy, joyful"", ""Hopeful, optimistic, encouraged"", ""Inspiration, admiration, appreciation"", ""Love, closeness, trust"", ""Sympathy, concern, compassion""]",[],"[""Guilty, blameworthy, repentant"", ""Worried, nervous, fearful""]"
674c8549a9fd90b7c8dda9d3_20260226_180330_69a0881f,"I recently made a big transition from trading options in the stock market to trading futures. Just about two days ago, I blew my account. My goal is to switch to day trading full-time, and I switched to futures because they're supposed to be better and it's what prop firms would want me trading. After this happened, I felt very defeated. I had put so much time and effort into getting better, and all it took was me breaking my own rules for a second to lose over half of my account. I keep telling myself it's all part of the process. I know this, but it doesn't hurt any less for sure.",True,,True,0.7499999999999999,False,True,False,1.0,0.7499999999999999,5,1.0,0.0,0.1695783579923565,0.013358070500927643,0.14420123105156613,0.8737642884254455,True,[],[],"[""Angry, frustrated, annoyed"", ""Ashamed, humiliated, embarrassed"", ""Confused, disoriented, surprised"", ""Despair, hopelessness, sorrow"", ""Disgust, distaste, revulsion"", ""Guilty, blameworthy, repentant"", ""Lonely, isolated, disconnected from others"", ""Panicked, alarmed, freaked out"", ""Sad, downhearted, unhappy"", ""Worried, nervous, fearful""]","[""Angry, frustrated, annoyed"", ""Ashamed, humiliated, embarrassed"", ""Despair, hopelessness, sorrow"", ""Guilty, blameworthy, repentant"", ""Sad, downhearted, unhappy"", ""Worried, nervous, fearful""]"
6764d8c9aaf6f9510d1c68a9_20260228_190011_69a33052,"I went to basketball tryouts and didn't perform as well as I wanted to. I ended up not making the team, which was really disappointing. I wanted to make the team, and to do that, I had to play better, but unfortunately, I couldn't. I was mad at myself and upset about the whole thing. I've realized that I need to control my emotions when I play.",True,,False,0.3333333333333333,False,False,False,0.0,0.4,5,1.0,0.0,0.23596296296296299,0.05772463768115943,0.18814814814814812,0.8755777478218079,True,"[""Hopeful, optimistic, encouraged""]",[],"[""Angry, frustrated, annoyed"", ""Ashamed, humiliated, embarrassed""]","[""Angry, frustrated, annoyed"", ""Guilty, blameworthy, repentant"", ""Sad, downhearted, unhappy""]"
676e6f5eb2e5690f74382e58_20260226_150813_69a06015,"I was worrying about my son accidentally hurting himself when he used a razor to trim his eyebrow. I found out after and he was fine, but I imagined how easily he could have accidentally hurt himself. I wanted to feel like I could always protect my children but realized that is just not possible, so it made me upset. I was upset about it.",True,,False,0.2857142857142857,False,False,False,0.0,0.4,5,1.0,0.0,0.18709577448000475,0.03462121212121212,0.13578401573395316,0.8713521242141724,True,[],"[""Love, closeness, trust"", ""Sympathy, concern, compassion""]","[""Worried, nervous, fearful""]","[""Despair, hopelessness, sorrow"", ""Guilty, blameworthy, repentant"", ""Sad, downhearted, unhappy"", ""Worried, nervous, fearful""]"
67740dc45be1bcdc911ee2fe_20260306_135336_69aadafd,"My mother was found to have liver cancer, and I needed answers and comfort. The whole situation has left me feeling very overwhelmed. It's really important to me that we have a plan so everyone knows what they are doing.",True,,False,0.4,False,False,False,0.0,0.5714285714285715,5,1.0,0.0,0.20192585561356324,0.01702127659574468,0.13139904023624951,0.8803702831268311,True,[],"[""Love, closeness, trust"", ""Proud, confident, determined"", ""Sympathy, concern, compassion""]","[""Angry, frustrated, annoyed"", ""Sad, downhearted, unhappy"", ""Worried, nervous, fearful""]","[""Confused, disoriented, surprised"", ""Despair, hopelessness, sorrow"", ""Sad, downhearted, unhappy"", ""Worried, nervous, fearful""]"
6777b316903f1b12e902e041_20260306_192618_69ab294d,"I had a panic attack because everything was so overwhelming. I was trying to go to class, but I needed reassurance. The whole situation left me feeling overwhelmed and hopeless.",True,,False,0.0,False,True,False,1.0,0.0,5,1.0,0.0,0.26057142857142856,0.045,0.20495238095238094,0.8845255732536316,True,[],[],"[""Angry, frustrated, annoyed""]","[""Despair, hopelessness, sorrow"", ""Panicked, alarmed, freaked out"", ""Worried, nervous, fearful""]"
677a5d8e2115bfbb2fa0c73c_20260306_212227_69ab43a9,"I was going through old photos on my phone to free up some memory, and I stumbled upon a picture of my favorite motorcycle. Seeing it brought back all the great times we had together before I sold it, and it reminded me of how things were 10 years ago. As I looked at these images from many years ago, I felt happy remembering the good times. But it also made me realize that I'm 10 years older now, and during that time, people have died. It hit me that my children are older now, and we'll never get those years back again.",True,,False,0.33333333333333337,False,False,False,0.0,0.6666666666666666,5,1.0,0.0,0.2418364601468593,0.010526315789473686,0.13501100553238649,0.8686280727386475,True,[],"[""Glad, happy, joyful"", ""Grateful, appreciative, thankful"", ""Love, closeness, trust""]","[""Sad, downhearted, unhappy""]","[""Despair, hopelessness, sorrow"", ""Sad, downhearted, unhappy""]"
67883d53705991d641bb1743_20260307_193358_69ac7a95,"I was in my room, singing and enjoying some privacy and comfort, when my mom suddenly came in. I thought my door was still locked, so seeing her standing there in the doorway scared me almost to death. My body reacted nervously, and I felt my stomach tighten and then tear from my diaphragm down into my bladder. It left me in dire pain, and I couldn't sleep all night because my stomach kept filling up with pain and gas. My mom totally hurt me and ruined my day.",True,,True,0.9333333333333333,False,True,False,1.0,0.9333333333333333,5,1.0,0.0,0.21564327903960323,0.02562666766883386,0.16774591624559038,0.8823112726211548,True,[],[],"[""Angry, frustrated, annoyed"", ""Ashamed, humiliated, embarrassed"", ""Confused, disoriented, surprised"", ""Despair, hopelessness, sorrow"", ""Disgust, distaste, revulsion"", ""Panicked, alarmed, freaked out"", ""Sad, downhearted, unhappy"", ""Worried, nervous, fearful""]","[""Angry, frustrated, annoyed"", ""Ashamed, humiliated, embarrassed"", ""Confused, disoriented, surprised"", ""Despair, hopelessness, sorrow"", ""Panicked, alarmed, freaked out"", ""Sad, downhearted, unhappy"", ""Worried, nervous, fearful""]"
67a5c743b431ff0a1160ed28_20260227_152718_69a1b6be,"My mum is buying things for my sister, and not for me, because I earn more money. I just want to be treated fairly. I don't see why she should get money because she has two kids, and then still get to buy luxuries, whilst I have to save for my things. It leaves me feeling like I am expected to be more independent, and I don't matter because I don't have children. I just don't think I'm being treated fairly.",True,,True,0.8,False,True,False,1.0,0.8,5,1.0,0.0,0.23287118430325285,0.03418803418803419,0.19478364221571076,0.8669328093528748,True,[],[],"[""Angry, frustrated, annoyed"", ""Sad, downhearted, unhappy""]","[""Angry, frustrated, annoyed"", ""Lonely, isolated, disconnected from others"", ""Sad, downhearted, unhappy""]"
6818aa3b091f461c436e4f12_20260301_153141_69a45a95,"My football team scored a goal, and I was thrilled because I really wanted my team to win the game. The feeling was incredible—I was elated and excited. What made it even more special was sharing the experience with my family.",True,,True,0.6666666666666666,False,False,True,0.6666666666666666,1.0,5,1.0,0.0,0.20790264990815244,0.015906432748538014,0.15020676181784645,0.8721660137176513,True,"[""Excited, enthusiastic, elated"", ""Glad, happy, joyful"", ""Hopeful, optimistic, encouraged"", ""Inspiration, admiration, appreciation""]","[""Excited, enthusiastic, elated"", ""Glad, happy, joyful""]",[],[]
694670c95d97b634f9e9b205_20260221_215527_699a2266,"My partner of four years and I broke up about three and a half months ago. Our birthdays are really close to each other, so we always had joint celebrations. This year, we couldn't be together, which was a huge bummer. He sent me a short video of his family singing happy birthday and him blowing out the candles on the cake they made to celebrate. I was happy to have friendly and open communication with him, but the video made me feel really sad, catching me a little off guard. I was trying to keep the lines of communication open with my ex-partner. We agreed to be friends and to see if our relationship rekindles sometime in the future. I needed that check-in with him because I really miss him. I was happy that he shared the video with me and I smiled while I watched. So I was happy but with an underlying twinge of sadness. By the time the video ended, I realized just how sad it made me. I could feel myself getting more and more sad, but it didn't last the whole day. I just recently started an SSRI and haven't been as melancholy as usual, which is one reason why I was so surprised by this deep sadness. Hearing his mom's voice as she was recording the video kind of struck me.",True,,False,0.0,False,False,False,0.0,0.0,5,1.0,0.0,0.14468668084862663,0.011213517665130571,0.1076118804321046,0.8620539307594299,True,[],"[""Glad, happy, joyful"", ""Grateful, appreciative, thankful"", ""Love, closeness, trust""]",[],"[""Confused, disoriented, surprised"", ""Lonely, isolated, disconnected from others"", ""Sad, downhearted, unhappy""]"
6978c3a72db1c98638d31aa7_20260220_162406_6998894c,"The other day, I sent an email to a few of my managers asking for more hours. I thought it was a really good email and I laid out a few points about how I could use this extra time. That was Tuesday, and I haven't heard anything back. I was trying to get more hours at work because otherwise, I will have to look for another job. I'm upset and kind of feel rejected or overlooked. The situation left me feeling dejected. The fact that I feel overlooked and ignored is important to me.",True,,False,0.5714285714285715,False,True,False,1.0,0.5714285714285715,5,1.0,0.0,0.2755072463768116,0.05611218568665377,0.20626737651582375,0.8937310099601745,True,[],[],"[""Angry, frustrated, annoyed"", ""Ashamed, humiliated, embarrassed"", ""Sad, downhearted, unhappy"", ""Worried, nervous, fearful""]","[""Lonely, isolated, disconnected from others"", ""Sad, downhearted, unhappy"", ""Worried, nervous, fearful""]"
698a3dc271768f712600d6da_20260305_230112_69aa09ff,"I was on acid and started thinking about my cat dying. It made me really emotional, and I began to cry. In that moment, I just needed a hug and wanted to cuddle with my cat. Despite the sadness, the situation left me feeling grateful for my cat and realizing how much I loved him.",True,,False,0.4444444444444445,False,False,False,0.6666666666666666,0.0,5,1.0,0.0,0.221021021021021,0.05193591188597679,0.19227102102102103,0.8869571924209595,True,"[""Glad, happy, joyful"", ""Grateful, appreciative, thankful"", ""Hopeful, optimistic, encouraged"", ""Love, closeness, trust""]","[""Grateful, appreciative, thankful"", ""Love, closeness, trust""]",[],"[""Despair, hopelessness, sorrow"", ""Lonely, isolated, disconnected from others"", ""Sad, downhearted, unhappy""]"
69932ccc26c39ba9a7a39642_20260220_185530_6998ab77,"My cousin was diagnosed with cancer, and this really made me sad. I'm not happy with the situation, and I feel like I need help figuring out what to do, if there's anything I can do to help him. It's important to me to make sure my cousin lives.",True,,True,0.6666666666666666,False,False,True,0.0,1.0,5,1.0,0.0,0.2187569440731758,0.01667390360399479,0.15616760064349627,0.8782766699790955,True,[],"[""Hopeful, optimistic, encouraged"", ""Love, closeness, trust"", ""Proud, confident, determined"", ""Sympathy, concern, compassion""]","[""Confused, disoriented, surprised"", ""Despair, hopelessness, sorrow"", ""Sad, downhearted, unhappy"", ""Worried, nervous, fearful""]","[""Confused, disoriented, surprised"", ""Despair, hopelessness, sorrow"", ""Sad, downhearted, unhappy"", ""Worried, nervous, fearful""]"
6998a1adb8b4527a8d7ff3a2_20260307_194636_69ac7d0a,"It was my last working day at the company because I was switching jobs. I was taken by surprise when my team organized a farewell call in one of our conference rooms. Each member shared their memories of me, which was emotionally overwhelming. It was positive because I felt validated, but also negative because I didn't expect to feel such sadness—I even got teary at certain points. I was trying to maintain a balanced sentiment and not show too much emotion since no one before in the team had cried at farewells. I felt positive about the effort my team made, especially since I was one of the shorter-serving members. But I also felt confused, wondering if switching jobs for financial reasons was enough to justify leaving a team I really enjoyed working with. I realized that even though I thought I had surface-level connections with most of my team, I subconsciously developed a liking for them. This was my first job where I worked in an office instead of from home, and I discovered that I truly value human connections.",True,,False,0.4615384615384615,False,False,False,0.5454545454545454,0.0,5,1.0,0.0,0.16648829187846573,0.016780960064542154,0.12715366769258296,0.8665154337882995,True,"[""Calm, peaceful, relaxed"", ""Excited, enthusiastic, elated"", ""Glad, happy, joyful"", ""Grateful, appreciative, thankful"", ""Hopeful, optimistic, encouraged"", ""Inspiration, admiration, appreciation"", ""Love, closeness, trust"", ""Proud, confident, determined""]","[""Grateful, appreciative, thankful"", ""Inspiration, admiration, appreciation"", ""Love, closeness, trust""]",[],"[""Confused, disoriented, surprised"", ""Sad, downhearted, unhappy""]"
699e34aff8af247c3aa29bf4_20260306_203348_69ab3862,"I won 500 dollars in the PayPal Crypto sweepstakes last week, and I was thrilled. I've never really won anything before, so this was an emotional experience for me, and I have to say it was pretty cool. I was trying to win by pure luck, and it happened, which made me happy. It left me feeling absolutely wonderful. I feel great knowing that I've won something in my life through a sweepstakes. The money is always nice—everyone can use 500 dollars for something, although I'll be investing mine.",True,,True,0.6666666666666666,False,False,False,0.7272727272727273,0.0,5,1.0,0.0,0.2856345671375056,0.06476275588468836,0.19297920747843422,0.8797736644744873,True,"[""Amused, entertained"", ""Excited, enthusiastic, elated"", ""Glad, happy, joyful"", ""Grateful, appreciative, thankful"", ""Hopeful, optimistic, encouraged"", ""Inspiration, admiration, appreciation"", ""Proud, confident, determined""]","[""Excited, enthusiastic, elated"", ""Glad, happy, joyful"", ""Hopeful, optimistic, encouraged"", ""Proud, confident, determined""]",[],"[""Confused, disoriented, surprised""]"
