sample_id,situation,dimension,bleu,rouge_1_f1,rouge_2_f1,rouge_l_f1,bertscore_f1,below_threshold,gold_appraisal,predicted_appraisal
5b51c33d026602000178b5ec_20260228_144002_69a2fa65,"My daughter was accepted back into high school this week after being homeschooled for approximately six months. We tried to get her into the school of her choice because she was missing the social aspect of friends and sports, and we finally received our offer this week. I was elated and nervous for her, with my emotions being up and down. It was definitely what she wants.",certainty,0.0,0.0,0.0,0.0,0.8403060436248779,True,So far yes.,"Things went better than expected. We had tried to get her into the school of her choice, and while there were uncertainties, we finally received an offer this week, which was a positive surprise."
5e8d0c7d40d8520da1903a86_20260223_204912_699cbc4b,"A person I know recently finished a big project at work that they had been working on for several weeks. At first, they felt stressed and overwhelmed because there were tight deadlines and unexpected problems. In the end, the project was successful, and their team appreciated their effort. The situation ended on a positive note, and they felt relieved and proud once it was over. Being around them, I felt their stress along the way. I was trying to provide a listening ear and give support when I could. I felt good in the end, seeing others' triumph is beautiful.",congruence,0.0,0.0,0.0,0.0,0.846895158290863,True,In none.,"The situation helped me by allowing me to be supportive and show care for someone I know. It hurt me slightly because I felt their stress, but ultimately, it was rewarding to see them succeed and feel proud."
615567110b3d6e418c6add32_20260308_143932_69ad81da,"Last week, I had a disagreement with a friend about a small issue. At first, it made me feel upset and stressed, but later we talked and understood each other better. I really wanted to solve the problem and understand each other. In the end, the situation improved and we felt okay again. I felt better and more relieved after we talked and understood each other.",certainty,0.0,0.0,0.0,0.0,0.8758242130279541,True,Yes.,"Things did not go as I initially expected because the disagreement caused stress. However, after we talked and understood each other, the situation improved, which was better than I anticipated."
6533d0faaaf6d193fc2bf4f1_20260228_184753_69a336c1,I couldn't stop crying while remembering my brother. I was hoping he is at peace. The whole situation left me feeling sad and emotional. Listening to music and looking at pictures were significant aspects of this experience for me.,accountability,0.0,0.0,0.0,0.0,0.8388090133666992,True,I don’t know.,No one was specifically responsible for this; it was more about the natural process of grief and memory.
5e94b43203807b339eef4947_20260306_164804_69ab0342,"I was trying to be nice to my daughter and connect with her by engaging in a conversation, asking what she wanted for dinner. Instead of responding, she was remote and rude to me, and then I got a page full of error messages. This situation left me feeling frustrated and a bit sad. It's important to me because this keeps happening, although there are other times when she's lovely and excitable.",congruence,0.0,0.03333333333333333,0.0,0.03333333333333333,0.8730363249778748,True,"She's evasive answering questions which is frustrating. I'm also stuck not knowing what to do for dinner, so not knowing if she'll eat what I make or complain about it.",The situation hurt me by making me feel frustrated and a bit sad. It obstructs my goal of connecting with my daughter and maintaining a positive relationship.
5e8d0c7d40d8520da1903a86_20260223_204912_699cbc4b,"A person I know recently finished a big project at work that they had been working on for several weeks. At first, they felt stressed and overwhelmed because there were tight deadlines and unexpected problems. In the end, the project was successful, and their team appreciated their effort. The situation ended on a positive note, and they felt relieved and proud once it was over. Being around them, I felt their stress along the way. I was trying to provide a listening ear and give support when I could. I felt good in the end, seeing others' triumph is beautiful.",relevance,0.0,0.03636363636363636,0.0,0.03636363636363636,0.8484954237937927,True,Not much but over time the significance grew.,The event mattered a lot to me because I care about this person and their well-being. Seeing them struggle with stress and tight deadlines made it important for me to offer support. It mattered because their success and relief were significant to me as a friend.
5e8d0c7d40d8520da1903a86_20260223_204912_699cbc4b,"A person I know recently finished a big project at work that they had been working on for several weeks. At first, they felt stressed and overwhelmed because there were tight deadlines and unexpected problems. In the end, the project was successful, and their team appreciated their effort. The situation ended on a positive note, and they felt relieved and proud once it was over. Being around them, I felt their stress along the way. I was trying to provide a listening ear and give support when I could. I felt good in the end, seeing others' triumph is beautiful.",certainty,0.0,0.04081632653061224,0.0,0.04081632653061224,0.8600195050239563,True,"Yes, I knew they could do it.","Things did not go as expected at first due to unexpected problems and tight deadlines. However, in the end, the project was successful, which was better than I anticipated. The team's appreciation and the person's relief were unexpected positive outcomes."
66a35864d80b66f563731c3e_20260308_135112_69ad7c41,"My friend's son was rushed to the hospital with a brain bleed, and it was a really intense situation. I had her puppy with me so she could go back and forth to the hospital without worrying about her pet. I wanted to be as supportive as I could, and having the puppy was one way I could help her concentrate on her son. At first, I was really worried and upset because I thought it might be fatal. I was also trying to think ahead about how I could support my friend if the worst was to happen.",certainty,0.0,0.0425531914893617,0.0,0.0425531914893617,0.8642510175704956,True,It was very unexpected that he is being discharged tomorrow.,"Things did not go as I expected initially because I thought it might be fatal. However, the situation evolved, and I had to think ahead about how to support my friend if the worst were to happen."
5cfebb94eafc4d001a62cbc9_20260221_200507_699a0ef8,My young son fell and cut his head. I immediately wanted to provide first aid to make sure he was okay and check that it wasn't a serious injury. The situation left me feeling guilty and worried.,certainty,0.0,0.08888888888888889,0.0,0.044444444444444446,0.8628134727478027,True,He fell unexpectedly when he was walking.,"Things went as expected in the sense that I provided first aid and checked for serious injury. However, the situation was unexpected in that my son fell and got hurt, which is always a surprise and a worry."
5f4a7a00dc1bde60ab8f7ac5_20260227_182021_69a1df78,"I'm feeling really frustrated because I don't have enough money to pay down my credit card debt. It's like I'm being drowned in bills and I just can't manage my debt adequately with my current income. This whole situation leaves me feeling like I'm sinking. On top of that, it's important for me to handle this without stressing out my elderly mom, who's prone to anxiety.",accountability,0.0,0.11428571428571428,0.0,0.05714285714285714,0.8827316761016846,True,Ultimately it's on me for not making enough money from my job to take care of my family.,I feel like the system and my own financial mismanagement are most responsible for this situation.
5e8d0c7d40d8520da1903a86_20260223_204912_699cbc4b,"A person I know recently finished a big project at work that they had been working on for several weeks. At first, they felt stressed and overwhelmed because there were tight deadlines and unexpected problems. In the end, the project was successful, and their team appreciated their effort. The situation ended on a positive note, and they felt relieved and proud once it was over. Being around them, I felt their stress along the way. I was trying to provide a listening ear and give support when I could. I felt good in the end, seeing others' triumph is beautiful.",accountability,0.0,0.058823529411764705,0.0,0.058823529411764705,0.854407548904419,True,They were.,"The person working on the project was most responsible for managing their stress and completing the work. However, the tight deadlines and unexpected problems were external factors that contributed to the situation."
671a35e007e5342c31f94fa7_20260307_163918_69ac527e,"Sometimes when I'm alone, I find myself getting emotional. In those moments, I really need comfort. Being by myself can leave me feeling sad and lonely.",congruence,0.0,0.11764705882352941,0.0,0.058823529411764705,0.8985878229141235,True,The situation hurt me because I felt very alone.,"Being alone hurts me by making me feel isolated and sad. It doesn't help me in any way; instead, it amplifies feelings of loneliness."
66a35864d80b66f563731c3e_20260308_135112_69ad7c41,"My friend's son was rushed to the hospital with a brain bleed, and it was a really intense situation. I had her puppy with me so she could go back and forth to the hospital without worrying about her pet. I wanted to be as supportive as I could, and having the puppy was one way I could help her concentrate on her son. At first, I was really worried and upset because I thought it might be fatal. I was also trying to think ahead about how I could support my friend if the worst was to happen.",accountability,0.0,0.0625,0.0,0.0625,0.8555124998092651,True,"Drink... he was drunk, which is why he fell.",No one was specifically responsible for this; it was just a tragic and unexpected medical situation that happened to my friend's son.
5eb0598b718c920e386736cd_20260305_204627_69a9e9e4,"Scenario: I recently received a pay raise at my job. I felt the urge to share the news with someone because it made me happy. The raise brought a sense of relief, especially with the rising costs of living, as it will be a significant help. However, it also made me feel like I need to demonstrate my value even more at work.",certainty,0.0,0.06451612903225806,0.0,0.06451612903225806,0.8802311420440674,True,"Yes, all went well.","Things went better than I expected. I had hoped for a raise, but the amount and timing were more than I anticipated, which was a pleasant surprise."
663b34f2cf27da2a623b94f9_20260227_153742_69a1b5ea,"It was my granddaughter's 18th birthday last Sunday, and we had a precelebration at my house on Friday. Then, on Sunday, we all met up in Exeter for an Escape Room experience and a meal. I wanted to enjoy the celebration with my whole family, especially with my granddaughter. My family is very important to me, and we don't meet up enough, so I was really hoping for a drama-free gathering, which usually isn't the case when we all get together. This time, it left me feeling really good and appreciative of the special connection we have. I wanted my family to appreciate me, and I certainly think they do. My granddaughter asked me to voice record a special message for her to be inserted in a bear that I had given her 16 years ago, which was being revamped at the shop called Build a Bear. I felt special that she asked me to do that.",accountability,0.0,0.06451612903225806,0.0,0.06451612903225806,0.8703324794769287,True,We were all responsible.,"My granddaughter was most responsible for this, as she asked me to record the message and organized the celebration. Her actions made the day special for me."
655fb104e3d55d460e274ddf_20260228_215919_69a362e2,"One of my roommates ate my food, and this time it was my entire box of Quaker oatmeal. I wanted to take that particular food to work because it's easy to just heat up and go. I was upset and ended up being hangry since I didn't have money to buy food. I have a lot of roommates, and I was frustrated because they could have just asked for some instead of stealing.",accountability,0.0,0.07142857142857144,0.0,0.07142857142857144,0.8780815005302429,True,My roommates.,"My roommate was most responsible for all of this because they chose to take my food without asking, showing a lack of respect for my belongings."
57fa9d61bd8a970001fde2c6_20260301_180805_69a47e3e,"My friend was talking about the anniversary of the death of her husband, who was also my friend. It was nice to recall good memories rather than dwelling on their actual death. There was a slight feeling of sadness that they were no longer here, but it was also uplifting to reminisce and share our feelings. It was important to me that my friend felt comfortable talking about it with me.",congruence,0.0,0.18181818181818185,0.0,0.07272727272727271,0.8755564093589783,True,I felt reassured that we could describe the death of a loved one without it badly affecting my friend's emotions.,"The situation helped by allowing us to share feelings and reminisce about positive memories. It was uplifting in that sense, though there was a slight feeling of sadness that they were no longer here."
6998a1adb8b4527a8d7ff3a2_20260307_194636_69ac7d0a,"It was my last working day at the company because I was switching jobs. I was taken by surprise when my team organized a farewell call in one of our conference rooms. Each member shared their memories of me, which was emotionally overwhelming. It was positive because I felt validated, but also negative because I didn't expect to feel such sadness—I even got teary at certain points. I was trying to maintain a balanced sentiment and not show too much emotion since no one before in the team had cried at farewells. I felt positive about the effort my team made, especially since I was one of the shorter-serving members. But I also felt confused, wondering if switching jobs for financial reasons was enough to justify leaving a team I really enjoyed working with. I realized that even though I thought I had surface-level connections with most of my team, I subconsciously developed a liking for them. This was my first job where I worked in an office instead of from home, and I discovered that I truly value human connections.",accountability,0.0,0.1090909090909091,0.0,0.07272727272727274,0.8709164261817932,True,"It was my manager who planned it all, so naturally made me respect her even more.","My team was most responsible for organizing the farewell call and sharing their memories of me. They showed care and appreciation, which was unexpected and impactful. I felt that their effort was the primary driver of the emotional experience."
66a35864d80b66f563731c3e_20260308_135112_69ad7c41,"My friend's son was rushed to the hospital with a brain bleed, and it was a really intense situation. I had her puppy with me so she could go back and forth to the hospital without worrying about her pet. I wanted to be as supportive as I could, and having the puppy was one way I could help her concentrate on her son. At first, I was really worried and upset because I thought it might be fatal. I was also trying to think ahead about how I could support my friend if the worst was to happen.",congruence,0.0,0.12499999999999999,0.0,0.075,0.8594827055931091,True,"I've known him since he was born, so it hurt a lot.","The situation hurt me by causing worry and upset, as I feared the worst for my friend's son. It also required me to think ahead about how to provide support, which added to the emotional burden. On the other hand, being able to help by taking care of her puppy allowed her to focus on her son, which was a small but meaningful way to assist."
5b51c33d026602000178b5ec_20260228_144002_69a2fa65,"My daughter was accepted back into high school this week after being homeschooled for approximately six months. We tried to get her into the school of her choice because she was missing the social aspect of friends and sports, and we finally received our offer this week. I was elated and nervous for her, with my emotions being up and down. It was definitely what she wants.",congruence,0.0,0.1509433962264151,0.0,0.07547169811320754,0.8628656268119812,True,It helped because it's exactly what she is after.,"The situation helped my daughter by allowing her to re-engage with the social aspects of school life, including friends and sports, which she had been missing. It also aligned with her personal wishes, making it a supportive and positive development for her."
674c8549a9fd90b7c8dda9d3_20260226_180330_69a0881f,"I recently made a big transition from trading options in the stock market to trading futures. Just about two days ago, I blew my account. My goal is to switch to day trading full-time, and I switched to futures because they're supposed to be better and it's what prop firms would want me trading. After this happened, I felt very defeated. I had put so much time and effort into getting better, and all it took was me breaking my own rules for a second to lose over half of my account. I keep telling myself it's all part of the process. I know this, but it doesn't hurt any less for sure.",certainty,0.0,0.08333333333333333,0.0,0.08333333333333333,0.877409815788269,True,"Nothing went the way I wanted, but I hope that the loss will help me in the future.","Things did not go as I expected. I thought I was ready to switch to futures because they're supposed to be better and it's what prop firms would want me trading. However, I broke my own rules for a second and lost over half of my account, which was unexpected and devastating."
5cfebb94eafc4d001a62cbc9_20260221_200507_699a0ef8,My young son fell and cut his head. I immediately wanted to provide first aid to make sure he was okay and check that it wasn't a serious injury. The situation left me feeling guilty and worried.,control,0.0,0.08333333333333334,0.0,0.08333333333333334,0.8599569201469421,True,No as I did not catch him.,"I felt partially in control because I was able to provide first aid and assess the situation. However, I also felt a lack of control because I could not prevent the fall or the injury from happening in the first place."
643ebfff661435ecda5a3580_20260228_190856_69a33952_c5,"A dear friend of mine had a terrible accident where she fell and broke her neck in two places, along with her tailbone, hip, and pelvis. She also has COPD, and the hospital overdosed her twice, making her oxygen levels very bad and hard to control. I've been following her situation closely and talking to her, but she's not out of the woods yet. I sent her a bear that says 'I f...... love you,' which is a good support for her neck and cheers her up. It's tough because I live in Michigan and she lives in Oklahoma, so I can't see her in person. I have COPD too, so I guess I'm more worried about the pain she's going through and the unstable oxygen levels she's experiencing, along with her lungs filling up. I just don't want her to be in pain.",accountability,0.0,0.16901408450704225,0.0,0.08450704225352113,0.8566896915435791,True,I feel bad because her foot went asleep while we were talking on the phone for about 2 hours. She got up and fell.,"No one is directly responsible for this situation. It was an accident where she fell, and the complications arose from her pre-existing health conditions and the hospital's management of her care. There's no one to blame; it's just a tragic combination of circumstances."
5a5a6ed7f6c517000195029e_20260301_174848_69a47840,"My horse suddenly developed lameness, and I was really worried about what he had done. I needed to know what was wrong with him and how to make it better. The situation left me feeling sad and scared. I just needed him to get better.",certainty,0.0,0.1702127659574468,0.04444444444444444,0.0851063829787234,0.8680868148803711,True,"Yes, the vet arrived to see him and made a plan.","Things did not go as I expected. I had no idea what was wrong with him, and the situation was unexpected and worrying. I didn't know what to expect next, which added to my anxiety."
669677d986a5a20026bbf20e_20260228_134651_69a2ef80,"My daughter, who has had her struggles with mental health, made me feel very proud this week. She managed the demands of her new job while also looking after her boyfriend, who is ill. I was just observing how proud I was of her development. I felt very proud of her and wanted to convey this to her without being patronizing. It's important that she knows how proud I am of her, especially since she often feels her brother is 'more impressive.'",accountability,0.0,0.08695652173913045,0.04545454545454545,0.08695652173913045,0.8840219378471375,True,My daughter.,My daughter was most responsible for all of this. Her determination and effort to manage her new job and care for her boyfriend were her own choices and actions. I felt that she was in control of her situation and making the right decisions.
60e25008f1ecf0be303353bb_20260228_165505_69a31c2f,My first son moved out of the house and into his own place. I'm really excited for him because it's a great opportunity for growth. I'm feeling proud of him. I also need to make sure his mom and my other son are okay with the change and adapt well.,congruence,0.0,0.08823529411764705,0.0,0.08823529411764705,0.8654397130012512,True,It hurt a bit just that I will not see him as much but at the same time it helped knowing that our guidance as parents is paying off with a capable child turned adult.,"The situation helps by allowing my son to grow and develop independence. It also challenges me to support the family's adaptation to this change, ensuring everyone feels okay with the new arrangement."
5e8d0c7d40d8520da1903a86_20260223_204912_699cbc4b,"A person I know recently finished a big project at work that they had been working on for several weeks. At first, they felt stressed and overwhelmed because there were tight deadlines and unexpected problems. In the end, the project was successful, and their team appreciated their effort. The situation ended on a positive note, and they felt relieved and proud once it was over. Being around them, I felt their stress along the way. I was trying to provide a listening ear and give support when I could. I felt good in the end, seeing others' triumph is beautiful.",control,0.0,0.13333333333333336,0.0,0.08888888888888889,0.8675599098205566,True,"No, I was just a bystander.","I did not feel in control of the situation because I could not directly manage their work or the project's challenges. However, I felt I could offer emotional support and a listening ear, which was within my control."
643ebfff661435ecda5a3580_20260228_190856_69a33952_c5,"A dear friend of mine had a terrible accident where she fell and broke her neck in two places, along with her tailbone, hip, and pelvis. She also has COPD, and the hospital overdosed her twice, making her oxygen levels very bad and hard to control. I've been following her situation closely and talking to her, but she's not out of the woods yet. I sent her a bear that says 'I f...... love you,' which is a good support for her neck and cheers her up. It's tough because I live in Michigan and she lives in Oklahoma, so I can't see her in person. I have COPD too, so I guess I'm more worried about the pain she's going through and the unstable oxygen levels she's experiencing, along with her lungs filling up. I just don't want her to be in pain.",certainty,0.0,0.09090909090909091,0.0,0.09090909090909091,0.8600009083747864,True,Things look like they are on track now. I am breathing easier knowing that they are getting her stable.,"Things did not go as I expected. The severity of her injuries and the complications with her COPD were more than I anticipated. The hospital's management of her oxygen levels, leading to overdoses, was unexpected and has made her condition more unstable. It's clear that her recovery will be a long and difficult process, and I didn't expect the extent of the challenges she's facing."
57fa9d61bd8a970001fde2c6_20260301_180805_69a47e3e,"My friend was talking about the anniversary of the death of her husband, who was also my friend. It was nice to recall good memories rather than dwelling on their actual death. There was a slight feeling of sadness that they were no longer here, but it was also uplifting to reminisce and share our feelings. It was important to me that my friend felt comfortable talking about it with me.",accountability,0.0,0.09090909090909093,0.0,0.09090909090909093,0.8474201560020447,True,We were discussing a holiday that we have booked for this summer and my friend recalled memories of when she visited this destination with her husband.,No one was specifically responsible; it was just a natural occurrence of remembering someone who has passed away.
65c017a404cde4687fdad22e_20260220_233909_6998ee71,"My wife of 29 years recently passed away from Stage 1 small cell lung cancer. Now, I'm going through the house and sorting her things to give to family, friends, and charity. I'm focusing on her clothing and jewelry, making sure they go to people she loved and cherished during her lifetime. Doing this has finally given me a sense of relief, as I'm glad to be doing something other than grieving and being depressed all the time.",congruence,0.0,0.1509433962264151,0.019230769230769232,0.09433962264150943,0.8680288195610046,True,This helps myself in moving forward in my life and continuing on. It especially hurts knowing I am giving away pieces of her accumulated over the past 29 years with her.,"The situation helped me by providing a sense of purpose and a way to channel my grief into a constructive activity. It allowed me to honor my wife's memory by ensuring her belongings went to the right people. However, it also hurt me by forcing me to confront the reality of her passing and the finality of it all. It was a mix of helping me move forward and reminding me of the loss."
5cfebb94eafc4d001a62cbc9_20260221_200507_699a0ef8,My young son fell and cut his head. I immediately wanted to provide first aid to make sure he was okay and check that it wasn't a serious injury. The situation left me feeling guilty and worried.,accountability,0.0,0.09523809523809523,0.0,0.09523809523809523,0.8657090067863464,True,Me. He fell over while I was playing with him.,"I felt a sense of responsibility for my son's safety, but ultimately, accidents happen, and I did not feel that anyone was specifically to blame. It was just an unfortunate incident."
6533d0faaaf6d193fc2bf4f1_20260228_184753_69a336c1,I couldn't stop crying while remembering my brother. I was hoping he is at peace. The whole situation left me feeling sad and emotional. Listening to music and looking at pictures were significant aspects of this experience for me.,certainty,0.0,0.0975609756097561,0.0,0.0975609756097561,0.8655058741569519,True,"Yes, I understand it to be a natural process.","Things went as expected in the sense that I felt sad and emotional, but the intensity of my feelings was unexpected. I hoped he is at peace, which is a comforting thought."
665c738a0fa99b0a682780f2_20260305_225050_69aa0631,"My 20-year-old cat broke her tooth and has been in a lot of pain while we wait for our veterinarian appointment. I really needed her not to be in pain and to start eating and drinking again. I've had to force feed her for the last two days. It feels like I'm the one with a broken tooth because I love my cat so much, and it hurts me when she's in pain. It's all I can think about. On top of that, my wife hasn't been supportive and suggested putting the cat down instead of fixing its tooth. I've known this cat longer than I've known my wife.",accountability,0.0,0.14634146341463414,0.024999999999999998,0.0975609756097561,0.8576602935791016,True,There was no one directly responsible for her breaking her tooth; she's just old and probably jumped down from something and broke it.,"I feel that the situation is most responsible for all of this, as it's an unfortunate accident that has put my cat in pain. However, my wife's suggestion to put the cat down instead of fixing its tooth has added to the emotional conflict, making me feel unsupported in my efforts to care for my pet."
60e85190b9cffd8fed0a064f_20260306_144837_69aae582,"My dad has prostate cancer and recently had his yearly blood test. The results came back, and unfortunately, his condition had worsened. He was supposed to receive a phone call from his doctor on a specific day to discuss the results, but the call never came. I was really worried about what would happen next and was hoping for some clarity and communication from the doctor regarding my dad's condition. The situation left me feeling annoyed and still worrying, which could have been avoided if the doctor had called as planned. Since it's cancer, time is always crucial. The quicker they act, the better the chances of it being able to be helped.",congruence,0.0,0.1518987341772152,0.0,0.10126582278481014,0.8627848029136658,True,It hurt that they hadn't even bothered to let him know that they wouldn't be keeping the appointment.,The situation hurt me by increasing my worry and anxiety about my dad's health. It also made me feel helpless because I couldn't get the information I needed to understand what would happen next. The lack of clarity and communication from the doctor obstructed my ability to prepare or take any action that might help my dad.
5abbe13268b65b00018cf94b_20260227_172233_69a1d127,"I passed my final probation at work, which means I'm now an early career teacher and can move up the pay scale. This whole experience has left me feeling proud and relieved. It was really important to me to maintain my high standards throughout the probation period, and the pay rise is also a significant factor for me. Teaching is my passion, and I find immense joy in inspiring and educating my students. Being able to continue doing what I love while advancing in my career is incredibly fulfilling.",control,0.0,0.10169491525423728,0.0,0.10169491525423728,0.8630884289741516,True,"I did, however external observations made me doubt the outcome occasionally.","I felt a good degree of control because I could manage my preparation, lesson planning, and interactions with students. While I couldn't control external factors, I was in control of my performance and the quality of my teaching, which were the key factors in passing my probation."
60e25008f1ecf0be303353bb_20260228_165505_69a31c2f,My first son moved out of the house and into his own place. I'm really excited for him because it's a great opportunity for growth. I'm feeling proud of him. I also need to make sure his mom and my other son are okay with the change and adapt well.,certainty,0.0,0.10256410256410256,0.0,0.10256410256410256,0.89775151014328,True,"Yes, it went very good and all of us, including him, are adapting well.","Things went as expected. My son moving out was a planned step in his life, and while there were some adjustments, everything is proceeding smoothly."
60e25008f1ecf0be303353bb_20260228_165505_69a31c2f,My first son moved out of the house and into his own place. I'm really excited for him because it's a great opportunity for growth. I'm feeling proud of him. I also need to make sure his mom and my other son are okay with the change and adapt well.,control,0.0,0.20689655172413793,0.03571428571428571,0.10344827586206896,0.8817465901374817,True,"No too much, he is old enough to make this decision himself, but he did consistently look for guidance which felt good.","I feel partially in control because I can offer support and guidance, but ultimately, my son is making his own decisions about his life. I need to trust that he is capable of handling this transition."
673d2104b265ff9ce425c9c4_20260226_162143_69a0713f,"This was when my sister got engaged to her long-distance friend. I really wanted her to be happy getting married to her friend and not feel like she was marrying a stranger. I felt emotional about the whole thing because I've been encouraging her and advising her to stay hopeful. She had been feeling like she was getting old and worried about not being able to get married, so this engagement was a big change for her.",congruence,0.0,0.12987012987012986,0.026666666666666665,0.10389610389610389,0.8628368973731995,True,It helped me because she is happy so I am happy too for her.,"The situation helped my sister by giving her hope and a chance to marry someone she cares about, even if they are long-distance. It alleviated some of her worries about not being able to get married and provided her with a sense of purpose and happiness. It also helped me by allowing me to continue encouraging and advising her to stay hopeful."
5a764e848fe2dc000105739c_20260301_143615_69a44b6b,"I met up with some old friends from my past at a beerex and spent the evening chatting about the past and what we are doing today. We all got something positive from the evening and decided we would like to repeat it the following year. I felt rather good because not only did we all enjoy ourselves, I felt particularly good knowing I contributed in the past to their being friends today. I also had my brother there and my best friend who also knew these people, and they also enjoyed the evening.",relevance,0.0,0.15789473684210525,0.0,0.10526315789473684,0.869954526424408,True,It mattered as I hardly ever see these people and it is always good to catch up.,The event mattered a lot to me because it allowed me to reconnect with old friends and reflect on the past. It was significant not only for the enjoyment of the evening but also for the realization that I had contributed to their current friendships. Having my brother and best friend there added to the importance of the occasion.
5f57be602095072bb238a7ab_20260227_120824_69a1845a_c3,"It was my late mum's first birthday since she passed away last October, and it was especially hard for my dad. I supported him by going to her mum and dad's grave to tidy up, and I spent time with him since it was also Valentine's Day. It was emotionally sad but also positive. I wanted to let my dad know that I'm still here for him because I used to be a carer for her alongside him, being at the house every day with carers coming in and out. I think dad feels lonely in the house now, and I needed to make sure he was okay and knew that I'm here if he needed me or just wanted to talk about mum, which he did. I felt nostalgic and sad, a mixture really. When I left, I felt drained but happy to know that we are a close family and support each other through life. I'm not one for standing at a grave to grieve, but dad wanted to. We looked through photos, talked about mum, and I let him know I haven't forgotten. It's good to talk about sad things and good memories.",congruence,0.0,0.19512195121951217,0.012345679012345678,0.10975609756097562,0.850783109664917,True,"I have already told you, good memories, bad memories, talking things through and moving on and making sure dad is okay as I will have to look out for him also in the future. I want to know for my peace of mind how he copes and what he may want in the future regarding care, etc. Putting things in place now makes it easier to deal with.","The situation helped me by allowing me to support my dad during a difficult time. It hurt me because it brought up feelings of nostalgia and sadness, but it also helped me feel connected to my family and my late mum. It was a mixture of emotions, but ultimately, it reinforced the importance of being there for each other. It helped me feel that I'm fulfilling my role as a supportive family member, and it hurt me in the sense that it reminded me of the loss and the loneliness my dad might be feeling."
6169ea2f9163a46bf5f356e2_20260306_150738_69aaeab5,"I saw some photos of my children when they were younger—babies—and it made me feel sad that I won't get that time again. Back then, my amazing father was ill and later passed away, so I didn't appreciate those moments properly. I wanted to go back in time and feel like I did before everything became sad. Seeing those photos left me feeling sad for the loss of my father and guilty for not valuing the time with him and my children when they were younger. I didn't know what was going to happen, but it still doesn't stop me from feeling guilty and annoyed with myself for not immersing myself more in memory making. It's a lesson that I need to live more in the moment and take time to appreciate all of the good things I have going on, even though I know deep down I will never feel the same way again and will always have a deep sadness for my father.",control,0.0,0.19780219780219777,0.0449438202247191,0.10989010989010987,0.8683467507362366,True,"No not really, because it brought a lot of emotions out and I don't always deal well with my feelings.","I don't feel in control of the past or the emotions it brings up. I can't change what happened or go back in time, but I do feel some control over how I respond to these feelings now. I can choose to learn from this experience and focus on living more mindfully in the present, even though the sadness and guilt will always be there to some extent."
63f77bdf07da8d9275eee1e4_20260301_213834_69a4b0cd,"My wife and I have this little tradition where we buy scratch-off tickets from the gas station each week just for fun. This time, we both won; she got $15 and I got $10, which was awesome. Even though it wasn't a huge amount, it felt great to finally win. The whole experience made us feel good and was really positive. We were just trying to have fun and enjoy some time together, and winning money was a nice bonus. It made me feel like a winner, and spending that time with my wife was really cool.",control,0.0,0.2692307692307692,0.039999999999999994,0.11538461538461538,0.8903220295906067,True,"Yes and no. We knew we were going to buy the tickets, but we couldn't control whether we won.","I didn't feel in control because scratch-off tickets are based on chance. However, I was in control of the decision to buy them and enjoy the experience with my wife."
69932ccc26c39ba9a7a39642_20260220_185530_6998ab77,"My cousin was diagnosed with cancer, and this really made me sad. I'm not happy with the situation, and I feel like I need help figuring out what to do, if there's anything I can do to help him. It's important to me to make sure my cousin lives.",accountability,0.0,0.15384615384615385,0.04,0.11538461538461538,0.860647439956665,True,I don't know who was responsible for it; I can't guess.,"No one is specifically responsible for this; cancer is a disease that can happen to anyone, and it is not the fault of anyone, including my cousin. It is a matter of bad luck and the randomness of illness."
615567110b3d6e418c6add32_20260308_143932_69ad81da,"Last week, I had a disagreement with a friend about a small issue. At first, it made me feel upset and stressed, but later we talked and understood each other better. I really wanted to solve the problem and understand each other. In the end, the situation improved and we felt okay again. I felt better and more relieved after we talked and understood each other.",accountability,0.0,0.17647058823529413,0.0,0.11764705882352941,0.8934791088104248,True,I think it happened because of a misunderstanding between us.,"Both of us were somewhat responsible, as misunderstandings often involve both parties. However, I felt that open communication was key to resolving the issue."
63cedafa29d08471b828a96a_20260220_193701_6998b4d4,"A group of men came to stay in our village from London, and they were trying to break into cars and houses, which was really intimidating for the residents. This was very scary because things like this don't usually happen around here. I needed to go to the shop, but I knew they were hanging around there, so I decided to go without and stayed at home instead. I also stayed up late, feeling scared in case they tried to break into my home. Living on my own, I felt scared and lonely. This whole situation made me realize I need to make plans, just in case scary things like this ever happen again.",certainty,0.0,0.1764705882352941,0.0,0.11764705882352941,0.8704681396484375,True,"The men got arrested and were not allowed back into the village, so this went well.","Things did not go as I expected. I didn't anticipate that a group of men would come to our village and start breaking into cars and houses. It was unexpected and alarming, and I had to change my plans, like not going to the shop and staying up late feeling scared."
63e51be37501e0245d559a51_20260301_163127_69a46903,"I went to my future baby's scan, hoping that everything would be great healthwise. I felt happy because everything is going smoothly. It was important to me that my partner felt fine emotionally too.",accountability,0.0,0.11764705882352941,0.0,0.11764705882352941,0.8551381826400757,True,My partner as she is holding the baby but then also myself for contributing to her wellbeing and helping her feel comfortable.,No one was particularly responsible; it was just a matter of things going as they should. The healthcare professionals played a role in ensuring everything was checked and confirmed.
655fb104e3d55d460e274ddf_20260228_215919_69a362e2,"One of my roommates ate my food, and this time it was my entire box of Quaker oatmeal. I wanted to take that particular food to work because it's easy to just heat up and go. I was upset and ended up being hangry since I didn't have money to buy food. I have a lot of roommates, and I was frustrated because they could have just asked for some instead of stealing.",certainty,0.0,0.2,0.0,0.12,0.8629518747329712,True,No. I just have to buy more and keep it in my room.,"Things did not go as I expected. I anticipated having my oatmeal for work, but instead, it was gone without me even asking for it. I didn't expect my roommate to just take it without permission."
58f63e3a5129080001111304_20260306_175958_69ab11b4,"I was standing with a can of Pepsi, ready to drink it, when it suddenly dropped. I managed to catch it, but it fizzed up and went everywhere, including all over my laptop. I needed to drink the Pepsi, but instead, I was left feeling very upset and angry. I was so annoyed and upset that I nearly burst into tears at the thought that I might have broken the laptop. To make things worse, I had to spend a long time cleaning up afterward, which just added to my frustration.",relevance,0.0,0.21212121212121215,0.03125,0.12121212121212122,0.8794680833816528,True,It happened earlier this afternoon. It really mattered at the time as I thought I'd broken my laptop.,"The event mattered a lot to me because I was ready to enjoy a drink, but instead, it turned into a stressful situation. It involved my laptop, which is an important tool for me, and the potential damage it could suffer added significant weight to the incident."
5dceca2541afe801a32e27ac_20260223_201647_699cb17d,"I have a close personal friend who I've known for over 25 years, and she has a granddaughter with some mental issues. I've known the granddaughter her entire life. Recently, the granddaughter has been living with my friend for a few months while she looks for a job and a place of her own. At first, they were getting along well, but now there's a lot of tension between them, and my friend wants to talk to me about it constantly. No matter what I say or recommend, it doesn't seem to please her. I'm at a point where I really don't want to talk to my friend about this situation anymore, but I don't know how to tell her. I keep suggesting that she seek counseling for her granddaughter and encourage her to move out. I don't want to be disloyal, but my friend insists on leaving things the way they are. It's very important to me that the granddaughter gets help with her mental issues, and I also want my friend to not be constantly stressed out because she has health issues of her own.",certainty,0.0,0.22608695652173913,0.017699115044247787,0.1217391304347826,0.8667439818382263,True,"Everything finally came to a head last weekend, and my friend had to call the police and have her granddaughter removed from her apartment. I could see this coming for a long time, but my friend refused to listen to me. Now she is truly brokenhearted, and I feel sympathy for her but relieved at the same time.","Things did not go as I expected. Initially, they were getting along well, but now there's a lot of tension. No matter what I say or recommend, it doesn't seem to please my friend. She insists on leaving things the way they are, which is unexpected given the level of stress it's causing her."
5cfebb94eafc4d001a62cbc9_20260221_200507_699a0ef8,My young son fell and cut his head. I immediately wanted to provide first aid to make sure he was okay and check that it wasn't a serious injury. The situation left me feeling guilty and worried.,congruence,0.0,0.21875,0.03225806451612904,0.125,0.880744218826294,True,I felt guilty that I had not been able to stop it from happening. I snapped at my husband while we were dealing with it.,"The situation hurt me by causing worry and guilt, as I felt responsible for ensuring my son's safety. It did not help me in any way, as it was a distressing event that required immediate attention and care."
60e85190b9cffd8fed0a064f_20260306_144837_69aae582,"My dad has prostate cancer and recently had his yearly blood test. The results came back, and unfortunately, his condition had worsened. He was supposed to receive a phone call from his doctor on a specific day to discuss the results, but the call never came. I was really worried about what would happen next and was hoping for some clarity and communication from the doctor regarding my dad's condition. The situation left me feeling annoyed and still worrying, which could have been avoided if the doctor had called as planned. Since it's cancer, time is always crucial. The quicker they act, the better the chances of it being able to be helped.",accountability,0.0,0.12500000000000003,0.04347826086956522,0.12500000000000003,0.865384578704834,True,I am not sure it might have been the Doctor or his office.,"I felt that the doctor was most responsible for all of this. They were supposed to call with the results, but they didn't, leaving me and my dad in the dark about the situation."
6998a1adb8b4527a8d7ff3a2_20260307_194636_69ac7d0a,"It was my last working day at the company because I was switching jobs. I was taken by surprise when my team organized a farewell call in one of our conference rooms. Each member shared their memories of me, which was emotionally overwhelming. It was positive because I felt validated, but also negative because I didn't expect to feel such sadness—I even got teary at certain points. I was trying to maintain a balanced sentiment and not show too much emotion since no one before in the team had cried at farewells. I felt positive about the effort my team made, especially since I was one of the shorter-serving members. But I also felt confused, wondering if switching jobs for financial reasons was enough to justify leaving a team I really enjoyed working with. I realized that even though I thought I had surface-level connections with most of my team, I subconsciously developed a liking for them. This was my first job where I worked in an office instead of from home, and I discovered that I truly value human connections.",relevance,0.04294724676074863,0.2204724409448819,0.047999999999999994,0.12598425196850394,0.8576115369796753,True,"It happened past Thursday. It definitely did matter a lot to me, seeing they had taken out times of their busy schedules to be a part of the farewell meeting, contributed to giving me a gift, and added a slide personalized to give me well wishes. This naturally made me emotional and made it memorable.","The event mattered a lot to me because it was my last working day at the company, and I was switching jobs. It was emotionally overwhelming because I didn't expect to feel such sadness, even though I was trying to maintain a balanced sentiment. It mattered because it was my first job where I worked in an office instead of from home, and I discovered that I truly value human connections."
65c017a404cde4687fdad22e_20260220_233909_6998ee71,"My wife of 29 years recently passed away from Stage 1 small cell lung cancer. Now, I'm going through the house and sorting her things to give to family, friends, and charity. I'm focusing on her clothing and jewelry, making sure they go to people she loved and cherished during her lifetime. Doing this has finally given me a sense of relief, as I'm glad to be doing something other than grieving and being depressed all the time.",accountability,0.0,0.15873015873015872,0.032786885245901634,0.12698412698412698,0.8659787774085999,True,No one person is to blame for her death. Death comes to us all at one time or another.,"No one was specifically responsible for all of this; it was a natural consequence of my wife's passing. The disease, small cell lung cancer, was the primary factor, but ultimately, it was a shared experience of loss that we both had to navigate."
67a5c743b431ff0a1160ed28_20260227_152718_69a1b6be,"My mum is buying things for my sister, and not for me, because I earn more money. I just want to be treated fairly. I don't see why she should get money because she has two kids, and then still get to buy luxuries, whilst I have to save for my things. It leaves me feeling like I am expected to be more independent, and I don't matter because I don't have children. I just don't think I'm being treated fairly.",certainty,0.0,0.1702127659574468,0.0,0.12765957446808507,0.8563354015350342,True,I've not confronted it; I don't even think they're aware I'm annoyed.,"Things did not go as I expected. I anticipated being treated more equitably, but instead, I found that my mum prioritizes my sister's needs over mine, despite my higher income."
5a764e848fe2dc000105739c_20260301_143615_69a44b6b,"I met up with some old friends from my past at a beerex and spent the evening chatting about the past and what we are doing today. We all got something positive from the evening and decided we would like to repeat it the following year. I felt rather good because not only did we all enjoy ourselves, I felt particularly good knowing I contributed in the past to their being friends today. I also had my brother there and my best friend who also knew these people, and they also enjoyed the evening.",accountability,0.0,0.12765957446808512,0.0,0.12765957446808512,0.8665720820426941,True,It was all down to me who suggested the gathering.,"I felt that everyone involved was equally responsible for the positive outcome. My past actions in helping these friends become friends today played a role, but so did their willingness to reconnect and enjoy the evening together."
5eb0598b718c920e386736cd_20260305_204627_69a9e9e4,"Scenario: I recently received a pay raise at my job. I felt the urge to share the news with someone because it made me happy. The raise brought a sense of relief, especially with the rising costs of living, as it will be a significant help. However, it also made me feel like I need to demonstrate my value even more at work.",control,0.0,0.21276595744680848,0.044444444444444446,0.12765957446808512,0.8711419105529785,True,I didn't need to feel in control.,"I felt partially in control because I had been working hard and demonstrating my value, which likely contributed to the decision. However, the final decision was ultimately up to my employer, so I couldn't fully control the outcome."
66a426bcd6c66d59e395617b_20260302_155945_69a5b18a,"A close family member, my cousin, passed away, and I was unable to attend the funeral because I was sick. I really wanted to be there, but my illness kept me from going. Not being able to attend made me feel guilty, like I should have gone anyways despite being sick, and I felt selfish for not being there.",certainty,0.0,0.12765957446808512,0.0,0.12765957446808512,0.8513763546943665,True,Things went as expected as they could have went.,"Things did not go as I expected because I was unable to attend the funeral due to being sick. I had hoped to be there to pay my respects and support my family, but my illness prevented that."
5a764e848fe2dc000105739c_20260301_143615_69a44b6b,"I met up with some old friends from my past at a beerex and spent the evening chatting about the past and what we are doing today. We all got something positive from the evening and decided we would like to repeat it the following year. I felt rather good because not only did we all enjoy ourselves, I felt particularly good knowing I contributed in the past to their being friends today. I also had my brother there and my best friend who also knew these people, and they also enjoyed the evening.",congruence,0.0,0.25806451612903225,0.10000000000000002,0.12903225806451613,0.8887729048728943,True,It reminded me that I helped contribute to other peoples development when I was very much younger. This was a positive contribution to making our community better.,The situation helped me by reinforcing my sense of connection and contribution to others' lives. It boosted my well-being by providing a positive social experience and reminded me of the value of past relationships.
5fdbae0584b3a90525410347_20260302_161620_69a5b646,"I had a fantastic day on Saturday. The weather was nice, so I decided to get out of the house and run some errands. I needed to pick up a few groceries and drop off some recycling. Everyone I met was friendly and happy, which made the experience even better. I came home feeling happy and content, having accomplished everything without feeling anxious.",certainty,0.0,0.12903225806451613,0.0,0.12903225806451613,0.892525315284729,True,Everything went as expected.,"Things went better than I expected. The weather was nice, people were friendly, and I managed to complete all my errands without any issues or unexpected challenges."
5a764e848fe2dc000105739c_20260301_143615_69a44b6b,"I met up with some old friends from my past at a beerex and spent the evening chatting about the past and what we are doing today. We all got something positive from the evening and decided we would like to repeat it the following year. I felt rather good because not only did we all enjoy ourselves, I felt particularly good knowing I contributed in the past to their being friends today. I also had my brother there and my best friend who also knew these people, and they also enjoyed the evening.",control,0.0,0.1935483870967742,0.0,0.12903225806451615,0.8825374245643616,True,The fact that they all turned up was a tribute to me and although I had no control over their arrival I was always there to meet them.,"I felt a moderate level of control. While I couldn't control everyone's actions or the overall atmosphere, I could contribute positively by being present, engaging in conversation, and fostering a welcoming environment."
663b34f2cf27da2a623b94f9_20260227_153742_69a1b5ea,"It was my granddaughter's 18th birthday last Sunday, and we had a precelebration at my house on Friday. Then, on Sunday, we all met up in Exeter for an Escape Room experience and a meal. I wanted to enjoy the celebration with my whole family, especially with my granddaughter. My family is very important to me, and we don't meet up enough, so I was really hoping for a drama-free gathering, which usually isn't the case when we all get together. This time, it left me feeling really good and appreciative of the special connection we have. I wanted my family to appreciate me, and I certainly think they do. My granddaughter asked me to voice record a special message for her to be inserted in a bear that I had given her 16 years ago, which was being revamped at the shop called Build a Bear. I felt special that she asked me to do that.",control,0.0,0.2150537634408602,0.02197802197802198,0.12903225806451615,0.872647225856781,True,"Yes, I was in control. I thought about it before the event and how it could be made special. I enjoyed the event for what it was and did not make any assumptions of how it should have been or how it could be better.","I felt a sense of control because I was able to contribute to the celebration in a meaningful way, such as recording the message. However, I also felt comfortable letting go of control in terms of enjoying the day with my family without worrying about managing every aspect."
6631dd70c1393b01137d8453_20260228_163013_69a31305,"I was informed that I had received a promotion at work, which meant I would be working my last week at the store I was currently at. I was trying to improve my standing in the organization with this promotion, and I needed positive reinforcement from my employees and peers. Overall, I felt positive about the promotion, but it was also bittersweet because I had grown close to a lot of the employees at my old location, and I will miss them. It was important to me to receive validation from my former employees that they enjoyed working with me and felt I did a good job.",control,0.0,0.2337662337662338,0.0,0.12987012987012989,0.8750373125076294,True,Some of the time yes because it was my job to inspire and motivate the team. However there were times things happened outside my control.,"I felt partially in control because I had worked hard to earn the promotion, but I also felt a lack of control over the emotional impact of leaving my old team. While I could not change the decision to move, I could manage how I processed the transition and maintained positive relationships."
66a426bcd6c66d59e395617b_20260302_155945_69a5b18a,"A close family member, my cousin, passed away, and I was unable to attend the funeral because I was sick. I really wanted to be there, but my illness kept me from going. Not being able to attend made me feel guilty, like I should have gone anyways despite being sick, and I felt selfish for not being there.",congruence,0.0,0.2631578947368421,0.02702702702702703,0.13157894736842105,0.8632331490516663,True,Thoughts of me not being there for her sometimes come up in my mind. I spent 3 days in bed mourning the loss but feel like if I went it wouldn't have been as hard to deal with.,"The situation hurt me by making me feel guilty and selfish for not being able to attend. It left me feeling disconnected from the grieving process and unable to offer support in person, which I value deeply."
60e85190b9cffd8fed0a064f_20260306_144837_69aae582,"My dad has prostate cancer and recently had his yearly blood test. The results came back, and unfortunately, his condition had worsened. He was supposed to receive a phone call from his doctor on a specific day to discuss the results, but the call never came. I was really worried about what would happen next and was hoping for some clarity and communication from the doctor regarding my dad's condition. The situation left me feeling annoyed and still worrying, which could have been avoided if the doctor had called as planned. Since it's cancer, time is always crucial. The quicker they act, the better the chances of it being able to be helped.",certainty,0.0,0.24528301886792453,0.019230769230769232,0.13207547169811318,0.8648662567138672,True,Finally someone phoned back and apologised and said it should never have happened but that the Dr was away for nearly the whole month so my Dad has to wait until the end of the month now before he goes for an appointment at the hospital.,"Things did not go as I expected. My dad was supposed to receive a phone call from his doctor on a specific day to discuss the results, but the call never came. This lack of communication left me in a state of uncertainty and worry, which could have been avoided if the doctor had followed through with the planned call."
63e51be37501e0245d559a51_20260301_163127_69a46903,"I went to my future baby's scan, hoping that everything would be great healthwise. I felt happy because everything is going smoothly. It was important to me that my partner felt fine emotionally too.",control,0.0,0.24,0.0,0.13333333333333333,0.8759672045707703,True,"To some extent we were not in control as we relied on medical staff, but we had control in the ability to see the medical staff in the first place.","I felt a mix of control and lack of control. While I couldn't control the baby's health directly, I could control my own reactions and support my partner emotionally. The scan itself was something I had to rely on the professionals to manage."
67a5c743b431ff0a1160ed28_20260227_152718_69a1b6be,"My mum is buying things for my sister, and not for me, because I earn more money. I just want to be treated fairly. I don't see why she should get money because she has two kids, and then still get to buy luxuries, whilst I have to save for my things. It leaves me feeling like I am expected to be more independent, and I don't matter because I don't have children. I just don't think I'm being treated fairly.",control,0.0,0.16666666666666666,0.03448275862068966,0.13333333333333333,0.8743000030517578,True,I wasn't in control at all; it's happening away from me because I don't live locally.,I do not feel in control of this situation. I cannot dictate how my mum spends her money or how she treats her children. I can only react to how things are and try to manage my own feelings about it.
6998a1adb8b4527a8d7ff3a2_20260307_194636_69ac7d0a,"It was my last working day at the company because I was switching jobs. I was taken by surprise when my team organized a farewell call in one of our conference rooms. Each member shared their memories of me, which was emotionally overwhelming. It was positive because I felt validated, but also negative because I didn't expect to feel such sadness—I even got teary at certain points. I was trying to maintain a balanced sentiment and not show too much emotion since no one before in the team had cried at farewells. I felt positive about the effort my team made, especially since I was one of the shorter-serving members. But I also felt confused, wondering if switching jobs for financial reasons was enough to justify leaving a team I really enjoyed working with. I realized that even though I thought I had surface-level connections with most of my team, I subconsciously developed a liking for them. This was my first job where I worked in an office instead of from home, and I discovered that I truly value human connections.",certainty,0.0,0.28571428571428575,0.038834951456310676,0.13333333333333333,0.8644140362739563,True,"The situation itself was unexpected, but once it started, it was pretty standard as it's expected to get a gift and farewell slide show. However, the part where they all talked about their memories with me was out of the blue definitely.","Things did not go as I expected. I was taken by surprise when my team organized a farewell call in one of our conference rooms. I didn't expect to feel such sadness, and I was surprised by the emotional impact of the farewell. It was a novel experience for me, as no one before in the team had cried at farewells."
65c017a404cde4687fdad22e_20260220_233909_6998ee71,"My wife of 29 years recently passed away from Stage 1 small cell lung cancer. Now, I'm going through the house and sorting her things to give to family, friends, and charity. I'm focusing on her clothing and jewelry, making sure they go to people she loved and cherished during her lifetime. Doing this has finally given me a sense of relief, as I'm glad to be doing something other than grieving and being depressed all the time.",control,0.0,0.21153846153846154,0.0,0.13461538461538464,0.8563089370727539,True,"Yes, I am in control to a certain point. I sometimes breakdown and cry but force myself to think of the good times we had together to take my mind off things until I'm ready to start again.","I felt a mix of control and lack of control. In terms of sorting her belongings, I had control over the decisions of where her items would go. However, I had no control over her illness or the fact that she had passed away. This duality of control was both empowering and frustrating, as I could manage the practical aspects but not the emotional ones."
5d959fdf9cf6ab001982afee_20260228_192404_69a33d3d,"I went on a short family holiday to a really nice place in the country. It was a small village that was pretty, with a castle and nice pubs and restaurants. The trip went well, and it was good family time. We love to travel, so we were looking to achieve a few things: travel somewhere new, see some new places, and cover a new area of the country. We wanted to make some family memories and help our children learn and grow. I was aiming for a nice, good value holiday that was busy but overall relaxing. I felt fine overall after the trip and am keen to do more, go somewhere else, and spend similar time as a family again. It was a positive experience and it contributes to my family's overall life goals. Value is important to me, as I like to remain frugal. Food and drink are also important to us, but mainly, it's crucial that our children are fulfilled, meaning they get time to play, relax, and see something interesting.",congruence,0.0,0.20224719101123595,0.04597701149425287,0.1348314606741573,0.8685353994369507,True,It didn't hurt. It was quite affordable but it was stressful in parts. The travel wasn't ideal and it was quite rushed. But overall it helped us achieve our goals.,"The trip helped us by allowing us to travel somewhere new, see new places, and cover a new area of the country. It helped our children learn and grow by giving them time to play, relax, and see something interesting. It also contributed to making family memories, which is important for our family's overall well-being."
6169ea2f9163a46bf5f356e2_20260306_150738_69aaeab5,"I saw some photos of my children when they were younger—babies—and it made me feel sad that I won't get that time again. Back then, my amazing father was ill and later passed away, so I didn't appreciate those moments properly. I wanted to go back in time and feel like I did before everything became sad. Seeing those photos left me feeling sad for the loss of my father and guilty for not valuing the time with him and my children when they were younger. I didn't know what was going to happen, but it still doesn't stop me from feeling guilty and annoyed with myself for not immersing myself more in memory making. It's a lesson that I need to live more in the moment and take time to appreciate all of the good things I have going on, even though I know deep down I will never feel the same way again and will always have a deep sadness for my father.",certainty,0.0,0.24324324324324323,0.05555555555555555,0.13513513513513511,0.883994996547699,True,"Yes it was unexpected, I had expected to see the photos that triggered the memories.","Things did not go as I expected. I thought I would be able to move forward without feeling so much guilt and sadness, but seeing those photos brought up emotions I hadn't fully processed. It was unexpected how deeply it affected me, reminding me of the loss of my father and the time I missed with my children."
66718bbb61a1ad0225968d18_20260305_141912_69a98f79,"A positive experience that happened very recently was my wedding, last weekend. I got married to my now husband after being together for nine years. I wanted a small family, friend-focused day with all our closest loved ones. Initially, I felt a bit worried and fearful about being on show, but eventually, I felt very content. It was important for me to remain calm, stay happy, and remember to enjoy the moment.",certainty,0.0,0.13559322033898305,0.03508771929824561,0.13559322033898305,0.8570351004600525,True,Things went pretty much as expected as you can be; no amount of planning is ever fully perfect or spot on.,"Things went better than I expected. Initially, I felt worried and fearful about being on show, but eventually, I felt very content. The day unfolded in a way that allowed me to remain calm and enjoy the moment."
5dfb6c4d19232d899d182cda_20260219_230958_699794ef,"I was watching my great grandson drawing. I just wanted him to continue and not react to me watching him, allowing him to be his natural four-year-old self. The whole situation left me feeling warm, happy, and content. I was appreciating that he won't stay so young, innocent, and natural for long.",control,0.0,0.23728813559322035,0.0,0.13559322033898308,0.8778072595596313,True,"No. I wasn’t controlling nothing or anyone. That felt great, as I usually have to organise everything.","I felt a sense of gentle control because I chose to observe quietly without interfering. However, I also recognized that I couldn't control his actions or the passage of time. It was a balance of being present and letting go."
6631dd70c1393b01137d8453_20260228_163013_69a31305,"I was informed that I had received a promotion at work, which meant I would be working my last week at the store I was currently at. I was trying to improve my standing in the organization with this promotion, and I needed positive reinforcement from my employees and peers. Overall, I felt positive about the promotion, but it was also bittersweet because I had grown close to a lot of the employees at my old location, and I will miss them. It was important to me to receive validation from my former employees that they enjoyed working with me and felt I did a good job.",accountability,0.0,0.13636363636363638,0.0,0.13636363636363638,0.855029821395874,True,"Myself, my employees, my peers, my supervisors.","I felt that both myself and the organization were most responsible for this situation. My hard work and dedication led to the promotion, while the organization's decision to move me reflected their recognition of my contributions."
673d2104b265ff9ce425c9c4_20260226_162143_69a0713f,"This was when my sister got engaged to her long-distance friend. I really wanted her to be happy getting married to her friend and not feel like she was marrying a stranger. I felt emotional about the whole thing because I've been encouraging her and advising her to stay hopeful. She had been feeling like she was getting old and worried about not being able to get married, so this engagement was a big change for her.",certainty,0.0,0.1643835616438356,0.0,0.136986301369863,0.8645715117454529,True,"It went as expected, she accepted the proposal and other wedding arrangements will be made as follows.","Things went better than I expected. My sister had been feeling like she was getting old and worried about not being able to get married, so this engagement was a big change for her. It was unexpected that she would get engaged to her long-distance friend, but it turned out to be a positive development."
5ff07b5ee7a1d23e719e421e_20260227_145116_69a1ad7e,"I went and sat with my baby brother, who is 64, while he had his chemo treatment. I'm very sad that he has to go through this, and it doesn't look like his chances are very good, but he's a fighter. I sat with him for 2 hours, and he and all the other chemo patients in the room were talking and having a good time joking about their situation. It was uplifting, but also sad. I was trying to give him moral support. It left me feeling sad for all the people that have to go through this type of thing. It also made me feel glad that I could be there for him, especially since his wife died a few years ago and I didn't want him to be alone. Just being there to support him was important to me.",certainty,0.0,0.17241379310344826,0.03571428571428572,0.13793103448275862,0.8695400953292847,True,"Yes, things went smooth and he did okay. He was quick sick afterwards and remains very tired.","Things went as expected in terms of the treatment process, but the emotional impact was more than I anticipated. The fact that he and others were joking about their situation was uplifting, but it also highlighted the sadness of the situation."
65c017a404cde4687fdad22e_20260220_233909_6998ee71,"My wife of 29 years recently passed away from Stage 1 small cell lung cancer. Now, I'm going through the house and sorting her things to give to family, friends, and charity. I'm focusing on her clothing and jewelry, making sure they go to people she loved and cherished during her lifetime. Doing this has finally given me a sense of relief, as I'm glad to be doing something other than grieving and being depressed all the time.",certainty,0.0,0.27586206896551724,0.0,0.13793103448275862,0.8568003177642822,True,"Yes, for the most part. I sorted her things and found some items I thought we had parted ways with years ago. She placed them in the storage boxes instead. She was sort of a packrat.","Things went as I expected in terms of the process of sorting and distributing her belongings. However, the emotional weight of the situation was heavier than I anticipated. The clarity and certainty of the task itself were as expected, but the emotional impact was more profound than I had prepared for."
5b51c33d026602000178b5ec_20260228_144002_69a2fa65,"My daughter was accepted back into high school this week after being homeschooled for approximately six months. We tried to get her into the school of her choice because she was missing the social aspect of friends and sports, and we finally received our offer this week. I was elated and nervous for her, with my emotions being up and down. It was definitely what she wants.",relevance,0.0,0.19444444444444445,0.0,0.13888888888888887,0.8728005886077881,True,This happened on Tuesday last week and it really matters as she was bullied at her previous school so I understand going back will be a challenge.,The event mattered a great deal to me because it involved my daughter's return to high school after being homeschooled for six months. It was important to her social needs and her desire to be part of a school community with friends and sports.
66718bbb61a1ad0225968d18_20260305_141912_69a98f79,"A positive experience that happened very recently was my wedding, last weekend. I got married to my now husband after being together for nine years. I wanted a small family, friend-focused day with all our closest loved ones. Initially, I felt a bit worried and fearful about being on show, but eventually, I felt very content. It was important for me to remain calm, stay happy, and remember to enjoy the moment.",congruence,0.0,0.24999999999999994,0.0,0.13888888888888892,0.8742926120758057,True,"The experience helped remind me that I'm loved, I'm capable, and a good enough person for someone to put their full trust into.","The situation helped me by allowing me to celebrate a major life event with loved ones. It hurt me initially due to fears of being on show, but these feelings subsided as the day progressed. Overall, it was a positive experience that reinforced my happiness and contentment."
5fdbae0584b3a90525410347_20260302_161620_69a5b646,"I had a fantastic day on Saturday. The weather was nice, so I decided to get out of the house and run some errands. I needed to pick up a few groceries and drop off some recycling. Everyone I met was friendly and happy, which made the experience even better. I came home feeling happy and content, having accomplished everything without feeling anxious.",congruence,0.0,0.13953488372093023,0.04878048780487805,0.13953488372093023,0.8862053751945496,True,The experience helped me realize that everything is not always difficult.,"The situation helped me by allowing me to maintain a sense of normalcy and productivity. It didn't hurt me in any way; instead, it left me feeling accomplished and at ease."
65c6762ea86de7fbe4ac9406_20260224_173803_699dde61,"Scenario: Last week was Lunar New Year, and I found myself contemplating whether I should reach out to my parents. Ultimately, I decided against it, primarily due to a lack of motivation. Living in America provided me with a convenient reason not to make contact since Lunar New Year isn't widely celebrated here. The tension stemmed from my complicated relationship with my parents. I maintain communication with them mainly out of a sense of duty and obligation. The day went by without any contact from either side, leaving me with mixed emotions. I was uncertain about reaching out. My feelings towards my parents aren't positive, yet I experience guilt when I feel I'm not fulfilling my role as a daughter. I didn't have any specific needs or desires; I just wished these complex emotions didn't cause me anxiety. The situation left me feeling uncomfortable, guilty, disappointed, and resentful. I'm questioning whether there's anything left to salvage in my relationship with my parents. Not reaching out makes me wonder if perhaps there isn't.",control,0.0,0.28,0.04081632653061224,0.14,0.8728829026222229,True,"No, not really. I was wondering the entire time if my parents would reach out, which they didn't. I felt like I had no control over that. If they reached out, I would feel bad that I didn't. I get a shot of anxiety every time my parents contact me, and I don't have control over that.","I felt partially in control because I could choose whether to reach out or not. However, the emotional weight of the situation made it difficult to feel fully in control, as the guilt and anxiety lingered regardless of my decision."
6169ea2f9163a46bf5f356e2_20260306_150738_69aaeab5,"I saw some photos of my children when they were younger—babies—and it made me feel sad that I won't get that time again. Back then, my amazing father was ill and later passed away, so I didn't appreciate those moments properly. I wanted to go back in time and feel like I did before everything became sad. Seeing those photos left me feeling sad for the loss of my father and guilty for not valuing the time with him and my children when they were younger. I didn't know what was going to happen, but it still doesn't stop me from feeling guilty and annoyed with myself for not immersing myself more in memory making. It's a lesson that I need to live more in the moment and take time to appreciate all of the good things I have going on, even though I know deep down I will never feel the same way again and will always have a deep sadness for my father.",relevance,0.0,0.17543859649122806,0.05357142857142857,0.14035087719298245,0.8652016520500183,True,It matters greatly to me. My family are the most important thing to me in the world.,"The event mattered a lot to me because it reminded me of the precious time I had with my children when they were younger, which I now realize I didn't fully appreciate. It also brought up the sadness of losing my father, who was ill during that time, and the guilt of not valuing the moments we shared. This matters deeply to me because it highlights a lesson I need to learn: to live more in the moment and cherish the good things in my life, even though I know I can't change the past."
66a426bcd6c66d59e395617b_20260302_155945_69a5b18a,"A close family member, my cousin, passed away, and I was unable to attend the funeral because I was sick. I really wanted to be there, but my illness kept me from going. Not being able to attend made me feel guilty, like I should have gone anyways despite being sick, and I felt selfish for not being there.",relevance,0.0,0.2456140350877193,0.03636363636363636,0.14035087719298245,0.8800831437110901,True,It happened 2 weeks ago and it mattered to me a great deal.,"The event mattered a lot to me because it involved a close family member, my cousin, passing away. It was significant due to the loss and the desire to be present for the funeral, which is a meaningful ritual for grieving and supporting family."
665c738a0fa99b0a682780f2_20260305_225050_69aa0631,"My 20-year-old cat broke her tooth and has been in a lot of pain while we wait for our veterinarian appointment. I really needed her not to be in pain and to start eating and drinking again. I've had to force feed her for the last two days. It feels like I'm the one with a broken tooth because I love my cat so much, and it hurts me when she's in pain. It's all I can think about. On top of that, my wife hasn't been supportive and suggested putting the cat down instead of fixing its tooth. I've known this cat longer than I've known my wife.",certainty,0.0,0.28235294117647064,0.07228915662650602,0.14117647058823532,0.8688621520996094,True,"I was hoping the vet would have an appointment immediately, but instead we have to wait 2 days for an appointment. I was expecting her to be able to go in sooner.","Things did not go as I expected. I anticipated that my cat would be able to eat and drink normally, but instead, she has been in pain and unable to do so. The situation has been more challenging than I anticipated, especially with the added stress of my wife's lack of support."
57fa9d61bd8a970001fde2c6_20260301_180805_69a47e3e,"My friend was talking about the anniversary of the death of her husband, who was also my friend. It was nice to recall good memories rather than dwelling on their actual death. There was a slight feeling of sadness that they were no longer here, but it was also uplifting to reminisce and share our feelings. It was important to me that my friend felt comfortable talking about it with me.",certainty,0.0,0.14285714285714285,0.0,0.14285714285714285,0.8735355138778687,True,I was surprised at how comfortable my friend was discussing her memories without getting upset.,"Things went as expected. It was a moment of reflection and remembrance, and it was nice to recall good memories rather than dwelling on their actual death."
5b51c33d026602000178b5ec_20260228_144002_69a2fa65,"My daughter was accepted back into high school this week after being homeschooled for approximately six months. We tried to get her into the school of her choice because she was missing the social aspect of friends and sports, and we finally received our offer this week. I was elated and nervous for her, with my emotions being up and down. It was definitely what she wants.",accountability,0.0,0.21428571428571427,0.0,0.14285714285714288,0.8706889748573303,True,Both equally I had to think about what was best for her in this situation and also take into consideration what she wanted.,My daughter's desire to return to school and our efforts to facilitate that were most responsible for this outcome. The school's decision to accept her application also played a key role.
5d959fdf9cf6ab001982afee_20260228_192404_69a33d3d,"I went on a short family holiday to a really nice place in the country. It was a small village that was pretty, with a castle and nice pubs and restaurants. The trip went well, and it was good family time. We love to travel, so we were looking to achieve a few things: travel somewhere new, see some new places, and cover a new area of the country. We wanted to make some family memories and help our children learn and grow. I was aiming for a nice, good value holiday that was busy but overall relaxing. I felt fine overall after the trip and am keen to do more, go somewhere else, and spend similar time as a family again. It was a positive experience and it contributes to my family's overall life goals. Value is important to me, as I like to remain frugal. Food and drink are also important to us, but mainly, it's crucial that our children are fulfilled, meaning they get time to play, relax, and see something interesting.",relevance,0.0,0.26016260162601623,0.03305785123966942,0.14634146341463414,0.8656641244888306,True,It matters a great deal but I am also aware that it is a luxury. Holidays aren't a given and they do cost money and require effort. Without doing this we would function fine and fill our time and purpose another way. But it still matters a lot to us as a family.,"The event mattered a lot to me because it was a short family holiday that allowed us to travel somewhere new, see new places, and cover a new area of the country. It was important for making family memories and helping our children learn and grow. The trip contributed to my family's overall life goals by providing a nice, good value holiday that was busy but overall relaxing."
673d2104b265ff9ce425c9c4_20260226_162143_69a0713f,"This was when my sister got engaged to her long-distance friend. I really wanted her to be happy getting married to her friend and not feel like she was marrying a stranger. I felt emotional about the whole thing because I've been encouraging her and advising her to stay hopeful. She had been feeling like she was getting old and worried about not being able to get married, so this engagement was a big change for her.",accountability,0.0,0.3235294117647059,0.06060606060606061,0.14705882352941177,0.8778060078620911,True,I felt the spouse was responsible for taking a long time to make up his mind to settle down and get married.,"My sister and her long-distance friend were most responsible for this situation. They took the steps to get engaged, and my role was more about supporting and encouraging them through the process. I felt that I was just there to provide emotional support and advice."
577a0a7aadbc7500015d2479_20260306_185456_69ab207b,"I finished my most recent university assignment, proofread it, and handed it in early. I'm doing a BSc in Public Health and Wellbeing with the Open University, and I was trying to achieve handing in a completed assignment. To do this, I needed peace and quiet. Once I had handed in my assignment early, I felt very good and treated myself to a new TV since my current one has been broken for a bit. I felt good that I managed to hand it in, rather than go over it every day for days. One thing that has stuck with me is something a lecturer said: you get 80% of the mark in 20% of the time, and 20% of the mark in the other 80%, so I try to remember that. I felt I relied on myself well. On a previous degree, we were encouraged to get friends to proofread it for you, but my current university discourages this.",relevance,0.0,0.29508196721311475,0.05,0.14754098360655737,0.8651921153068542,True,"It is very important to me that I succeed with this course. 16 years ago I started a DPhil at Oxford, but had to drop out because of my health. Because of this, I am lacking in confidence about studying, but doing my BSc is helping me become more confident.","The event mattered a lot to me because it was a significant milestone in my BSc in Public Health and Wellbeing program at the Open University. Handing in the assignment early was important to me as it allowed me to avoid the stress of last-minute submissions and gave me a sense of accomplishment. It also mattered because I needed peace and quiet to focus, which is not always easy to find."
5d959fdf9cf6ab001982afee_20260228_192404_69a33d3d,"I went on a short family holiday to a really nice place in the country. It was a small village that was pretty, with a castle and nice pubs and restaurants. The trip went well, and it was good family time. We love to travel, so we were looking to achieve a few things: travel somewhere new, see some new places, and cover a new area of the country. We wanted to make some family memories and help our children learn and grow. I was aiming for a nice, good value holiday that was busy but overall relaxing. I felt fine overall after the trip and am keen to do more, go somewhere else, and spend similar time as a family again. It was a positive experience and it contributes to my family's overall life goals. Value is important to me, as I like to remain frugal. Food and drink are also important to us, but mainly, it's crucial that our children are fulfilled, meaning they get time to play, relax, and see something interesting.",certainty,0.0,0.14814814814814814,0.038461538461538464,0.14814814814814814,0.8910474181175232,True,It did go as expected. It was fairly textbook overall.,"Things went as expected. We were looking for a nice, good value holiday that was busy but overall relaxing, and that's exactly what we got. The village was pretty, with a castle and nice pubs and restaurants, which added to the positive experience."
66a426bcd6c66d59e395617b_20260302_155945_69a5b18a,"A close family member, my cousin, passed away, and I was unable to attend the funeral because I was sick. I really wanted to be there, but my illness kept me from going. Not being able to attend made me feel guilty, like I should have gone anyways despite being sick, and I felt selfish for not being there.",accountability,0.0,0.14814814814814814,0.0,0.14814814814814814,0.8709017634391785,True,Me being sick.,"I felt that my illness was most responsible for all of this, as it was beyond my control and kept me from being there."
655fb104e3d55d460e274ddf_20260228_215919_69a362e2,"One of my roommates ate my food, and this time it was my entire box of Quaker oatmeal. I wanted to take that particular food to work because it's easy to just heat up and go. I was upset and ended up being hangry since I didn't have money to buy food. I have a lot of roommates, and I was frustrated because they could have just asked for some instead of stealing.",control,0.0,0.18518518518518517,0.0,0.14814814814814817,0.8510547876358032,True,No because they stole it likely when I wasn’t home so idk which one didn’t.,"I felt no control in this situation because I couldn't stop my roommate from taking my food, and I had no say in the matter once it happened. I was left to deal with the consequences."
5d959fdf9cf6ab001982afee_20260228_192404_69a33d3d,"I went on a short family holiday to a really nice place in the country. It was a small village that was pretty, with a castle and nice pubs and restaurants. The trip went well, and it was good family time. We love to travel, so we were looking to achieve a few things: travel somewhere new, see some new places, and cover a new area of the country. We wanted to make some family memories and help our children learn and grow. I was aiming for a nice, good value holiday that was busy but overall relaxing. I felt fine overall after the trip and am keen to do more, go somewhere else, and spend similar time as a family again. It was a positive experience and it contributes to my family's overall life goals. Value is important to me, as I like to remain frugal. Food and drink are also important to us, but mainly, it's crucial that our children are fulfilled, meaning they get time to play, relax, and see something interesting.",control,0.0,0.275,0.02564102564102564,0.15,0.8666371703147888,True,We're always in control. Even if it feels like we're not. Nothing bad happened here so we were able to control the narrative and the pace somewhat.,"I felt in control because we planned the trip to ensure it was a good value holiday that was busy but overall relaxing. We chose a small village that was pretty, with a castle and nice pubs and restaurants, which gave us the control to enjoy the experience as we wanted."
60e25008f1ecf0be303353bb_20260228_165505_69a31c2f,My first son moved out of the house and into his own place. I'm really excited for him because it's a great opportunity for growth. I'm feeling proud of him. I also need to make sure his mom and my other son are okay with the change and adapt well.,accountability,0.0,0.2,0.0,0.15,0.8640806674957275,True,"Nobody is responsible, just a part of life and growth.","My son is most responsible for this change, as it is his decision to move out and pursue his own path. I and his mom are supportive of this choice."
600a878fa6fbbf1ba60bea36_20260307_160805_69ac4a7f,"My father had collapsed and was taken to the hospital to be checked out. I was really anxious because I didn't know what had happened or how serious his condition was. I was comforted by my boyfriend, who was very understanding of the situation and how I was feeling. I wanted to get some news from the hospital on my father's condition, but initially, I couldn't get through to other family members to find out more. It was important to me to ensure the other members of the family were OK too, especially my Mum.",congruence,0.0,0.27848101265822783,0.05194805194805195,0.1518987341772152,0.884929895401001,True,"I found out that night how much my boyfriend cared for me. He completely understood how I would be feeling in that situation and helped to comfort me. So although the situation was very stressful for me, my boyfriend was brilliant.","The situation hurt me by causing anxiety and worry about my father's health and the well-being of other family members. It helped me by having my boyfriend's support, which provided comfort during a stressful time."
577a0a7aadbc7500015d2479_20260306_185456_69ab207b,"I finished my most recent university assignment, proofread it, and handed it in early. I'm doing a BSc in Public Health and Wellbeing with the Open University, and I was trying to achieve handing in a completed assignment. To do this, I needed peace and quiet. Once I had handed in my assignment early, I felt very good and treated myself to a new TV since my current one has been broken for a bit. I felt good that I managed to hand it in, rather than go over it every day for days. One thing that has stuck with me is something a lecturer said: you get 80% of the mark in 20% of the time, and 20% of the mark in the other 80%, so I try to remember that. I felt I relied on myself well. On a previous degree, we were encouraged to get friends to proofread it for you, but my current university discourages this.",congruence,0.0,0.19047619047619047,0.058252427184466014,0.15238095238095237,0.8637219667434692,True,"Handing the assignment in early was a significant step in rebuilding my confidence in my academic abilities, as was handing in one that I was 99% happy with.","The situation helped me by allowing me to complete a significant task without the pressure of a looming deadline. It boosted my confidence and gave me a sense of control over my studies. It also allowed me to treat myself to a new TV, which was a nice reward for my hard work. However, it also highlighted the challenges of balancing study with other responsibilities, as I needed to find the right time and space to focus."
5cfebb94eafc4d001a62cbc9_20260221_200507_699a0ef8,My young son fell and cut his head. I immediately wanted to provide first aid to make sure he was okay and check that it wasn't a serious injury. The situation left me feeling guilty and worried.,relevance,0.0,0.2692307692307692,0.04,0.15384615384615383,0.8922231197357178,True,It was extremely important as it was the welfare of my child.,"The event mattered a great deal to me because it involved my young son, and I immediately wanted to ensure he was okay and that the injury wasn't serious. It was an urgent concern for me as a parent."
663b34f2cf27da2a623b94f9_20260227_153742_69a1b5ea,"It was my granddaughter's 18th birthday last Sunday, and we had a precelebration at my house on Friday. Then, on Sunday, we all met up in Exeter for an Escape Room experience and a meal. I wanted to enjoy the celebration with my whole family, especially with my granddaughter. My family is very important to me, and we don't meet up enough, so I was really hoping for a drama-free gathering, which usually isn't the case when we all get together. This time, it left me feeling really good and appreciative of the special connection we have. I wanted my family to appreciate me, and I certainly think they do. My granddaughter asked me to voice record a special message for her to be inserted in a bear that I had given her 16 years ago, which was being revamped at the shop called Build a Bear. I felt special that she asked me to do that.",congruence,0.0,0.24615384615384617,0.031746031746031744,0.15384615384615383,0.8703281283378601,True,"It helped me enormously, showing me that we could be the family I aspired to—loving, happy, and caring about each other.","The situation helped me by allowing me to spend quality time with my family and granddaughter, strengthening our bond. It also made me feel appreciated, as my granddaughter asked me to voice record a special message for her, which was a touching gesture."
67883d53705991d641bb1743_20260307_193358_69ac7a95,"I was in my room, singing and enjoying some privacy and comfort, when my mom suddenly came in. I thought my door was still locked, so seeing her standing there in the doorway scared me almost to death. My body reacted nervously, and I felt my stomach tighten and then tear from my diaphragm down into my bladder. It left me in dire pain, and I couldn't sleep all night because my stomach kept filling up with pain and gas. My mom totally hurt me and ruined my day.",certainty,0.09186672262412118,0.1923076923076923,0.12000000000000001,0.15384615384615383,0.8832431435585022,True,It was completely unexpected and uncalled for. My mother turned it all around on me to make me feel worse than she already made me.,"Things did not go as I expected. I thought my door was locked, so seeing my mom standing there in the doorway was completely unexpected and terrifying."
5eb0598b718c920e386736cd_20260305_204627_69a9e9e4,"Scenario: I recently received a pay raise at my job. I felt the urge to share the news with someone because it made me happy. The raise brought a sense of relief, especially with the rising costs of living, as it will be a significant help. However, it also made me feel like I need to demonstrate my value even more at work.",congruence,0.0,0.19230769230769232,0.0,0.15384615384615385,0.8904410004615784,True,The situation helped us by allowing us to keep afloat with the finances and have a little extra left.,"The raise helped me by providing more financial stability and reducing stress related to money. It also motivated me to continue performing well at work, as I felt my efforts were being acknowledged."
66718bbb61a1ad0225968d18_20260305_141912_69a98f79,"A positive experience that happened very recently was my wedding, last weekend. I got married to my now husband after being together for nine years. I wanted a small family, friend-focused day with all our closest loved ones. Initially, I felt a bit worried and fearful about being on show, but eventually, I felt very content. It was important for me to remain calm, stay happy, and remember to enjoy the moment.",accountability,0.0,0.1923076923076923,0.07999999999999999,0.15384615384615385,0.8500832319259644,True,"I was half responsible for pretty much everything that happened, didn't happen, or went right/wrong.",I felt that I was most responsible for managing my emotions and ensuring I remained calm and happy. My husband and close family also played a significant role in creating a supportive and joyful atmosphere.
669677d986a5a20026bbf20e_20260228_134651_69a2ef80,"My daughter, who has had her struggles with mental health, made me feel very proud this week. She managed the demands of her new job while also looking after her boyfriend, who is ill. I was just observing how proud I was of her development. I felt very proud of her and wanted to convey this to her without being patronizing. It's important that she knows how proud I am of her, especially since she often feels her brother is 'more impressive.'",relevance,0.0,0.23076923076923078,0.07894736842105264,0.15384615384615385,0.888700008392334,True,It mattered to me a great deal as I always seize the opportunity to try to build her confidence.,"The event mattered a great deal to me because it showed my daughter's growth and resilience. She has had struggles with mental health, and seeing her manage the demands of her new job while also caring for her ill boyfriend was a significant milestone. It reinforced my belief in her capabilities and gave me hope for her future."
5dceca2541afe801a32e27ac_20260223_201647_699cb17d,"I have a close personal friend who I've known for over 25 years, and she has a granddaughter with some mental issues. I've known the granddaughter her entire life. Recently, the granddaughter has been living with my friend for a few months while she looks for a job and a place of her own. At first, they were getting along well, but now there's a lot of tension between them, and my friend wants to talk to me about it constantly. No matter what I say or recommend, it doesn't seem to please her. I'm at a point where I really don't want to talk to my friend about this situation anymore, but I don't know how to tell her. I keep suggesting that she seek counseling for her granddaughter and encourage her to move out. I don't want to be disloyal, but my friend insists on leaving things the way they are. It's very important to me that the granddaughter gets help with her mental issues, and I also want my friend to not be constantly stressed out because she has health issues of her own.",congruence,0.0,0.19999999999999998,0.022727272727272728,0.15555555555555556,0.8684686422348022,True,It hurts me to see two people that I care about in this turmoil constantly and nothing is being resolved.,"The situation hurts me because I don't want to be disloyal to my friend, but I also don't want her to be constantly stressed out. It's a conflict between wanting to support my friend and wanting to ensure the granddaughter gets the help she needs. The situation is leaving me feeling helpless and frustrated because I can't seem to find a solution that satisfies both parties."
665c738a0fa99b0a682780f2_20260305_225050_69aa0631,"My 20-year-old cat broke her tooth and has been in a lot of pain while we wait for our veterinarian appointment. I really needed her not to be in pain and to start eating and drinking again. I've had to force feed her for the last two days. It feels like I'm the one with a broken tooth because I love my cat so much, and it hurts me when she's in pain. It's all I can think about. On top of that, my wife hasn't been supportive and suggested putting the cat down instead of fixing its tooth. I've known this cat longer than I've known my wife.",relevance,0.0,0.3652173913043478,0.05309734513274336,0.15652173913043477,0.8735478520393372,True,I'm not sure exactly when the cat broke her tooth. I didn't notice the tooth broken until I noticed she wasn't eating or drinking. My animal's health matters to me as much as my own because I love them.,"The event mattered a great deal to me because my 20-year-old cat has been in a lot of pain, and I really needed her to start eating and drinking again. It's all I can think about because I love my cat so much, and it hurts me when she's in pain. It's been urgent for the last two days as I've had to force feed her."
615567110b3d6e418c6add32_20260308_143932_69ad81da,"Last week, I had a disagreement with a friend about a small issue. At first, it made me feel upset and stressed, but later we talked and understood each other better. I really wanted to solve the problem and understand each other. In the end, the situation improved and we felt okay again. I felt better and more relieved after we talked and understood each other.",congruence,0.0,0.19607843137254904,0.04081632653061225,0.15686274509803924,0.9101400971412659,True,"At first made me feel stressed, but in the end it helped us understand each other better.","The situation hurt me by causing stress and upset feelings. However, it helped me by giving me the opportunity to communicate better with my friend and resolve the issue, leading to a positive outcome."
5abbe13268b65b00018cf94b_20260227_172233_69a1d127,"I passed my final probation at work, which means I'm now an early career teacher and can move up the pay scale. This whole experience has left me feeling proud and relieved. It was really important to me to maintain my high standards throughout the probation period, and the pay rise is also a significant factor for me. Teaching is my passion, and I find immense joy in inspiring and educating my students. Being able to continue doing what I love while advancing in my career is incredibly fulfilling.",congruence,0.0,0.2368421052631579,0.05405405405405406,0.15789473684210525,0.8703944087028503,True,"It helped me in my career, I am now an established teacher. If anything could hurt me from it is the fact I won’t be as cheap to employ anymore.","The situation has helped me by providing recognition of my efforts and opening up opportunities for career advancement. It has also boosted my confidence in my teaching abilities. There were no significant obstructions; rather, it has been a positive reinforcement of my commitment to teaching."
673d2104b265ff9ce425c9c4_20260226_162143_69a0713f,"This was when my sister got engaged to her long-distance friend. I really wanted her to be happy getting married to her friend and not feel like she was marrying a stranger. I felt emotional about the whole thing because I've been encouraging her and advising her to stay hopeful. She had been feeling like she was getting old and worried about not being able to get married, so this engagement was a big change for her.",relevance,0.0,0.19801980198019803,0.06060606060606061,0.15841584158415845,0.8800434470176697,True,It mattered to me because she is older than I am and I felt bad that she wasn't settled yet.,"The event mattered a lot to me because my sister has been feeling like she was getting old and worried about not being able to get married. This engagement was a big change for her, and I really wanted her to be happy getting married to her friend and not feel like she was marrying a stranger. It has been a significant moment for her, and I've been encouraging her and advising her to stay hopeful throughout this process."
5abbe13268b65b00018cf94b_20260227_172233_69a1d127,"I passed my final probation at work, which means I'm now an early career teacher and can move up the pay scale. This whole experience has left me feeling proud and relieved. It was really important to me to maintain my high standards throughout the probation period, and the pay rise is also a significant factor for me. Teaching is my passion, and I find immense joy in inspiring and educating my students. Being able to continue doing what I love while advancing in my career is incredibly fulfilling.",relevance,0.07588053729240274,0.20967741935483872,0.13114754098360656,0.16129032258064516,0.8678646683692932,True,It was today. I was in my classroom. It mattered a great deal to me because it was a moment that was long awaited.,"The event mattered a great deal to me because it represents a significant milestone in my career. Passing my final probation means I am now recognized as an early career teacher, which allows me to move up the pay scale. This was really important to me as I wanted to maintain my high standards throughout the probation period, and the potential pay rise is a significant factor for me. Teaching is my passion, and I find immense joy in inspiring and educating my students. Being able to continue doing what I love while advancing in my career is incredibly fulfilling."
5abbe13268b65b00018cf94b_20260227_172233_69a1d127,"I passed my final probation at work, which means I'm now an early career teacher and can move up the pay scale. This whole experience has left me feeling proud and relieved. It was really important to me to maintain my high standards throughout the probation period, and the pay rise is also a significant factor for me. Teaching is my passion, and I find immense joy in inspiring and educating my students. Being able to continue doing what I love while advancing in my career is incredibly fulfilling.",accountability,0.056621705833762526,0.25806451612903225,0.1,0.16129032258064516,0.9070066213607788,True,I felt like my hard work and commitment was the most responsible for this.,"I feel that I am most responsible for this outcome, as I put in the effort to maintain high standards and perform well during the probation period. However, the support and guidance I received from my mentors and colleagues also played a crucial role in helping me succeed."
6169ea2f9163a46bf5f356e2_20260306_150738_69aaeab5,"I saw some photos of my children when they were younger—babies—and it made me feel sad that I won't get that time again. Back then, my amazing father was ill and later passed away, so I didn't appreciate those moments properly. I wanted to go back in time and feel like I did before everything became sad. Seeing those photos left me feeling sad for the loss of my father and guilty for not valuing the time with him and my children when they were younger. I didn't know what was going to happen, but it still doesn't stop me from feeling guilty and annoyed with myself for not immersing myself more in memory making. It's a lesson that I need to live more in the moment and take time to appreciate all of the good things I have going on, even though I know deep down I will never feel the same way again and will always have a deep sadness for my father.",accountability,0.0,0.32323232323232326,0.061855670103092786,0.16161616161616163,0.8639560341835022,True,The loss of my father and me not being able to handle it. I am still in a state of shock and it was 6 years ago. My children are getting to an age where they don't need me as much and that hurts too.,"I feel that I am most responsible for not fully appreciating the time I had with my father and children. While my father's illness was a factor, I realize that I could have been more present and intentional about making memories. It's a personal lesson I need to take responsibility for."
57fa9d61bd8a970001fde2c6_20260301_180805_69a47e3e,"My friend was talking about the anniversary of the death of her husband, who was also my friend. It was nice to recall good memories rather than dwelling on their actual death. There was a slight feeling of sadness that they were no longer here, but it was also uplifting to reminisce and share our feelings. It was important to me that my friend felt comfortable talking about it with me.",relevance,0.0,0.24324324324324326,0.05555555555555555,0.16216216216216214,0.8880952596664429,True,This happened within the last week when I visited my friend at their home. It mattered a great deal as I feel that it comforted both of us.,"The event mattered a lot to me because it involved a close friend and her late husband, who was also my friend. It was important to me that my friend felt comfortable talking about it with me, and it provided a chance to honor their memory."
643ebfff661435ecda5a3580_20260228_190856_69a33952_c5,"A dear friend of mine had a terrible accident where she fell and broke her neck in two places, along with her tailbone, hip, and pelvis. She also has COPD, and the hospital overdosed her twice, making her oxygen levels very bad and hard to control. I've been following her situation closely and talking to her, but she's not out of the woods yet. I sent her a bear that says 'I f...... love you,' which is a good support for her neck and cheers her up. It's tough because I live in Michigan and she lives in Oklahoma, so I can't see her in person. I have COPD too, so I guess I'm more worried about the pain she's going through and the unstable oxygen levels she's experiencing, along with her lungs filling up. I just don't want her to be in pain.",control,0.0,0.34146341463414637,0.06611570247933884,0.1626016260162602,0.8643321394920349,True,No. She is there and I am here. I couldn't control the situation. I know it isn't her time yet. It is a miracle from God that she is still here. It brings back the bad memories of when I had to help decide if the plug should get pulled on my BFF. That was agonizing.,"I feel very little control in this situation. I live in a different state, so I can't be there to provide physical support or monitor her condition. My ability to help is limited to sending messages, gifts, and offering emotional support from afar. I can't control the medical decisions being made or the outcome of her recovery, which makes it frustrating and helpless."
6631dd70c1393b01137d8453_20260228_163013_69a31305,"I was informed that I had received a promotion at work, which meant I would be working my last week at the store I was currently at. I was trying to improve my standing in the organization with this promotion, and I needed positive reinforcement from my employees and peers. Overall, I felt positive about the promotion, but it was also bittersweet because I had grown close to a lot of the employees at my old location, and I will miss them. It was important to me to receive validation from my former employees that they enjoyed working with me and felt I did a good job.",congruence,0.0,0.30612244897959184,0.020833333333333332,0.16326530612244897,0.8758122324943542,True,It helped me financially as I will be making more money. My new store is closer to home so I will have less of a drive and it helped me achieve a goal. There’s much more pressure on performance and setting up a new store will be intense and require many hours at first.,"The situation helped me by advancing my career and providing an opportunity to take on new responsibilities. However, it also hurt me emotionally because I would be leaving behind people I had grown close to, which created a sense of loss and nostalgia."
5f4a7a00dc1bde60ab8f7ac5_20260227_182021_69a1df78,"I'm feeling really frustrated because I don't have enough money to pay down my credit card debt. It's like I'm being drowned in bills and I just can't manage my debt adequately with my current income. This whole situation leaves me feeling like I'm sinking. On top of that, it's important for me to handle this without stressing out my elderly mom, who's prone to anxiety.",congruence,0.0,0.20408163265306123,0.0425531914893617,0.163265306122449,0.8870970010757446,True,"It's only been harmful, as it constantly adds stress to my life without any upsides.","The situation is hurting me by making me feel overwhelmed and stressed. It's also worrying me because I don't want to stress out my mom, who is already prone to anxiety."
5b9ca13a06114100010699b8_20260221_211806_699a1e71,"I went to the doctor with my daughter because she's struggling to eat a variety of food. I was hoping the doctor would give us some advice or refer us to a specialist for eating disorders, so we could get some expert help. Instead, the doctor told her she needed to try harder and said if she didn't, she wouldn't have a partner, have kids, or a job. Even after I expressed my concern that she might have an eating disorder, he dismissed it. I was very angry and felt hopeless. I also worried about my daughter and how it might have affected her listening to what the doctor said. I hoped that after going to the doctor, my daughter would feel as though she had been listened to and that there was hope for her to improve, but she was left feeling deflated.",congruence,0.0,0.32786885245901637,0.06666666666666667,0.16393442622950818,0.8825452327728271,True,It hurt me because she wasn't listened to and it made her feel worse. She already struggles with her mental health and I don't want her to think that she hasn't got a future if she doesn't eat as she doesn't need the extra pressure. It's made me worried how this is going to affect her in the long term.,"The situation hurt me by leaving me feeling angry and hopeless. It also worried me about how my daughter might have felt after the appointment, as she was left feeling deflated rather than supported. It did not help us in any way; instead, it made me more concerned about her future and her ability to improve."
58f63e3a5129080001111304_20260306_175958_69ab11b4,"I was standing with a can of Pepsi, ready to drink it, when it suddenly dropped. I managed to catch it, but it fizzed up and went everywhere, including all over my laptop. I needed to drink the Pepsi, but instead, I was left feeling very upset and angry. I was so annoyed and upset that I nearly burst into tears at the thought that I might have broken the laptop. To make things worse, I had to spend a long time cleaning up afterward, which just added to my frustration.",congruence,0.0,0.19999999999999998,0.034482758620689655,0.16666666666666666,0.8685622215270996,True,It hurt me because it went everywhere and was a big surprise that it could happen.,"The situation hurt me by ruining my moment of relaxation and creating a risk of damaging my laptop. It also required me to spend a long time cleaning up, which was frustrating and took time away from other tasks I needed to focus on."
66a35864d80b66f563731c3e_20260308_135112_69ad7c41,"My friend's son was rushed to the hospital with a brain bleed, and it was a really intense situation. I had her puppy with me so she could go back and forth to the hospital without worrying about her pet. I wanted to be as supportive as I could, and having the puppy was one way I could help her concentrate on her son. At first, I was really worried and upset because I thought it might be fatal. I was also trying to think ahead about how I could support my friend if the worst was to happen.",control,0.0,0.23333333333333334,0.06896551724137931,0.16666666666666666,0.8693154454231262,True,"No, because there was nothing I could do. It was up to the doctors.","I did not feel in control of the situation because it was a medical emergency beyond my influence. However, I did feel some control in the sense that I could offer support by taking care of her puppy, which allowed her to concentrate on her son."
6818aa3b091f461c436e4f12_20260301_153141_69a45a95,"My football team scored a goal, and I was thrilled because I really wanted my team to win the game. The feeling was incredible—I was elated and excited. What made it even more special was sharing the experience with my family.",control,0.0,0.25,0.043478260869565216,0.16666666666666666,0.8922027945518494,True,"No, the situation is beyond my control and down to the team and manager.","I did not feel in control of the outcome, as it was up to the players and the game itself. However, I felt emotionally engaged and able to enjoy the moment regardless of control."
63f77bdf07da8d9275eee1e4_20260301_213834_69a4b0cd,"My wife and I have this little tradition where we buy scratch-off tickets from the gas station each week just for fun. This time, we both won; she got $15 and I got $10, which was awesome. Even though it wasn't a huge amount, it felt great to finally win. The whole experience made us feel good and was really positive. We were just trying to have fun and enjoy some time together, and winning money was a nice bonus. It made me feel like a winner, and spending that time with my wife was really cool.",certainty,0.0,0.2222222222222222,0.058823529411764705,0.16666666666666669,0.8953783512115479,True,"No, we weren't expecting to win, but we did.","Things went better than expected. We both won, which was a pleasant surprise. It was a small win, but it felt great to finally win something."
5d959fdf9cf6ab001982afee_20260228_192404_69a33d3d,"I went on a short family holiday to a really nice place in the country. It was a small village that was pretty, with a castle and nice pubs and restaurants. The trip went well, and it was good family time. We love to travel, so we were looking to achieve a few things: travel somewhere new, see some new places, and cover a new area of the country. We wanted to make some family memories and help our children learn and grow. I was aiming for a nice, good value holiday that was busy but overall relaxing. I felt fine overall after the trip and am keen to do more, go somewhere else, and spend similar time as a family again. It was a positive experience and it contributes to my family's overall life goals. Value is important to me, as I like to remain frugal. Food and drink are also important to us, but mainly, it's crucial that our children are fulfilled, meaning they get time to play, relax, and see something interesting.",accountability,0.0,0.22535211267605634,0.0,0.16901408450704225,0.8824336528778076,True,"Me and my wife. We work hard to get these things and it's hard work with 3 children. It takes planning, organisation and persistence to make these things work. My wife took the brunt of organising this one.","The responsibility for organizing and making this trip successful was shared among all family members. We all contributed to planning and enjoying the holiday, which made it a positive experience for everyone."
673d2104b265ff9ce425c9c4_20260226_162143_69a0713f,"This was when my sister got engaged to her long-distance friend. I really wanted her to be happy getting married to her friend and not feel like she was marrying a stranger. I felt emotional about the whole thing because I've been encouraging her and advising her to stay hopeful. She had been feeling like she was getting old and worried about not being able to get married, so this engagement was a big change for her.",control,0.0,0.22535211267605632,0.057971014492753624,0.16901408450704225,0.8830369114875793,True,No I wasn't in control because I wasn't in the mind of her spouse.,"I did not feel in control of the situation because I could not force my sister to get engaged or choose her partner. My role was to support her decisions and provide encouragement. I had to adapt to the situation and cope with the emotions it brought up, rather than trying to control the outcome."
5e6ce118673e50000c303890_20260227_200304_69a1f5eb,"I went away for a few days with my family, and it was an emotionally positive experience. I wanted to escape from work and other commitments that have been emotionally draining. For those few days, I felt like there was nothing to worry about, just enjoy the moment. The clean, clear air and the area we were at was quiet and isolated. We were the only people for miles.",certainty,0.0,0.1702127659574468,0.04444444444444444,0.1702127659574468,0.8784286975860596,True,"Things went well with us not putting any pressure on ourselves to be everywhere, just go with the flow.","Things went better than I expected. The area was quiet and isolated, and we were the only people for miles, which added to the peacefulness of the experience."
577a0a7aadbc7500015d2479_20260306_185456_69ab207b,"I finished my most recent university assignment, proofread it, and handed it in early. I'm doing a BSc in Public Health and Wellbeing with the Open University, and I was trying to achieve handing in a completed assignment. To do this, I needed peace and quiet. Once I had handed in my assignment early, I felt very good and treated myself to a new TV since my current one has been broken for a bit. I felt good that I managed to hand it in, rather than go over it every day for days. One thing that has stuck with me is something a lecturer said: you get 80% of the mark in 20% of the time, and 20% of the mark in the other 80%, so I try to remember that. I felt I relied on myself well. On a previous degree, we were encouraged to get friends to proofread it for you, but my current university discourages this.",certainty,0.0,0.23404255319148937,0.043478260869565216,0.17021276595744683,0.8688003420829773,True,"It mostly went as expected. I had some difficulty restraining myself and staying on track when it came to reducing my word count, as I always find that difficult.","Things went better than I expected. I managed to finish the assignment, proofread it, and hand it in early, which was a relief. The lecturer's advice about getting 80% of the mark in 20% of the time also resonated with me, helping me to focus my efforts more effectively. Overall, the situation unfolded in a way that was more positive than I had anticipated."
66718bbb61a1ad0225968d18_20260305_141912_69a98f79,"A positive experience that happened very recently was my wedding, last weekend. I got married to my now husband after being together for nine years. I wanted a small family, friend-focused day with all our closest loved ones. Initially, I felt a bit worried and fearful about being on show, but eventually, I felt very content. It was important for me to remain calm, stay happy, and remember to enjoy the moment.",control,0.0,0.2571428571428572,0.058823529411764705,0.17142857142857143,0.8847413659095764,True,I felt like I made decisions but in the moment allowed control to go to my husband.,"I felt a mix of control and lack of control. While I could manage my own emotions and prepare for the day, there were aspects like the reactions of others and the overall flow of events that I couldn't fully control. However, I learned to adapt and focus on enjoying the moment."
67a5c743b431ff0a1160ed28_20260227_152718_69a1b6be,"My mum is buying things for my sister, and not for me, because I earn more money. I just want to be treated fairly. I don't see why she should get money because she has two kids, and then still get to buy luxuries, whilst I have to save for my things. It leaves me feeling like I am expected to be more independent, and I don't matter because I don't have children. I just don't think I'm being treated fairly.",relevance,0.0,0.27586206896551724,0.03571428571428572,0.17241379310344826,0.876204252243042,True,"It happened a couple of days ago, and it doesn't matter to me too much. I still have a better life, but it annoys me still.",The event matters a lot to me because it makes me feel undervalued and unfairly treated compared to my sister. It affects my sense of fairness and belonging within the family.
655fb104e3d55d460e274ddf_20260228_215919_69a362e2,"One of my roommates ate my food, and this time it was my entire box of Quaker oatmeal. I wanted to take that particular food to work because it's easy to just heat up and go. I was upset and ended up being hangry since I didn't have money to buy food. I have a lot of roommates, and I was frustrated because they could have just asked for some instead of stealing.",relevance,0.0,0.24137931034482757,0.03571428571428572,0.1724137931034483,0.8665631413459778,True,It happened on a Tuesday and it matters because I need to eat.,"The event mattered a lot to me because it was my entire box of Quaker oatmeal, which I intended to take to work for convenience. It was frustrating because I didn't have money to buy more food, and I felt my property was disrespected."
643ebfff661435ecda5a3580_20260228_190856_69a33952_c5,"A dear friend of mine had a terrible accident where she fell and broke her neck in two places, along with her tailbone, hip, and pelvis. She also has COPD, and the hospital overdosed her twice, making her oxygen levels very bad and hard to control. I've been following her situation closely and talking to her, but she's not out of the woods yet. I sent her a bear that says 'I f...... love you,' which is a good support for her neck and cheers her up. It's tough because I live in Michigan and she lives in Oklahoma, so I can't see her in person. I have COPD too, so I guess I'm more worried about the pain she's going through and the unstable oxygen levels she's experiencing, along with her lungs filling up. I just don't want her to be in pain.",congruence,0.0,0.302158273381295,0.10218978102189781,0.1726618705035971,0.8604263663291931,True,"It hurt me because I couldn't be there and I couldn't care for her. I think I was put on this earth to care for people and animals. I cared and helped take care of my BFF for years, my father, my mother, and a few others. I enjoy taking care of them.","The situation has hurt me by causing significant worry and emotional distress. I'm concerned about her pain and the potential long-term effects of her injuries, especially given her pre-existing COPD. It's difficult to help from a distance, and I feel helpless because I can't be there to support her in person. The situation has also made me more aware of my own health issues, as I have COPD too, which adds another layer of concern for her well-being."
69932ccc26c39ba9a7a39642_20260220_185530_6998ab77,"My cousin was diagnosed with cancer, and this really made me sad. I'm not happy with the situation, and I feel like I need help figuring out what to do, if there's anything I can do to help him. It's important to me to make sure my cousin lives.",certainty,0.0,0.2028985507246377,0.029850746268656716,0.1739130434782609,0.8911581635475159,True,Things didn't go as expected because his mom can't afford the money for treatment.,"Things did not go as I expected. I had hoped that my cousin would remain healthy, but the diagnosis of cancer was unexpected and has changed the situation in a way I did not anticipate. I am not sure what is likely to happen next, as cancer treatment and outcomes can be unpredictable."
5f57be602095072bb238a7ab_20260227_120824_69a1845a_c3,"It was my late mum's first birthday since she passed away last October, and it was especially hard for my dad. I supported him by going to her mum and dad's grave to tidy up, and I spent time with him since it was also Valentine's Day. It was emotionally sad but also positive. I wanted to let my dad know that I'm still here for him because I used to be a carer for her alongside him, being at the house every day with carers coming in and out. I think dad feels lonely in the house now, and I needed to make sure he was okay and knew that I'm here if he needed me or just wanted to talk about mum, which he did. I felt nostalgic and sad, a mixture really. When I left, I felt drained but happy to know that we are a close family and support each other through life. I'm not one for standing at a grave to grieve, but dad wanted to. We looked through photos, talked about mum, and I let him know I haven't forgotten. It's good to talk about sad things and good memories.",certainty,0.041373744609834825,0.3372093023255814,0.08235294117647059,0.1744186046511628,0.8459450602531433,True,"I didn't expect; I went along and as things unfolded, I went with it. I have learned there isn't much point in expecting from a situation that I don't know how will turn out. It's wasted thinking time, and I am happy to not plan and impulse choices on the day are fine. I am not a planner.","Things went as I expected in terms of the emotional impact. It was emotionally sad but also positive. I wanted to let my dad know that I'm still here for him, and he did talk about mum, which was what I hoped for. It's good to talk about sad things and good memories, and that's exactly what we did. We looked through photos, talked about mum, and I let him know I haven't forgotten. It was a mix of expectations, as I didn't expect to feel so drained but also happy to know that we are a close family and support each other through life."
600a878fa6fbbf1ba60bea36_20260307_160805_69ac4a7f,"My father had collapsed and was taken to the hospital to be checked out. I was really anxious because I didn't know what had happened or how serious his condition was. I was comforted by my boyfriend, who was very understanding of the situation and how I was feeling. I wanted to get some news from the hospital on my father's condition, but initially, I couldn't get through to other family members to find out more. It was important to me to ensure the other members of the family were OK too, especially my Mum.",relevance,0.0,0.35,0.02564102564102564,0.175,0.882958710193634,True,"It happened a couple of weeks ago, around 8pm in the evening. It mattered that I found out what happened and how my father was.","The event mattered a great deal to me because my father's health and safety are very important. It was an urgent concern as I didn't know what had happened or how serious his condition was. It also mattered to me to ensure the other members of the family, especially my Mum, were OK."
63cedafa29d08471b828a96a_20260220_193701_6998b4d4,"A group of men came to stay in our village from London, and they were trying to break into cars and houses, which was really intimidating for the residents. This was very scary because things like this don't usually happen around here. I needed to go to the shop, but I knew they were hanging around there, so I decided to go without and stayed at home instead. I also stayed up late, feeling scared in case they tried to break into my home. Living on my own, I felt scared and lonely. This whole situation made me realize I need to make plans, just in case scary things like this ever happen again.",control,0.0,0.225,0.025641025641025637,0.175,0.8810847997665405,True,"I was not in control, but others called the police. I was too scared and anxious.","I did not feel in control during this situation. I couldn't stop the men from coming to the village or prevent them from trying to break into things. My only control was to stay home, avoid going out, and try to protect myself by staying alert and locked up. It was a reactive situation rather than one where I could take proactive measures."
63cedafa29d08471b828a96a_20260220_193701_6998b4d4,"A group of men came to stay in our village from London, and they were trying to break into cars and houses, which was really intimidating for the residents. This was very scary because things like this don't usually happen around here. I needed to go to the shop, but I knew they were hanging around there, so I decided to go without and stayed at home instead. I also stayed up late, feeling scared in case they tried to break into my home. Living on my own, I felt scared and lonely. This whole situation made me realize I need to make plans, just in case scary things like this ever happen again.",relevance,0.0,0.35000000000000003,0.1282051282051282,0.17500000000000002,0.8980259895324707,True,It happened 5 days ago. It mattered to me because I should not be made to feel scared in my own home. I moved away from a town to the countryside to avoid experiences like this.,"The event mattered a lot to me because it happened in my village, which is usually a safe place. It made me feel vulnerable and unsafe, especially since I live alone. It mattered because it disrupted my sense of security and peace of mind."
60e85190b9cffd8fed0a064f_20260306_144837_69aae582,"My dad has prostate cancer and recently had his yearly blood test. The results came back, and unfortunately, his condition had worsened. He was supposed to receive a phone call from his doctor on a specific day to discuss the results, but the call never came. I was really worried about what would happen next and was hoping for some clarity and communication from the doctor regarding my dad's condition. The situation left me feeling annoyed and still worrying, which could have been avoided if the doctor had called as planned. Since it's cancer, time is always crucial. The quicker they act, the better the chances of it being able to be helped.",relevance,0.0,0.2456140350877193,0.03571428571428571,0.1754385964912281,0.862490177154541,True,"This happened this past Tuesday, it mattered very much to me and my Dad as he had spent the whole afternoon waiting in for the phone call and we were expecting to find out if he would have to have more treatment and if so what.","The event mattered a lot to me because my dad has prostate cancer, and the results of his yearly blood test showed that his condition had worsened. It's important to me because time is crucial when it comes to cancer, and the quicker action is taken, the better the chances of it being helped. The lack of communication from the doctor added to my worry and frustration."
643ebfff661435ecda5a3580_20260228_190856_69a33952_c5,"A dear friend of mine had a terrible accident where she fell and broke her neck in two places, along with her tailbone, hip, and pelvis. She also has COPD, and the hospital overdosed her twice, making her oxygen levels very bad and hard to control. I've been following her situation closely and talking to her, but she's not out of the woods yet. I sent her a bear that says 'I f...... love you,' which is a good support for her neck and cheers her up. It's tough because I live in Michigan and she lives in Oklahoma, so I can't see her in person. I have COPD too, so I guess I'm more worried about the pain she's going through and the unstable oxygen levels she's experiencing, along with her lungs filling up. I just don't want her to be in pain.",relevance,0.0,0.2439024390243902,0.03940886699507389,0.175609756097561,0.8448375463485718,True,"The event happened on February 18 at around 5:00. It mattered to me greatly because I was totally shocked and dismayed. It hurt me because I couldn't be there and I couldn't care for her. I think I was put on this earth to care for people and animals. I cared and helped take care of my BFF for years, my father, my mother, and a few others. I enjoy taking care of them.","The event mattered a great deal to me because this friend is very dear to me. Her accident involved multiple severe injuries, including a broken neck in two places, along with her tailbone, hip, and pelvis. Additionally, she has COPD, which complicates her situation further. The hospital's handling of her oxygen levels, where they overdosed her twice, made things even more precarious. It's tough because I live in Michigan and she lives in Oklahoma, so I can't see her in person to offer support directly. I have COPD too, so I'm more worried about the pain she's going through and the unstable oxygen levels she's experiencing, along with her lungs filling up. I just don't want her to be in pain."
63f77bdf07da8d9275eee1e4_20260301_213834_69a4b0cd,"My wife and I have this little tradition where we buy scratch-off tickets from the gas station each week just for fun. This time, we both won; she got $15 and I got $10, which was awesome. Even though it wasn't a huge amount, it felt great to finally win. The whole experience made us feel good and was really positive. We were just trying to have fun and enjoy some time together, and winning money was a nice bonus. It made me feel like a winner, and spending that time with my wife was really cool.",accountability,0.0,0.1764705882352941,0.0625,0.1764705882352941,0.8559266328811646,True,"I would say we were, because we were the ones that bought the tickets.","No one was specifically responsible; it was just luck. The gas station provided the tickets, but the winning was random."
5a764e848fe2dc000105739c_20260301_143615_69a44b6b,"I met up with some old friends from my past at a beerex and spent the evening chatting about the past and what we are doing today. We all got something positive from the evening and decided we would like to repeat it the following year. I felt rather good because not only did we all enjoy ourselves, I felt particularly good knowing I contributed in the past to their being friends today. I also had my brother there and my best friend who also knew these people, and they also enjoyed the evening.",certainty,0.0,0.2647058823529412,0.0,0.17647058823529413,0.8647390604019165,True,Originally we had to sit at a table near the live music but this was not conducive to conversation so we eventually moved to the quiet room and after that we converse with no loud music in the background.,"Things went better than I expected. Not only did we all enjoy ourselves, but we also decided to repeat the gathering the following year, which was a positive surprise."
5abbe13268b65b00018cf94b_20260227_172233_69a1d127,"I passed my final probation at work, which means I'm now an early career teacher and can move up the pay scale. This whole experience has left me feeling proud and relieved. It was really important to me to maintain my high standards throughout the probation period, and the pay rise is also a significant factor for me. Teaching is my passion, and I find immense joy in inspiring and educating my students. Being able to continue doing what I love while advancing in my career is incredibly fulfilling.",certainty,0.0,0.20588235294117646,0.0909090909090909,0.17647058823529413,0.8784510493278503,True,"Yes, things went as expected. I expected to pass my ECT course.","Things went better than I expected. I had high standards for myself during the probation period, and it was reassuring to know that I met those expectations. The confirmation that I am now an early career teacher and can move up the pay scale was a pleasant surprise, as it validates my hard work and dedication."
5b51c33d026602000178b5ec_20260228_144002_69a2fa65,"My daughter was accepted back into high school this week after being homeschooled for approximately six months. We tried to get her into the school of her choice because she was missing the social aspect of friends and sports, and we finally received our offer this week. I was elated and nervous for her, with my emotions being up and down. It was definitely what she wants.",control,0.0,0.17777777777777776,0.04651162790697674,0.17777777777777776,0.8829779624938965,True,No because ultimately the decision lies with the council.,"I felt a mix of control and uncertainty. While I could apply and advocate for her admission, the final decision rested with the school. This created a sense of nervousness alongside the excitement of the process."
64a80dd34fd0539ee3761e6a_20260226_161245_69a06ec1,"I visited my daughter's house and saw the grandkids. We hugged, and I noticed how quickly they are growing up. I wanted to spend time with my family and feel connected, and I also wanted to see the kids and catch up. I felt happy and a little sad at the same time, which I don't know why. I also felt content and a bit aware of how fast time is passing. I don't take these moments for granted. I want to be present when I'm with them.",control,0.0,0.17777777777777776,0.04651162790697675,0.17777777777777776,0.8589037656784058,True,"I did not feel any way really, in control or not.","I felt partially in control because I could choose to be present and engage with my family. However, I couldn't control the passage of time or how quickly the kids are growing up."
665c738a0fa99b0a682780f2_20260305_225050_69aa0631,"My 20-year-old cat broke her tooth and has been in a lot of pain while we wait for our veterinarian appointment. I really needed her not to be in pain and to start eating and drinking again. I've had to force feed her for the last two days. It feels like I'm the one with a broken tooth because I love my cat so much, and it hurts me when she's in pain. It's all I can think about. On top of that, my wife hasn't been supportive and suggested putting the cat down instead of fixing its tooth. I've known this cat longer than I've known my wife.",control,0.0,0.3111111111111111,0.06818181818181818,0.17777777777777776,0.8960959315299988,True,"No, I have very little control as I cannot fix her tooth by myself and have to wait for a vet appointment while she is in pain.","I feel only partially in control. I can force feed my cat and manage her care to some extent, but I cannot control the pain she is in or the outcome of the veterinary appointment. Additionally, I feel a lack of control over my wife's perspective, as she has not been supportive of my efforts to keep my cat alive and comfortable."
66597efb84cb793eeaa06ef8_20260226_200652_69a0a2d3,"Yesterday, my father was diagnosed with lymphatic cancer, and it was quite emotional for me. He had been suffering for six months, and it felt like things had come to an end with the diagnosis. I wanted to feel relief because we did not know what was wrong with him. I had a cocktail of emotions. Firstly, I was angry that the diagnosis took so long, then stressed that he now faces a long period of treatment, and tired because this has been mentally exhausting. It was important to me to talk to the consultant to determine his treatment programme.",certainty,0.0,0.32142857142857145,0.037037037037037035,0.17857142857142858,0.8778329491615295,True,Yes they did to an extent as we had a diagnosis and a treatment plan. This was what I expected.,"Things did not go as I expected because the diagnosis took so long, which added to my stress and frustration. I had hoped for a quicker resolution, but the delay made the situation more emotionally taxing."
5dceca2541afe801a32e27ac_20260223_201647_699cb17d,"I have a close personal friend who I've known for over 25 years, and she has a granddaughter with some mental issues. I've known the granddaughter her entire life. Recently, the granddaughter has been living with my friend for a few months while she looks for a job and a place of her own. At first, they were getting along well, but now there's a lot of tension between them, and my friend wants to talk to me about it constantly. No matter what I say or recommend, it doesn't seem to please her. I'm at a point where I really don't want to talk to my friend about this situation anymore, but I don't know how to tell her. I keep suggesting that she seek counseling for her granddaughter and encourage her to move out. I don't want to be disloyal, but my friend insists on leaving things the way they are. It's very important to me that the granddaughter gets help with her mental issues, and I also want my friend to not be constantly stressed out because she has health issues of her own.",control,0.0,0.26865671641791045,0.030769230769230767,0.17910447761194026,0.8813636898994446,True,I never feel like I am in control of this situation and neither is anyone else.,"I don't feel in control because I can't force my friend to take action or make different decisions. I can only offer suggestions and support, but the final decisions rest with her. This lack of control is frustrating because I want to help, but I can't directly intervene."
5ff07b5ee7a1d23e719e421e_20260227_145116_69a1ad7e,"I went and sat with my baby brother, who is 64, while he had his chemo treatment. I'm very sad that he has to go through this, and it doesn't look like his chances are very good, but he's a fighter. I sat with him for 2 hours, and he and all the other chemo patients in the room were talking and having a good time joking about their situation. It was uplifting, but also sad. I was trying to give him moral support. It left me feeling sad for all the people that have to go through this type of thing. It also made me feel glad that I could be there for him, especially since his wife died a few years ago and I didn't want him to be alone. Just being there to support him was important to me.",congruence,0.0,0.28205128205128205,0.07894736842105263,0.17948717948717946,0.8820039629936218,True,It hurt me to see him going through this. It also made me feel happy that all the people there having treatment had a positive attitude.,"The situation hurt me by reminding me of the fragility of life and the suffering others endure. However, it also helped me by allowing me to be there for my brother, providing him with moral support during a tough time. It reinforced the importance of family and being present for loved ones."
5b9ca13a06114100010699b8_20260221_211806_699a1e71,"I went to the doctor with my daughter because she's struggling to eat a variety of food. I was hoping the doctor would give us some advice or refer us to a specialist for eating disorders, so we could get some expert help. Instead, the doctor told her she needed to try harder and said if she didn't, she wouldn't have a partner, have kids, or a job. Even after I expressed my concern that she might have an eating disorder, he dismissed it. I was very angry and felt hopeless. I also worried about my daughter and how it might have affected her listening to what the doctor said. I hoped that after going to the doctor, my daughter would feel as though she had been listened to and that there was hope for her to improve, but she was left feeling deflated.",accountability,0.05723145050328702,0.24719101123595505,0.09195402298850575,0.1797752808988764,0.8814470767974854,True,The doctor was most responsible as he was the professional that we had put our faith and trust in and he sat there and lectured her for 20 minutes and made her feel worthless and that she didn't have a future. He could have been more supportive and listened to us more and directed us more efficiently.,"I felt that the doctor was most responsible for all of this, as their dismissive attitude and lack of understanding about the seriousness of the situation contributed to the negative outcome."
6998a1adb8b4527a8d7ff3a2_20260307_194636_69ac7d0a,"It was my last working day at the company because I was switching jobs. I was taken by surprise when my team organized a farewell call in one of our conference rooms. Each member shared their memories of me, which was emotionally overwhelming. It was positive because I felt validated, but also negative because I didn't expect to feel such sadness—I even got teary at certain points. I was trying to maintain a balanced sentiment and not show too much emotion since no one before in the team had cried at farewells. I felt positive about the effort my team made, especially since I was one of the shorter-serving members. But I also felt confused, wondering if switching jobs for financial reasons was enough to justify leaving a team I really enjoyed working with. I realized that even though I thought I had surface-level connections with most of my team, I subconsciously developed a liking for them. This was my first job where I worked in an office instead of from home, and I discovered that I truly value human connections.",congruence,0.0,0.3114754098360656,0.06666666666666667,0.180327868852459,0.8736064434051514,True,"It helped me build a bit more self-esteem about myself, gave me a self-confidence boost, raised my spirits, and made me feel valued and important. It did hurt me in the sense that I did get slightly confused and double-minded, and sad, but it was only short-lived.","The situation helped me by validating my contributions and showing that I was appreciated. However, it also hurt me because I felt sadness and confusion about leaving a team I really enjoyed working with. It made me realize that even though I thought I had surface-level connections with most of my team, I subconsciously developed a liking for them. This was a mix of positive validation and negative emotional impact."
699e34aff8af247c3aa29bf4_20260306_203348_69ab3862,"I won 500 dollars in the PayPal Crypto sweepstakes last week, and I was thrilled. I've never really won anything before, so this was an emotional experience for me, and I have to say it was pretty cool. I was trying to win by pure luck, and it happened, which made me happy. It left me feeling absolutely wonderful. I feel great knowing that I've won something in my life through a sweepstakes. The money is always nice—everyone can use 500 dollars for something, although I'll be investing mine.",accountability,0.0,0.2727272727272727,0.09523809523809525,0.1818181818181818,0.8690327405929565,True,Luck was purely involved and the fact that I bought crypto on PayPal at just the right time after I filled out that sweepstakes entry.,I feel that luck was most responsible for all of this. It was a random chance that I won.
55d51a6b8ce09000127d4821_20260228_162502_69a314f1,"Someone I had been close with and talking to often just stopped responding to me. I really wanted them to reply or at least have someone around to keep me company and help me feel like I'm not inferior. I started to accept the situation, even though it still doesn't feel good. I realized that if someone doesn't want to talk to me anymore, there's no point in pursuing it. This person had been someone I talked to for a long time and had helped me through some stressful situations, so it was important to me.",certainty,0.0,0.21818181818181817,0.07547169811320754,0.18181818181818182,0.8803809881210327,True,It was unexpected because it came out of nowhere and there was nothing to suggest it was going to happen.,"Things did not go as I expected. I anticipated continued communication and support, but instead, the person just stopped responding to me. It was unexpected and left me feeling uncertain about what would happen next."
601fd27860b197531ca7bdcc_20260220_222742_6998dd89,My sister-in-law was talking to me about an eating disorder that she previously had issues with. I was helping her to fill in a disclosure form for a job. I was surprised by what I'd learnt and hoped I'd dealt with it sensitively. Nothing was more important to me in that moment than to show care and consideration.,control,0.08007518431480677,0.24242424242424243,0.125,0.18181818181818182,0.8710396885871887,True,I wasn't in control; my sister-in-law was. I was completing a form on her behalf.,"I felt a moderate level of control. I could guide the conversation and ensure it remained supportive, but I also had to respect her boundaries and the sensitivity of the topic. I wasn't in control of her feelings or experiences, but I could control how I responded."
669677d986a5a20026bbf20e_20260228_134651_69a2ef80,"My daughter, who has had her struggles with mental health, made me feel very proud this week. She managed the demands of her new job while also looking after her boyfriend, who is ill. I was just observing how proud I was of her development. I felt very proud of her and wanted to convey this to her without being patronizing. It's important that she knows how proud I am of her, especially since she often feels her brother is 'more impressive.'",certainty,0.0,0.21818181818181814,0.03773584905660377,0.18181818181818182,0.8627331256866455,True,I expected her to need to come home but she didn't. This was great!,"Things went better than I expected. My daughter not only started a new job but also took on the responsibility of looking after her boyfriend during his illness. This level of maturity and responsibility was unexpected, given her past struggles."
60e85190b9cffd8fed0a064f_20260306_144837_69aae582,"My dad has prostate cancer and recently had his yearly blood test. The results came back, and unfortunately, his condition had worsened. He was supposed to receive a phone call from his doctor on a specific day to discuss the results, but the call never came. I was really worried about what would happen next and was hoping for some clarity and communication from the doctor regarding my dad's condition. The situation left me feeling annoyed and still worrying, which could have been avoided if the doctor had called as planned. Since it's cancer, time is always crucial. The quicker they act, the better the chances of it being able to be helped.",control,0.0,0.36781609195402304,0.047058823529411764,0.18390804597701152,0.8724244236946106,True,No I didn't feel like we were in control at all as we then had to leave a message on an answer machine at the hospital and wait for someone to return the call.,"I did not feel in control during this situation. I had no say in when the call would come or what the results would be. All I could do was wait and worry, which is a very powerless position to be in, especially when it comes to something as serious as cancer."
66597efb84cb793eeaa06ef8_20260226_200652_69a0a2d3,"Yesterday, my father was diagnosed with lymphatic cancer, and it was quite emotional for me. He had been suffering for six months, and it felt like things had come to an end with the diagnosis. I wanted to feel relief because we did not know what was wrong with him. I had a cocktail of emotions. Firstly, I was angry that the diagnosis took so long, then stressed that he now faces a long period of treatment, and tired because this has been mentally exhausting. It was important to me to talk to the consultant to determine his treatment programme.",relevance,0.0,0.23684210526315788,0.027027027027027025,0.18421052631578946,0.87864750623703,True,It happened yesterday. He started to vomit blood in the GP surgery then an ambulance was called. It mattered to me as he was so unwell and he needed help.,"The event mattered a great deal to me because my father has been suffering for six months, and the diagnosis felt like a significant turning point. It was important to me to get clarity on what was wrong with him and to determine his treatment programme."
6631dd70c1393b01137d8453_20260228_163013_69a31305,"I was informed that I had received a promotion at work, which meant I would be working my last week at the store I was currently at. I was trying to improve my standing in the organization with this promotion, and I needed positive reinforcement from my employees and peers. Overall, I felt positive about the promotion, but it was also bittersweet because I had grown close to a lot of the employees at my old location, and I will miss them. It was important to me to receive validation from my former employees that they enjoyed working with me and felt I did a good job.",certainty,0.0,0.27692307692307694,0.03174603174603175,0.1846153846153846,0.8753755688667297,True,"For the most part, they went as expected. I felt I had a chance to get promoted last year but it didn’t happen.","Things went better than I expected in terms of receiving the promotion, but the bittersweet nature of leaving my old location was unexpected. I had hoped to maintain closer ties with the employees there, but the promotion meant a necessary transition."
6169ea2f9163a46bf5f356e2_20260306_150738_69aaeab5,"I saw some photos of my children when they were younger—babies—and it made me feel sad that I won't get that time again. Back then, my amazing father was ill and later passed away, so I didn't appreciate those moments properly. I wanted to go back in time and feel like I did before everything became sad. Seeing those photos left me feeling sad for the loss of my father and guilty for not valuing the time with him and my children when they were younger. I didn't know what was going to happen, but it still doesn't stop me from feeling guilty and annoyed with myself for not immersing myself more in memory making. It's a lesson that I need to live more in the moment and take time to appreciate all of the good things I have going on, even though I know deep down I will never feel the same way again and will always have a deep sadness for my father.",congruence,0.0,0.319327731092437,0.05128205128205128,0.18487394957983191,0.867874801158905,True,It hurt me because the sense of loss is overwhelming but helped me see that the future is made up of 'nows' and so is the past or at least it was when the past was the present.,"The situation hurt me by bringing up feelings of guilt and sadness for not appreciating the time I had with my father and children. It made me realize that I need to focus more on living in the present and creating memories, but it also reminded me of the pain of loss and the things I can't change. It didn't help me directly, but it did serve as a wake-up call to value the moments I have now."
63cedafa29d08471b828a96a_20260220_193701_6998b4d4,"A group of men came to stay in our village from London, and they were trying to break into cars and houses, which was really intimidating for the residents. This was very scary because things like this don't usually happen around here. I needed to go to the shop, but I knew they were hanging around there, so I decided to go without and stayed at home instead. I also stayed up late, feeling scared in case they tried to break into my home. Living on my own, I felt scared and lonely. This whole situation made me realize I need to make plans, just in case scary things like this ever happen again.",congruence,0.09432674231554566,0.3711340206185567,0.12631578947368421,0.18556701030927836,0.8902339935302734,True,"It made me come up with an emergency escape plan, just in case another situation like this occurs and I need to leave my house. It also made me realize you are not safe anywhere, so it made me scared and unsettled.","The situation hurt me by making me feel scared and lonely, especially since I live alone. It forced me to stay indoors and avoid normal activities like going to the shop. It also made me realize the need to make safety plans, which is an extra burden I didn't have to deal with before."
5ff07b5ee7a1d23e719e421e_20260227_145116_69a1ad7e,"I went and sat with my baby brother, who is 64, while he had his chemo treatment. I'm very sad that he has to go through this, and it doesn't look like his chances are very good, but he's a fighter. I sat with him for 2 hours, and he and all the other chemo patients in the room were talking and having a good time joking about their situation. It was uplifting, but also sad. I was trying to give him moral support. It left me feeling sad for all the people that have to go through this type of thing. It also made me feel glad that I could be there for him, especially since his wife died a few years ago and I didn't want him to be alone. Just being there to support him was important to me.",accountability,0.0,0.2325581395348837,0.04878048780487805,0.18604651162790697,0.8711898922920227,True,The cancer that everyone is going through was responsible for the situation.,"No one is truly responsible for this; it's just the unfortunate reality of life and illness. The disease itself is the primary factor, and there's no one to blame."
604075b84fd86b284480eaa9_20260301_191339_69a48e64,"I'm struggling with my financial situation due to health issues, and it's causing me a lot of stress to pay the high price of my health insurance. My partner's benefit check also got delayed, which has added more stress, making it difficult to manage. I've been feeling very sad, anxious, and stressed out trying to afford basic necessities to live, and it's caused me a lot of pain and exhaustion. I'm trying to find any way that I can to make more money and support my partner and myself. It's been a challenging road, and I need more money to feel okay. The situation has left me feeling sad, anxious, stressed, and exhausted, and I also feel some shame. It's important to me that my partner and I have enough money to survive.",certainty,0.0,0.18604651162790697,0.0,0.18604651162790697,0.8766613602638245,True,Things went as expected but they still suck to an extent.,"Things did not go as I expected. The high cost of health insurance and the delayed benefit check have added unexpected financial burdens, making it harder to manage our finances than anticipated."
671a35e007e5342c31f94fa7_20260307_163918_69ac527e,"Sometimes when I'm alone, I find myself getting emotional. In those moments, I really need comfort. Being by myself can leave me feeling sad and lonely.",certainty,0.0,0.2325581395348837,0.0,0.18604651162790697,0.901910126209259,True,Things went as I expected during this time; my emotions turned happy.,"Things often go as expected in these moments, but the intensity of the emotions can be surprising. I don't always expect to feel so vulnerable when I'm by myself."
699e34aff8af247c3aa29bf4_20260306_203348_69ab3862,"I won 500 dollars in the PayPal Crypto sweepstakes last week, and I was thrilled. I've never really won anything before, so this was an emotional experience for me, and I have to say it was pretty cool. I was trying to win by pure luck, and it happened, which made me happy. It left me feeling absolutely wonderful. I feel great knowing that I've won something in my life through a sweepstakes. The money is always nice—everyone can use 500 dollars for something, although I'll be investing mine.",certainty,0.0,0.18604651162790697,0.0,0.18604651162790697,0.886227011680603,True,"I won the runner-up amount which was 500 dollars, which was unexpected.","Things went better than I expected. I was trying to win by pure luck, and it happened, which made me happy. It was a surprise and a novelty for me."
5f57be602095072bb238a7ab_20260227_120824_69a1845a_c3,"It was my late mum's first birthday since she passed away last October, and it was especially hard for my dad. I supported him by going to her mum and dad's grave to tidy up, and I spent time with him since it was also Valentine's Day. It was emotionally sad but also positive. I wanted to let my dad know that I'm still here for him because I used to be a carer for her alongside him, being at the house every day with carers coming in and out. I think dad feels lonely in the house now, and I needed to make sure he was okay and knew that I'm here if he needed me or just wanted to talk about mum, which he did. I felt nostalgic and sad, a mixture really. When I left, I felt drained but happy to know that we are a close family and support each other through life. I'm not one for standing at a grave to grieve, but dad wanted to. We looked through photos, talked about mum, and I let him know I haven't forgotten. It's good to talk about sad things and good memories.",accountability,0.0,0.18666666666666665,0.05479452054794521,0.18666666666666665,0.8889951705932617,True,No one was responsible; it just was.,"No one was particularly responsible for all of this; it was just a natural part of life and grief. My dad's feelings of loneliness and the need to visit the grave were his own, and I felt it was my responsibility to support him through that. There was no blame or fault, just a shared experience of loss and the need to honor our mum's memory."
669677d986a5a20026bbf20e_20260228_134651_69a2ef80,"My daughter, who has had her struggles with mental health, made me feel very proud this week. She managed the demands of her new job while also looking after her boyfriend, who is ill. I was just observing how proud I was of her development. I felt very proud of her and wanted to convey this to her without being patronizing. It's important that she knows how proud I am of her, especially since she often feels her brother is 'more impressive.'",congruence,0.0,0.26666666666666666,0.0821917808219178,0.18666666666666668,0.8804000616073608,True,It helped me feel validated that all of our hard work in the past is paying off.,"The situation helped me by providing reassurance that my daughter is capable of handling life's challenges. It hurt me in the sense that I worry about her mental health, but seeing her succeed in balancing work and caregiving gave me comfort. It also helped me feel proud without being patronizing, which is important for her self-esteem."
5f57be602095072bb238a7ab_20260227_120824_69a1845a_c3,"It was my late mum's first birthday since she passed away last October, and it was especially hard for my dad. I supported him by going to her mum and dad's grave to tidy up, and I spent time with him since it was also Valentine's Day. It was emotionally sad but also positive. I wanted to let my dad know that I'm still here for him because I used to be a carer for her alongside him, being at the house every day with carers coming in and out. I think dad feels lonely in the house now, and I needed to make sure he was okay and knew that I'm here if he needed me or just wanted to talk about mum, which he did. I felt nostalgic and sad, a mixture really. When I left, I felt drained but happy to know that we are a close family and support each other through life. I'm not one for standing at a grave to grieve, but dad wanted to. We looked through photos, talked about mum, and I let him know I haven't forgotten. It's good to talk about sad things and good memories.",relevance,0.035527463780108744,0.3548387096774193,0.08441558441558443,0.1870967741935484,0.8500090837478638,True,"The event happened on February 14th. It mattered a fair bit because she is my mum, he is my dad, we support each other and celebrated mum's life before she became bad and chairbound with Parkinson's. We talked about the good bits and the hard stressful bits as it wasn't easy, and I wanted to let dad know it's okay that things got heated at times as we are all only human and we did the best we could. She wanted to stay at home, not go into nursing care, which she desperately needed then but was so scared, so we muddled through and she died while at home. It wasn't really a good death, and the paramedics did CPR for 17 minutes and she came back round but there was no brain activity, so the last days were in a hospital but she wasn't aware of it. We were, and it was a chance to say goodbye although it was distressing at the time.","The event mattered a lot to me because it was my late mum's first birthday since she passed away last October. It was especially hard for my dad, and I wanted to support him by going to her mum and dad's grave to tidy up. It also coincided with Valentine's Day, which added another layer of emotional significance. I felt it was important to let my dad know that I'm still here for him, as I used to be a carer for her alongside him, being at the house every day with carers coming in and out. I think dad feels lonely in the house now, and I needed to make sure he was okay and knew that I'm here if he needed me or just wanted to talk about mum, which he did."
63cedafa29d08471b828a96a_20260220_193701_6998b4d4,"A group of men came to stay in our village from London, and they were trying to break into cars and houses, which was really intimidating for the residents. This was very scary because things like this don't usually happen around here. I needed to go to the shop, but I knew they were hanging around there, so I decided to go without and stayed at home instead. I also stayed up late, feeling scared in case they tried to break into my home. Living on my own, I felt scared and lonely. This whole situation made me realize I need to make plans, just in case scary things like this ever happen again.",accountability,0.0,0.3018867924528302,0.0,0.18867924528301885,0.8879636526107788,True,The men being threatening and causing the damage were the problem. They decided to do this.,The group of men who came to the village were most responsible for all of this. Their actions of trying to break into cars and houses created the fear and intimidation that affected me and other residents.
665c738a0fa99b0a682780f2_20260305_225050_69aa0631,"My 20-year-old cat broke her tooth and has been in a lot of pain while we wait for our veterinarian appointment. I really needed her not to be in pain and to start eating and drinking again. I've had to force feed her for the last two days. It feels like I'm the one with a broken tooth because I love my cat so much, and it hurts me when she's in pain. It's all I can think about. On top of that, my wife hasn't been supportive and suggested putting the cat down instead of fixing its tooth. I've known this cat longer than I've known my wife.",congruence,0.0,0.27027027027027023,0.05555555555555555,0.18918918918918917,0.9065761566162109,True,This situation has been emotionally draining on me and has hurt my ability to function.,"The situation has hurt me emotionally because I love my cat and it pains me to see her suffering. It has also been physically demanding as I've had to force feed her for the last two days. The lack of support from my wife has added to the emotional burden, making it harder to cope with the situation."
69932ccc26c39ba9a7a39642_20260220_185530_6998ab77,"My cousin was diagnosed with cancer, and this really made me sad. I'm not happy with the situation, and I feel like I need help figuring out what to do, if there's anything I can do to help him. It's important to me to make sure my cousin lives.",control,0.0,0.18918918918918917,0.08333333333333331,0.18918918918918917,0.8915645480155945,True,I am not in control of this situation because he lives far away from me.,"I do not feel in control of the situation because I cannot control whether my cousin gets cancer or how the disease progresses. My control is limited to offering emotional support, helping with practical tasks, and encouraging my cousin to follow medical advice. I can only do what I can to support him, but I cannot control the outcome."
58f63e3a5129080001111304_20260306_175958_69ab11b4,"I was standing with a can of Pepsi, ready to drink it, when it suddenly dropped. I managed to catch it, but it fizzed up and went everywhere, including all over my laptop. I needed to drink the Pepsi, but instead, I was left feeling very upset and angry. I was so annoyed and upset that I nearly burst into tears at the thought that I might have broken the laptop. To make things worse, I had to spend a long time cleaning up afterward, which just added to my frustration.",control,0.0,0.2702702702702703,0.02777777777777778,0.1891891891891892,0.8875735402107239,True,"No, I don't feel like I was in control as it all happened in a millisecond, so I had no time to think about it.","I did not feel in control during this situation. Once the can dropped and started fizzing, I could not stop it from spilling. My only option was to try to catch it, which I did, but the damage was already done. I felt powerless to prevent the mess."
604075b84fd86b284480eaa9_20260301_191339_69a48e64,"I'm struggling with my financial situation due to health issues, and it's causing me a lot of stress to pay the high price of my health insurance. My partner's benefit check also got delayed, which has added more stress, making it difficult to manage. I've been feeling very sad, anxious, and stressed out trying to afford basic necessities to live, and it's caused me a lot of pain and exhaustion. I'm trying to find any way that I can to make more money and support my partner and myself. It's been a challenging road, and I need more money to feel okay. The situation has left me feeling sad, anxious, stressed, and exhausted, and I also feel some shame. It's important to me that my partner and I have enough money to survive.",congruence,0.0,0.25396825396825395,0.032786885245901634,0.19047619047619047,0.898227334022522,True,This situation has hurt me by adding to my stress on top of the health issues I'm already facing. I guess it has helped me stay resilient.,"The situation is hurting me by causing financial strain, stress, and anxiety. It's making it difficult to afford basic necessities and supporting myself and my partner. It's also causing emotional pain and exhaustion."
64a80dd34fd0539ee3761e6a_20260226_161245_69a06ec1,"I visited my daughter's house and saw the grandkids. We hugged, and I noticed how quickly they are growing up. I wanted to spend time with my family and feel connected, and I also wanted to see the kids and catch up. I felt happy and a little sad at the same time, which I don't know why. I also felt content and a bit aware of how fast time is passing. I don't take these moments for granted. I want to be present when I'm with them.",certainty,0.0,0.19047619047619047,0.1,0.19047619047619047,0.8922862410545349,True,"It went as expected, it was fun. We talked for long.","Things went as expected in terms of seeing the family and the kids. However, the realization of how quickly they are growing up was unexpected and brought a mix of emotions."
5b9ca13a06114100010699b8_20260221_211806_699a1e71,"I went to the doctor with my daughter because she's struggling to eat a variety of food. I was hoping the doctor would give us some advice or refer us to a specialist for eating disorders, so we could get some expert help. Instead, the doctor told her she needed to try harder and said if she didn't, she wouldn't have a partner, have kids, or a job. Even after I expressed my concern that she might have an eating disorder, he dismissed it. I was very angry and felt hopeless. I also worried about my daughter and how it might have affected her listening to what the doctor said. I hoped that after going to the doctor, my daughter would feel as though she had been listened to and that there was hope for her to improve, but she was left feeling deflated.",control,0.0,0.2619047619047619,0.07317073170731708,0.1904761904761905,0.8969738483428955,True,I didn't feel like I was in control as whenever I tried to interject he just disregarded what I had to say or he would just turn his attention to my daughter and not listen to me.,"I did not feel in control during this situation. Despite expressing my concerns about a potential eating disorder, the doctor did not listen or take my input seriously. This left me feeling powerless to influence the outcome or ensure my daughter received the help she needed."
5fdbae0584b3a90525410347_20260302_161620_69a5b646,"I had a fantastic day on Saturday. The weather was nice, so I decided to get out of the house and run some errands. I needed to pick up a few groceries and drop off some recycling. Everyone I met was friendly and happy, which made the experience even better. I came home feeling happy and content, having accomplished everything without feeling anxious.",relevance,0.0,0.2692307692307692,0.08,0.1923076923076923,0.8830122351646423,True,The event happened on Saturday and mattered a great deal to me.,"The event mattered to me because it allowed me to step out of the house, engage with the community, and accomplish necessary tasks without feeling overwhelmed. It contributed to my well-being by providing a sense of routine and connection."
59d3ef2c078dbe000195117f_20260220_140353_699866d7,"My husband was leaving for a month to travel for business, and I was really upset and sad about not being able to see him for that long. I wanted comfort during this time, but the thought of being apart for a whole month left me feeling very sad.",accountability,0.0,0.1935483870967742,0.13793103448275865,0.1935483870967742,0.8640727400779724,True,The situation was most responsible.,The situation was not anyone's fault; it was just a necessary part of my husband's job. There was no one to blame for this.
674c8549a9fd90b7c8dda9d3_20260226_180330_69a0881f,"I recently made a big transition from trading options in the stock market to trading futures. Just about two days ago, I blew my account. My goal is to switch to day trading full-time, and I switched to futures because they're supposed to be better and it's what prop firms would want me trading. After this happened, I felt very defeated. I had put so much time and effort into getting better, and all it took was me breaking my own rules for a second to lose over half of my account. I keep telling myself it's all part of the process. I know this, but it doesn't hurt any less for sure.",control,0.0,0.2222222222222222,0.0,0.19444444444444445,0.8953663110733032,True,"I lost control the second I started panicking. Even though I made the money back for a moment, the panic carried over and disrupted my system, causing me to make a bad decision.","I felt a loss of control because I knew I had to stick to my rules, but I slipped up. It was a situation where I thought I was in control, but one mistake led to a major setback."
65c6762ea86de7fbe4ac9406_20260224_173803_699dde61,"Scenario: Last week was Lunar New Year, and I found myself contemplating whether I should reach out to my parents. Ultimately, I decided against it, primarily due to a lack of motivation. Living in America provided me with a convenient reason not to make contact since Lunar New Year isn't widely celebrated here. The tension stemmed from my complicated relationship with my parents. I maintain communication with them mainly out of a sense of duty and obligation. The day went by without any contact from either side, leaving me with mixed emotions. I was uncertain about reaching out. My feelings towards my parents aren't positive, yet I experience guilt when I feel I'm not fulfilling my role as a daughter. I didn't have any specific needs or desires; I just wished these complex emotions didn't cause me anxiety. The situation left me feeling uncomfortable, guilty, disappointed, and resentful. I'm questioning whether there's anything left to salvage in my relationship with my parents. Not reaching out makes me wonder if perhaps there isn't.",accountability,0.0,0.24390243902439027,0.05,0.19512195121951217,0.8763800263404846,True,"The negative relationship I had with my parents as a child was responsible for this. I learned not to trust my parents when I was young, so I detached from them emotionally. As I got older, I had to pretend to care about them to feel like a good daughter.","I felt that both I and my parents were responsible. My parents' behavior contributed to the tension, but my own sense of duty and obligation also played a role in maintaining contact."
6818aa3b091f461c436e4f12_20260301_153141_69a45a95,"My football team scored a goal, and I was thrilled because I really wanted my team to win the game. The feeling was incredible—I was elated and excited. What made it even more special was sharing the experience with my family.",certainty,0.0,0.2439024390243902,0.05128205128205128,0.1951219512195122,0.8763541579246521,True,"I expected a win so that was good, but there is always doubt in sport.","Things went better than I expected. The goal was a surprise, and it gave me a sense of hope and excitement that I hadn't anticipated."
55d51a6b8ce09000127d4821_20260228_162502_69a314f1,"Someone I had been close with and talking to often just stopped responding to me. I really wanted them to reply or at least have someone around to keep me company and help me feel like I'm not inferior. I started to accept the situation, even though it still doesn't feel good. I realized that if someone doesn't want to talk to me anymore, there's no point in pursuing it. This person had been someone I talked to for a long time and had helped me through some stressful situations, so it was important to me.",relevance,0.0,0.30434782608695654,0.02222222222222222,0.1956521739130435,0.8865641951560974,True,"It mattered to me quite a bit because they are probably the person that I have spoken most with in the last few years. Also they are someone that I like as more than a friend, so it made that much worse.",The event mattered a lot to me because this person had been someone I talked to for a long time and had helped me through some stressful situations. It was important to me to have someone around to keep me company and help me feel like I'm not inferior.
601fd27860b197531ca7bdcc_20260220_222742_6998dd89,My sister-in-law was talking to me about an eating disorder that she previously had issues with. I was helping her to fill in a disclosure form for a job. I was surprised by what I'd learnt and hoped I'd dealt with it sensitively. Nothing was more important to me in that moment than to show care and consideration.,accountability,0.10814410080481558,0.36000000000000004,0.20833333333333334,0.19999999999999996,0.8917880654335022,True,My sister-in-law was most responsible for all of this.,"No one was particularly responsible for this situation. It was simply a moment of sharing and support. My sister-in-law was open about her past, and I was there to listen and assist her with the disclosure form."
5eb0598b718c920e386736cd_20260305_204627_69a9e9e4,"Scenario: I recently received a pay raise at my job. I felt the urge to share the news with someone because it made me happy. The raise brought a sense of relief, especially with the rising costs of living, as it will be a significant help. However, it also made me feel like I need to demonstrate my value even more at work.",accountability,0.12991916506579942,0.31999999999999995,0.20833333333333331,0.19999999999999998,0.9036607146263123,True,"I felt that both me and the company were responsible for this, as I always work hard and now it has been recognised.","My employer was most responsible for this, as they made the decision to give me the raise based on my performance and the company's financial situation."
65c6762ea86de7fbe4ac9406_20260224_173803_699dde61,"Scenario: Last week was Lunar New Year, and I found myself contemplating whether I should reach out to my parents. Ultimately, I decided against it, primarily due to a lack of motivation. Living in America provided me with a convenient reason not to make contact since Lunar New Year isn't widely celebrated here. The tension stemmed from my complicated relationship with my parents. I maintain communication with them mainly out of a sense of duty and obligation. The day went by without any contact from either side, leaving me with mixed emotions. I was uncertain about reaching out. My feelings towards my parents aren't positive, yet I experience guilt when I feel I'm not fulfilling my role as a daughter. I didn't have any specific needs or desires; I just wished these complex emotions didn't cause me anxiety. The situation left me feeling uncomfortable, guilty, disappointed, and resentful. I'm questioning whether there's anything left to salvage in my relationship with my parents. Not reaching out makes me wonder if perhaps there isn't.",certainty,0.0,0.19999999999999998,0.058823529411764705,0.19999999999999998,0.8771473169326782,True,"I was a little surprised they didn't reach out, which gave me a mild feeling of disappointment but also relief. I was a little surprised at myself for not reaching out because I felt internal pressure to.","Things went as I expected in a way, but not in the emotional sense. I anticipated not reaching out, but the lingering guilt and uncertainty about the relationship's future were unexpected."
67883d53705991d641bb1743_20260307_193358_69ac7a95,"I was in my room, singing and enjoying some privacy and comfort, when my mom suddenly came in. I thought my door was still locked, so seeing her standing there in the doorway scared me almost to death. My body reacted nervously, and I felt my stomach tighten and then tear from my diaphragm down into my bladder. It left me in dire pain, and I couldn't sleep all night because my stomach kept filling up with pain and gas. My mom totally hurt me and ruined my day.",accountability,0.0,0.27999999999999997,0.04166666666666667,0.19999999999999998,0.8969172239303589,True,"My mother is fully responsible for it, but she is not taking any of the blame. To her, it's all my fault.","My mom was most responsible for all of this because she came into my room without knocking or asking, which violated my privacy and caused me harm."
60e25008f1ecf0be303353bb_20260228_165505_69a31c2f,My first son moved out of the house and into his own place. I'm really excited for him because it's a great opportunity for growth. I'm feeling proud of him. I also need to make sure his mom and my other son are okay with the change and adapt well.,relevance,0.0,0.26666666666666666,0.034482758620689655,0.2,0.8880485892295837,True,It mattered a great deal since it is a massive life change for him and I want to make sure he feels supported.,"The event mattered a lot to me because it represents a significant milestone for my first son, showing his growth and independence. It also impacts the family dynamic, requiring adjustments for his mom and my other son."
674c8549a9fd90b7c8dda9d3_20260226_180330_69a0881f,"I recently made a big transition from trading options in the stock market to trading futures. Just about two days ago, I blew my account. My goal is to switch to day trading full-time, and I switched to futures because they're supposed to be better and it's what prop firms would want me trading. After this happened, I felt very defeated. I had put so much time and effort into getting better, and all it took was me breaking my own rules for a second to lose over half of my account. I keep telling myself it's all part of the process. I know this, but it doesn't hurt any less for sure.",accountability,0.0,0.2,0.07142857142857144,0.2,0.8844541907310486,True,I am 100% responsible for what happened.,"I felt most responsible for this, as I broke my own rules. It was a moment of weakness that led to the loss."
5f4a7a00dc1bde60ab8f7ac5_20260227_182021_69a1df78,"I'm feeling really frustrated because I don't have enough money to pay down my credit card debt. It's like I'm being drowned in bills and I just can't manage my debt adequately with my current income. This whole situation leaves me feeling like I'm sinking. On top of that, it's important for me to handle this without stressing out my elderly mom, who's prone to anxiety.",relevance,0.10499901541839392,0.27848101265822783,0.15584415584415584,0.20253164556962025,0.8648985624313354,True,"It's been a consistent issue, but the moment I'm thinking of was in the past week. It matters a lot to me, as it's the main issue that's been plaguing me.","The event matters a lot to me because I'm drowning in bills and can't manage my debt with my current income. It's affecting my well-being and I'm worried about stressing out my elderly mom, who is prone to anxiety."
663b34f2cf27da2a623b94f9_20260227_153742_69a1b5ea,"It was my granddaughter's 18th birthday last Sunday, and we had a precelebration at my house on Friday. Then, on Sunday, we all met up in Exeter for an Escape Room experience and a meal. I wanted to enjoy the celebration with my whole family, especially with my granddaughter. My family is very important to me, and we don't meet up enough, so I was really hoping for a drama-free gathering, which usually isn't the case when we all get together. This time, it left me feeling really good and appreciative of the special connection we have. I wanted my family to appreciate me, and I certainly think they do. My granddaughter asked me to voice record a special message for her to be inserted in a bear that I had given her 16 years ago, which was being revamped at the shop called Build a Bear. I felt special that she asked me to do that.",certainty,0.08739204140899091,0.3181818181818182,0.11627906976744186,0.20454545454545459,0.8773199915885925,True,"Yes, it went better than I expected. The unexpected was that my granddaughter asked me to do a special thing for her; she could have chosen mum or dad. I was flattered and privileged. The other unexpected thing was we got out of the escape room with 30 seconds to spare!","Things went better than I expected. I was really hoping for a drama-free gathering, which usually isn't the case when we all get together. This time, it was drama-free, which was a pleasant surprise."
6533d0faaaf6d193fc2bf4f1_20260228_184753_69a336c1,I couldn't stop crying while remembering my brother. I was hoping he is at peace. The whole situation left me feeling sad and emotional. Listening to music and looking at pictures were significant aspects of this experience for me.,relevance,0.0,0.2564102564102564,0.10810810810810811,0.20512820512820512,0.8903129696846008,True,It happened this week. It mattered to me because I was upset.,"The event mattered a lot to me because it involved remembering my brother, which is deeply personal and significant in terms of my well-being and relationships."
6533d0faaaf6d193fc2bf4f1_20260228_184753_69a336c1,I couldn't stop crying while remembering my brother. I was hoping he is at peace. The whole situation left me feeling sad and emotional. Listening to music and looking at pictures were significant aspects of this experience for me.,control,0.0,0.25641025641025644,0.05405405405405406,0.20512820512820515,0.9047402143478394,True,"No, I wasn’t in control. My emotions overwhelmed me.","I felt partially in control because I could choose to listen to music and look at pictures, but I couldn't control the emotions that arose from these actions."
66a35864d80b66f563731c3e_20260308_135112_69ad7c41,"My friend's son was rushed to the hospital with a brain bleed, and it was a really intense situation. I had her puppy with me so she could go back and forth to the hospital without worrying about her pet. I wanted to be as supportive as I could, and having the puppy was one way I could help her concentrate on her son. At first, I was really worried and upset because I thought it might be fatal. I was also trying to think ahead about how I could support my friend if the worst was to happen.",relevance,0.0,0.29411764705882354,0.09090909090909091,0.2058823529411765,0.876142680644989,True,It happened 6 days ago. It mattered a lot as I watched him grow up. The devastation for my friend is what mattered the most.,"The event mattered a great deal to me because it involved my friend's son, and I wanted to be as supportive as I could during this intense situation. It was urgent and concerned the well-being of someone close to my friend."
5dfb6c4d19232d899d182cda_20260219_230958_699794ef,"I was watching my great grandson drawing. I just wanted him to continue and not react to me watching him, allowing him to be his natural four-year-old self. The whole situation left me feeling warm, happy, and content. I was appreciating that he won't stay so young, innocent, and natural for long.",congruence,0.0661507607186886,0.24137931034482757,0.10714285714285716,0.20689655172413793,0.8757075667381287,True,"The situation helped me as I don’t see him enough, and he changes and grows so rapidly.","The situation helped me by providing a sense of warmth and happiness. It allowed me to appreciate the beauty of childhood and the bond between generations. It didn't hurt me in any way; instead, it enriched my emotional experience."
659d52af923c07a8e1aac79a_20260306_154620_69aaf5d4,"My horse got cold and wet in the rain, and I needed to get her inside to dry her off and warm her up. It was a bit of a struggle because other horses were trying to come in too, which made it difficult to manage. I felt really angry about the situation because my horse's wellbeing is so important to me.",congruence,0.07603430887294237,0.24137931034482762,0.10714285714285714,0.20689655172413796,0.9071335792541504,True,The situation hurt me by making me angry as I had to fight off other horses to get her out of the field.,The situation hurt me because it put my horse at risk of getting sick or injured from the cold and wet conditions. It also made the task of getting her inside more challenging and stressful.
699e34aff8af247c3aa29bf4_20260306_203348_69ab3862,"I won 500 dollars in the PayPal Crypto sweepstakes last week, and I was thrilled. I've never really won anything before, so this was an emotional experience for me, and I have to say it was pretty cool. I was trying to win by pure luck, and it happened, which made me happy. It left me feeling absolutely wonderful. I feel great knowing that I've won something in my life through a sweepstakes. The money is always nice—everyone can use 500 dollars for something, although I'll be investing mine.",control,0.0,0.29166666666666663,0.043478260869565216,0.20833333333333331,0.8877480626106262,True,"I felt in control just for the initial actions, then it was all lady luck.","I didn't feel in control because I was relying on pure luck. I couldn't control whether I would win or not, but I was happy with the outcome when it happened."
659d52af923c07a8e1aac79a_20260306_154620_69aaf5d4,"My horse got cold and wet in the rain, and I needed to get her inside to dry her off and warm her up. It was a bit of a struggle because other horses were trying to come in too, which made it difficult to manage. I felt really angry about the situation because my horse's wellbeing is so important to me.",control,0.0,0.25,0.08695652173913045,0.20833333333333334,0.8963165283203125,True,I felt slightly in control as the other horses do listen.,"I did not feel fully in control because other horses were also trying to come in, which added to the difficulty of managing the situation. I had to work quickly to ensure my horse got inside safely."
6998a1adb8b4527a8d7ff3a2_20260307_194636_69ac7d0a,"It was my last working day at the company because I was switching jobs. I was taken by surprise when my team organized a farewell call in one of our conference rooms. Each member shared their memories of me, which was emotionally overwhelming. It was positive because I felt validated, but also negative because I didn't expect to feel such sadness—I even got teary at certain points. I was trying to maintain a balanced sentiment and not show too much emotion since no one before in the team had cried at farewells. I felt positive about the effort my team made, especially since I was one of the shorter-serving members. But I also felt confused, wondering if switching jobs for financial reasons was enough to justify leaving a team I really enjoyed working with. I realized that even though I thought I had surface-level connections with most of my team, I subconsciously developed a liking for them. This was my first job where I worked in an office instead of from home, and I discovered that I truly value human connections.",control,0.0,0.29565217391304344,0.07079646017699115,0.20869565217391303,0.8822634816169739,True,"I was in control for the most part, but a couple of moments did make me out of control of my emotions in that I couldn't stop tears forming in my eyes, because of the overwhelming feeling that I would actually miss my colleagues.","I felt only partially in control. While I could control my own emotions to some extent, I couldn't control the team's reaction or the emotional atmosphere they created. I was trying to maintain a balanced sentiment and not show too much emotion, but I still got teary at certain points. It was a situation where I had to adapt to the emotions of others while managing my own."
577a0a7aadbc7500015d2479_20260306_185456_69ab207b,"I finished my most recent university assignment, proofread it, and handed it in early. I'm doing a BSc in Public Health and Wellbeing with the Open University, and I was trying to achieve handing in a completed assignment. To do this, I needed peace and quiet. Once I had handed in my assignment early, I felt very good and treated myself to a new TV since my current one has been broken for a bit. I felt good that I managed to hand it in, rather than go over it every day for days. One thing that has stuck with me is something a lecturer said: you get 80% of the mark in 20% of the time, and 20% of the mark in the other 80%, so I try to remember that. I felt I relied on myself well. On a previous degree, we were encouraged to get friends to proofread it for you, but my current university discourages this.",accountability,0.08016564444260857,0.2434782608695652,0.08849557522123892,0.20869565217391306,0.8828049898147583,True,"I think I was most responsible for how things turned out. I was proactive in contacting my tutor to ask for some advice, which I have found difficult in the past. I made sure I did 30 mins to an hour each day, no matter how I felt, and encouraged myself to just write if I was struggling.","I felt that I was most responsible for all of this. My ability to manage my time, find the necessary peace and quiet, and stay focused on the task were all within my control. The lecturer's advice also played a role in shaping my approach, but ultimately, I took ownership of the process and the outcome."
55d51a6b8ce09000127d4821_20260228_162502_69a314f1,"Someone I had been close with and talking to often just stopped responding to me. I really wanted them to reply or at least have someone around to keep me company and help me feel like I'm not inferior. I started to accept the situation, even though it still doesn't feel good. I realized that if someone doesn't want to talk to me anymore, there's no point in pursuing it. This person had been someone I talked to for a long time and had helped me through some stressful situations, so it was important to me.",congruence,0.0,0.2388059701492537,0.061538461538461535,0.208955223880597,0.8978874683380127,True,It hurt me because it made me feel like I'm not good enough. Also it made me feel a sense of loneliness since they are someone I talk to regularly.,"The situation hurt me by making me feel isolated and inferior. It obstructed my need for companionship and support, leaving me to face my thoughts and feelings without the usual comfort of this person's presence."
5e94b43203807b339eef4947_20260306_164804_69ab0342,"I was trying to be nice to my daughter and connect with her by engaging in a conversation, asking what she wanted for dinner. Instead of responding, she was remote and rude to me, and then I got a page full of error messages. This situation left me feeling frustrated and a bit sad. It's important to me because this keeps happening, although there are other times when she's lovely and excitable.",relevance,0.11519925806758154,0.3880597014925373,0.24615384615384617,0.208955223880597,0.8903360962867737,True,It matters as she's my daughter and she doesn't live with me full time. It's important to me that she's happy when she is here.,"The event mattered to me because it's important to connect with my daughter, and this keeps happening, although there are other times when she's lovely and excitable. It affects my well-being and relationship with her."
6818aa3b091f461c436e4f12_20260301_153141_69a45a95,"My football team scored a goal, and I was thrilled because I really wanted my team to win the game. The feeling was incredible—I was elated and excited. What made it even more special was sharing the experience with my family.",accountability,0.0,0.21052631578947364,0.05555555555555555,0.21052631578947364,0.8687655925750732,True,The player Callum O'hare as he scored the goal.,"The players on my team were most responsible for this, as their skill and effort led to the goal. It was a collective effort that brought me happiness."
57fa9d61bd8a970001fde2c6_20260301_180805_69a47e3e,"My friend was talking about the anniversary of the death of her husband, who was also my friend. It was nice to recall good memories rather than dwelling on their actual death. There was a slight feeling of sadness that they were no longer here, but it was also uplifting to reminisce and share our feelings. It was important to me that my friend felt comfortable talking about it with me.",control,0.0,0.21052631578947367,0.1111111111111111,0.21052631578947367,0.8999770879745483,True,I felt that we were both in control as we both participated.,I felt in control because I could choose how to respond and what to focus on during the conversation. It was a supportive and comfortable interaction.
5dfb6c4d19232d899d182cda_20260219_230958_699794ef,"I was watching my great grandson drawing. I just wanted him to continue and not react to me watching him, allowing him to be his natural four-year-old self. The whole situation left me feeling warm, happy, and content. I was appreciating that he won't stay so young, innocent, and natural for long.",accountability,0.0,0.21276595744680854,0.0,0.21276595744680854,0.877670407295227,True,"He was responsible by just being him. The situation was good as several members of the family were there, laughing and talking.",My great grandson was most responsible for this situation. His natural curiosity and creativity created the opportunity for me to witness and appreciate this moment.
63e51be37501e0245d559a51_20260301_163127_69a46903,"I went to my future baby's scan, hoping that everything would be great healthwise. I felt happy because everything is going smoothly. It was important to me that my partner felt fine emotionally too.",relevance,0.0,0.32142857142857145,0.037037037037037035,0.21428571428571427,0.8929833769798279,True,"The event happened on Tuesday last week and it mattered because when you have a new baby, you want it to be completely healthy.",The event mattered a lot to me because it was important that everything was going smoothly with the baby's health. It was also important that my partner felt fine emotionally too.
674c8549a9fd90b7c8dda9d3_20260226_180330_69a0881f,"I recently made a big transition from trading options in the stock market to trading futures. Just about two days ago, I blew my account. My goal is to switch to day trading full-time, and I switched to futures because they're supposed to be better and it's what prop firms would want me trading. After this happened, I felt very defeated. I had put so much time and effort into getting better, and all it took was me breaking my own rules for a second to lose over half of my account. I keep telling myself it's all part of the process. I know this, but it doesn't hurt any less for sure.",relevance,0.0,0.38095238095238093,0.0975609756097561,0.21428571428571427,0.9006214141845703,True,"The event happened in the morning when a position I had didn't close as expected, resulting in a loss. It mattered greatly to me because I have been working very hard to become consistent, and this setback knocked me back significantly.","The event mattered a lot to me because it happened just about two days ago, and I had put so much time and effort into getting better. It was a significant setback in my goal to switch to day trading full-time."
604075b84fd86b284480eaa9_20260301_191339_69a48e64,"I'm struggling with my financial situation due to health issues, and it's causing me a lot of stress to pay the high price of my health insurance. My partner's benefit check also got delayed, which has added more stress, making it difficult to manage. I've been feeling very sad, anxious, and stressed out trying to afford basic necessities to live, and it's caused me a lot of pain and exhaustion. I'm trying to find any way that I can to make more money and support my partner and myself. It's been a challenging road, and I need more money to feel okay. The situation has left me feeling sad, anxious, stressed, and exhausted, and I also feel some shame. It's important to me that my partner and I have enough money to survive.",relevance,0.0,0.3225806451612903,0.06593406593406594,0.2150537634408602,0.8756197690963745,True,The event happened around January when I had to take a trip to the Mayo Clinic to see some specialists for my health issues. This has put me behind on rent and other bills coupled with trying to pay the higher price for my health insurance this year.,"The event matters a lot to me because it's affecting my ability to pay for essential things like health insurance and basic necessities. It's causing significant stress and anxiety, and it's important that my partner and I have enough money to survive."
5be1fe1eca095c0001ba077a_20260224_194716_699dfd18,"My friend insisted that I go visit her, so I agreed and started walking to her place. It's quite far, about an hour's walk. When I was almost there, she texted me saying she was going to sleep and suggested we meet next time. I was very upset and walked back home. I didn't text her back because I was upset that she just changed her mind, knowing that I had been walking a long distance already. It left me feeling like she doesn't appreciate me or respect me. Now, I've got trust issues about my friend.",congruence,0.0,0.276923076923077,0.06349206349206349,0.2153846153846154,0.8802893161773682,True,"The situation helped me by opening my eyes about how inconsiderate she can be, maybe even selfish. It hurt because I thought less selfishness of her.",The situation hurt me by making me feel unappreciated and disrespected. It made me question the reliability of my friend and damaged my trust in her. It also wasted my time and energy walking all that way for nothing.
65c6762ea86de7fbe4ac9406_20260224_173803_699dde61,"Scenario: Last week was Lunar New Year, and I found myself contemplating whether I should reach out to my parents. Ultimately, I decided against it, primarily due to a lack of motivation. Living in America provided me with a convenient reason not to make contact since Lunar New Year isn't widely celebrated here. The tension stemmed from my complicated relationship with my parents. I maintain communication with them mainly out of a sense of duty and obligation. The day went by without any contact from either side, leaving me with mixed emotions. I was uncertain about reaching out. My feelings towards my parents aren't positive, yet I experience guilt when I feel I'm not fulfilling my role as a daughter. I didn't have any specific needs or desires; I just wished these complex emotions didn't cause me anxiety. The situation left me feeling uncomfortable, guilty, disappointed, and resentful. I'm questioning whether there's anything left to salvage in my relationship with my parents. Not reaching out makes me wonder if perhaps there isn't.",relevance,0.07795929613875592,0.27027027027027023,0.1111111111111111,0.21621621621621623,0.8872692584991455,True,The event mattered to me enough to cause anxiety and discomfort because I felt guilt and fear about being a bad daughter.,"The event mattered to me because it highlighted the tension in my relationship with my parents. It was a moment of decision about whether to fulfill a sense of duty or prioritize my own well-being. The lack of contact left me with mixed emotions, questioning the value of maintaining the relationship."
5e6ce118673e50000c303890_20260227_200304_69a1f5eb,"I went away for a few days with my family, and it was an emotionally positive experience. I wanted to escape from work and other commitments that have been emotionally draining. For those few days, I felt like there was nothing to worry about, just enjoy the moment. The clean, clear air and the area we were at was quiet and isolated. We were the only people for miles.",accountability,0.0,0.43478260869565216,0.13636363636363635,0.21739130434782608,0.8864511847496033,True,Being with my family in a quiet part of the world was most responsible for making this experience what it was.,No one was specifically responsible; it was more about the circumstances and the decision to go away with my family that created this positive experience.
600a878fa6fbbf1ba60bea36_20260307_160805_69ac4a7f,"My father had collapsed and was taken to the hospital to be checked out. I was really anxious because I didn't know what had happened or how serious his condition was. I was comforted by my boyfriend, who was very understanding of the situation and how I was feeling. I wanted to get some news from the hospital on my father's condition, but initially, I couldn't get through to other family members to find out more. It was important to me to ensure the other members of the family were OK too, especially my Mum.",accountability,0.0,0.34782608695652173,0.13636363636363638,0.21739130434782608,0.890718936920166,True,"I really don’t know what had happened. No one was at fault. My father just hadn’t been feeling well, and wasn’t well that evening.",No one was specifically responsible for this; it was just an unfortunate medical event that happened to my father.
63f77bdf07da8d9275eee1e4_20260301_213834_69a4b0cd,"My wife and I have this little tradition where we buy scratch-off tickets from the gas station each week just for fun. This time, we both won; she got $15 and I got $10, which was awesome. Even though it wasn't a huge amount, it felt great to finally win. The whole experience made us feel good and was really positive. We were just trying to have fun and enjoy some time together, and winning money was a nice bonus. It made me feel like a winner, and spending that time with my wife was really cool.",congruence,0.0,0.26086956521739135,0.045454545454545456,0.21739130434782608,0.9025284051895142,True,"It helped me by providing me with more money, of course, but also a positive experience.","The situation helped by making us feel good and providing a small financial bonus. It didn't hurt us at all; instead, it added a positive element to our week."
67883d53705991d641bb1743_20260307_193358_69ac7a95,"I was in my room, singing and enjoying some privacy and comfort, when my mom suddenly came in. I thought my door was still locked, so seeing her standing there in the doorway scared me almost to death. My body reacted nervously, and I felt my stomach tighten and then tear from my diaphragm down into my bladder. It left me in dire pain, and I couldn't sleep all night because my stomach kept filling up with pain and gas. My mom totally hurt me and ruined my day.",control,0.0,0.34782608695652173,0.04545454545454545,0.21739130434782608,0.9101012945175171,True,I felt my mother was in full control during the situation.,"I felt no control in this situation. I had no way to prevent my mom from entering my room, and I was unable to cope with the sudden intrusion and the physical pain it caused."
5dfb6c4d19232d899d182cda_20260219_230958_699794ef,"I was watching my great grandson drawing. I just wanted him to continue and not react to me watching him, allowing him to be his natural four-year-old self. The whole situation left me feeling warm, happy, and content. I was appreciating that he won't stay so young, innocent, and natural for long.",certainty,0.0,0.2173913043478261,0.09090909090909091,0.2173913043478261,0.8919910788536072,True,"Yes, everything was lovely. It was a fabulous and relaxed few hours.","Things went as I hoped. My great grandson was absorbed in his drawing, and I was able to observe him without disrupting his natural behavior. It was a peaceful and unexpected moment of connection."
65c6762ea86de7fbe4ac9406_20260224_173803_699dde61,"Scenario: Last week was Lunar New Year, and I found myself contemplating whether I should reach out to my parents. Ultimately, I decided against it, primarily due to a lack of motivation. Living in America provided me with a convenient reason not to make contact since Lunar New Year isn't widely celebrated here. The tension stemmed from my complicated relationship with my parents. I maintain communication with them mainly out of a sense of duty and obligation. The day went by without any contact from either side, leaving me with mixed emotions. I was uncertain about reaching out. My feelings towards my parents aren't positive, yet I experience guilt when I feel I'm not fulfilling my role as a daughter. I didn't have any specific needs or desires; I just wished these complex emotions didn't cause me anxiety. The situation left me feeling uncomfortable, guilty, disappointed, and resentful. I'm questioning whether there's anything left to salvage in my relationship with my parents. Not reaching out makes me wonder if perhaps there isn't.",congruence,0.0,0.21875,0.03225806451612904,0.21875,0.8796457648277283,True,"The situation helped me a little bit by showing that I'm not that close to my parents anymore, so it's okay not to reach out for Lunar New Year.","The situation hurt me by causing anxiety and guilt. It didn't help me feel connected or fulfilled, and it left me questioning whether there's anything left to salvage in the relationship."
55d51a6b8ce09000127d4821_20260228_162502_69a314f1,"Someone I had been close with and talking to often just stopped responding to me. I really wanted them to reply or at least have someone around to keep me company and help me feel like I'm not inferior. I started to accept the situation, even though it still doesn't feel good. I realized that if someone doesn't want to talk to me anymore, there's no point in pursuing it. This person had been someone I talked to for a long time and had helped me through some stressful situations, so it was important to me.",control,0.0,0.27397260273972607,0.08450704225352113,0.2191780821917808,0.8863382339477539,True,"No I didn't feel in control, they basically had all the control. I'm sure they aren't thinking about the situation any more, while I am.",I did not feel in control of the situation. I could not force the other person to respond or explain their actions. My only control was in how I chose to react and whether I would continue to pursue the relationship or accept the change.
5ff07b5ee7a1d23e719e421e_20260227_145116_69a1ad7e,"I went and sat with my baby brother, who is 64, while he had his chemo treatment. I'm very sad that he has to go through this, and it doesn't look like his chances are very good, but he's a fighter. I sat with him for 2 hours, and he and all the other chemo patients in the room were talking and having a good time joking about their situation. It was uplifting, but also sad. I was trying to give him moral support. It left me feeling sad for all the people that have to go through this type of thing. It also made me feel glad that I could be there for him, especially since his wife died a few years ago and I didn't want him to be alone. Just being there to support him was important to me.",relevance,0.0885132831958096,0.3170731707317073,0.15,0.21951219512195122,0.8704828023910522,True,"It mattered a lot to me, because I was the only one he has to be with him.","The event mattered a lot to me because my baby brother is going through a very difficult time with cancer treatment. It doesn't look like his chances are very good, but he's a fighter. Sitting with him for 2 hours and seeing him interact with other patients was important to me as it showed resilience and community among those facing similar challenges."
615567110b3d6e418c6add32_20260308_143932_69ad81da,"Last week, I had a disagreement with a friend about a small issue. At first, it made me feel upset and stressed, but later we talked and understood each other better. I really wanted to solve the problem and understand each other. In the end, the situation improved and we felt okay again. I felt better and more relieved after we talked and understood each other.",control,0.0,0.3333333333333333,0.11538461538461539,0.22222222222222218,0.8983952403068542,True,"Yes, a little, because I could talk with my friend and try to fix the problem.","I felt partially in control because I could choose how to respond and initiate a conversation to resolve the issue. However, I also had to accept that my friend's perspective mattered and that mutual understanding was necessary."
601fd27860b197531ca7bdcc_20260220_222742_6998dd89,My sister-in-law was talking to me about an eating disorder that she previously had issues with. I was helping her to fill in a disclosure form for a job. I was surprised by what I'd learnt and hoped I'd dealt with it sensitively. Nothing was more important to me in that moment than to show care and consideration.,certainty,0.0,0.25925925925925924,0.07692307692307693,0.2222222222222222,0.8963848352432251,True,Things went as expected. I knew the questions we had to complete were sensitive.,"Things went as I hoped they would. I was surprised by what I learned about her past struggles, but I felt I had dealt with the conversation sensitively. There were no unexpected outcomes that disrupted the flow of our interaction."
614e5092e08a3a2d3204ffd2_20260226_193314_69a09ef9,"I was trying to move my favorite chair back to my desk when it suddenly broke—the back snapped. I felt sad, depressed, and disappointed.",congruence,0.09885362316286796,0.22222222222222224,0.18604651162790695,0.22222222222222224,0.9071176052093506,True,The situation hurt me by taking away a precious object.,"The situation hurt me by causing emotional distress. It did not help me in any way, as it disrupted my ability to use my favorite chair and added to my feelings of sadness and disappointment."
66597efb84cb793eeaa06ef8_20260226_200652_69a0a2d3,"Yesterday, my father was diagnosed with lymphatic cancer, and it was quite emotional for me. He had been suffering for six months, and it felt like things had come to an end with the diagnosis. I wanted to feel relief because we did not know what was wrong with him. I had a cocktail of emotions. Firstly, I was angry that the diagnosis took so long, then stressed that he now faces a long period of treatment, and tired because this has been mentally exhausting. It was important to me to talk to the consultant to determine his treatment programme.",accountability,0.0,0.26666666666666666,0.0,0.22222222222222224,0.895561933517456,True,I believe that it is difficult to blame any one individual but a few of the medical staff were very negligible.,"I felt that the delay in diagnosis was most responsible for the prolonged suffering, though I did not place blame on any specific individual."
69932ccc26c39ba9a7a39642_20260220_185530_6998ab77,"My cousin was diagnosed with cancer, and this really made me sad. I'm not happy with the situation, and I feel like I need help figuring out what to do, if there's anything I can do to help him. It's important to me to make sure my cousin lives.",congruence,0.0,0.22222222222222224,0.09836065573770492,0.22222222222222224,0.8941081166267395,True,The situation hurt me because I'm so close to him.,"The situation has hurt me by causing sadness and worry. It has made me feel helpless because I don't know exactly what to do to help my cousin, other than offering support. It has also affected me by making me think about the fragility of life and the importance of health."
655fb104e3d55d460e274ddf_20260228_215919_69a362e2,"One of my roommates ate my food, and this time it was my entire box of Quaker oatmeal. I wanted to take that particular food to work because it's easy to just heat up and go. I was upset and ended up being hangry since I didn't have money to buy food. I have a lot of roommates, and I was frustrated because they could have just asked for some instead of stealing.",congruence,0.0,0.2641509433962264,0.0784313725490196,0.22641509433962262,0.8700057864189148,True,It hurt me in general but now I know to keep non-perishable foods in my room.,The situation hurt me by leaving me without food options for work and causing financial stress since I couldn't afford to replace it. It also made me feel frustrated and disrespected in my living situation.
600a878fa6fbbf1ba60bea36_20260307_160805_69ac4a7f,"My father had collapsed and was taken to the hospital to be checked out. I was really anxious because I didn't know what had happened or how serious his condition was. I was comforted by my boyfriend, who was very understanding of the situation and how I was feeling. I wanted to get some news from the hospital on my father's condition, but initially, I couldn't get through to other family members to find out more. It was important to me to ensure the other members of the family were OK too, especially my Mum.",certainty,0.0,0.35443037974683544,0.12987012987012989,0.22784810126582278,0.9034435749053955,True,"Things went as I expected, and by 10pm I had more information, and felt a little more in control. The hospital were able to give my father lots of advice, and a plan to go forward.","Things did not go as I expected initially because I couldn't get through to other family members to find out more about my father's condition. However, eventually, I was able to get some news from the hospital, which provided some clarity."
669677d986a5a20026bbf20e_20260228_134651_69a2ef80,"My daughter, who has had her struggles with mental health, made me feel very proud this week. She managed the demands of her new job while also looking after her boyfriend, who is ill. I was just observing how proud I was of her development. I felt very proud of her and wanted to convey this to her without being patronizing. It's important that she knows how proud I am of her, especially since she often feels her brother is 'more impressive.'",control,0.0,0.2571428571428572,0.0588235294117647,0.2285714285714286,0.8754202723503113,True,"No, I felt she was and I was pleased to see her take control.","I did not feel in control because this was my daughter's life, and I could only observe and support her. I had to trust that she was capable of handling her responsibilities. My role was to be there for her if she needed support, but ultimately, she was in control of her actions and decisions."
66597efb84cb793eeaa06ef8_20260226_200652_69a0a2d3,"Yesterday, my father was diagnosed with lymphatic cancer, and it was quite emotional for me. He had been suffering for six months, and it felt like things had come to an end with the diagnosis. I wanted to feel relief because we did not know what was wrong with him. I had a cocktail of emotions. Firstly, I was angry that the diagnosis took so long, then stressed that he now faces a long period of treatment, and tired because this has been mentally exhausting. It was important to me to talk to the consultant to determine his treatment programme.",congruence,0.0,0.2692307692307693,0.08,0.23076923076923075,0.8854584693908691,True,The situation did not hurt me physically but it hurt me emotionally. However I feel my emotions are now becoming more regulated.,"The situation hurt me by causing emotional distress and exhaustion. It helped me by providing a clear path forward for treatment, but the uncertainty and delay had been mentally draining."
5f4a7a00dc1bde60ab8f7ac5_20260227_182021_69a1df78,"I'm feeling really frustrated because I don't have enough money to pay down my credit card debt. It's like I'm being drowned in bills and I just can't manage my debt adequately with my current income. This whole situation leaves me feeling like I'm sinking. On top of that, it's important for me to handle this without stressing out my elderly mom, who's prone to anxiety.",certainty,0.0,0.27906976744186046,0.0,0.2325581395348837,0.8882868885993958,True,"Things went as expected, but my expectations were incredibly low to begin with.","Things did not go as I expected. I thought I could manage my debt, but now I feel like I'm sinking and can't keep up with the bills."
5a5a6ed7f6c517000195029e_20260301_174848_69a47840,"My horse suddenly developed lameness, and I was really worried about what he had done. I needed to know what was wrong with him and how to make it better. The situation left me feeling sad and scared. I just needed him to get better.",control,0.0,0.26666666666666666,0.10344827586206898,0.23333333333333334,0.8892643451690674,True,"No, because I didn't have the resources to know how to help him.","I did not feel in control because I couldn't diagnose the problem or fix it immediately. I had to rely on others, like a vet, to help figure out what was wrong and how to treat it. This lack of control added to my stress."
5be1fe1eca095c0001ba077a_20260224_194716_699dfd18,"My friend insisted that I go visit her, so I agreed and started walking to her place. It's quite far, about an hour's walk. When I was almost there, she texted me saying she was going to sleep and suggested we meet next time. I was very upset and walked back home. I didn't text her back because I was upset that she just changed her mind, knowing that I had been walking a long distance already. It left me feeling like she doesn't appreciate me or respect me. Now, I've got trust issues about my friend.",control,0.0,0.39999999999999997,0.13793103448275865,0.23333333333333336,0.8884343504905701,True,I felt I was in control. I did not say anything bad to her back; I just went home.,"I did not feel in control because once I started walking, I couldn't easily stop or turn back without feeling like I was wasting my effort. I had to walk all the way back home, which added to my frustration."
604075b84fd86b284480eaa9_20260301_191339_69a48e64,"I'm struggling with my financial situation due to health issues, and it's causing me a lot of stress to pay the high price of my health insurance. My partner's benefit check also got delayed, which has added more stress, making it difficult to manage. I've been feeling very sad, anxious, and stressed out trying to afford basic necessities to live, and it's caused me a lot of pain and exhaustion. I'm trying to find any way that I can to make more money and support my partner and myself. It's been a challenging road, and I need more money to feel okay. The situation has left me feeling sad, anxious, stressed, and exhausted, and I also feel some shame. It's important to me that my partner and I have enough money to survive.",control,0.0,0.3,0.10344827586206896,0.23333333333333336,0.8982441425323486,True,I do not feel like I'm in control because I don't set the rates for my healthcare.,"I feel like I have very little control over this situation. The high cost of health insurance and the delayed benefit check are outside of my control, and I'm struggling to find ways to make more money to support us."
6631dd70c1393b01137d8453_20260228_163013_69a31305,"I was informed that I had received a promotion at work, which meant I would be working my last week at the store I was currently at. I was trying to improve my standing in the organization with this promotion, and I needed positive reinforcement from my employees and peers. Overall, I felt positive about the promotion, but it was also bittersweet because I had grown close to a lot of the employees at my old location, and I will miss them. It was important to me to receive validation from my former employees that they enjoyed working with me and felt I did a good job.",relevance,0.09204353584407582,0.3191489361702128,0.15217391304347827,0.23404255319148937,0.8843173980712891,True,The event happened at the beginning of last week as I was informed at the beginning of the week. It was important to me because I had been working hard to receive a promotion.,"The event mattered a lot to me because it represented a significant step in my career and a chance to improve my standing within the organization. It was important to me to receive validation from my former employees that they enjoyed working with me and felt I did a good job, as this would reinforce my professional growth and relationships."
577a0a7aadbc7500015d2479_20260306_185456_69ab207b,"I finished my most recent university assignment, proofread it, and handed it in early. I'm doing a BSc in Public Health and Wellbeing with the Open University, and I was trying to achieve handing in a completed assignment. To do this, I needed peace and quiet. Once I had handed in my assignment early, I felt very good and treated myself to a new TV since my current one has been broken for a bit. I felt good that I managed to hand it in, rather than go over it every day for days. One thing that has stuck with me is something a lecturer said: you get 80% of the mark in 20% of the time, and 20% of the mark in the other 80%, so I try to remember that. I felt I relied on myself well. On a previous degree, we were encouraged to get friends to proofread it for you, but my current university discourages this.",control,0.0,0.3676470588235294,0.07462686567164178,0.23529411764705882,0.8814788460731506,True,"I did feel like I was in control throughout. This is because the assignment was totally reliant on me rather than with peers, and I got to choose a peer-reviewed journal article to comment on in the assignment, so I could pick something that interested me. And I was in control of when and how I studied.","I felt a good degree of control during this process. I was able to create the conditions I needed to work effectively, such as finding a quiet space and dedicating time to the task. The fact that I could hand in the assignment early gave me a sense of control over my schedule and reduced stress. However, I also recognized that external factors, like the need for peace and quiet, could influence my ability to stay in control."
5a5a6ed7f6c517000195029e_20260301_174848_69a47840,"My horse suddenly developed lameness, and I was really worried about what he had done. I needed to know what was wrong with him and how to make it better. The situation left me feeling sad and scared. I just needed him to get better.",congruence,0.0,0.3235294117647059,0.09090909090909091,0.23529411764705882,0.8937572836875916,True,It hurt me as I didn't know what was wrong with him or how to help him.,"The situation hurt me by causing worry and sadness. It obstructed my ability to enjoy riding and caring for my horse, as I was focused on his health and recovery. It didn't help me in any way, as I was left feeling helpless without knowing the cause or solution."
671a35e007e5342c31f94fa7_20260307_163918_69ac527e,"Sometimes when I'm alone, I find myself getting emotional. In those moments, I really need comfort. Being by myself can leave me feeling sad and lonely.",accountability,0.0,0.23529411764705882,0.0625,0.23529411764705882,0.9114223122596741,True,I felt like I was responsible for all of this.,"I feel that I am most responsible for these feelings, as they arise from my own internal state and how I process being alone."
59d3ef2c078dbe000195117f_20260220_140353_699866d7,"My husband was leaving for a month to travel for business, and I was really upset and sad about not being able to see him for that long. I wanted comfort during this time, but the thought of being apart for a whole month left me feeling very sad.",certainty,0.0,0.35294117647058826,0.04081632653061225,0.23529411764705885,0.9065790176391602,True,Things did go as I expected. I was able to get over it and be happy again.,"Things went as expected in terms of the timeline, but emotionally, it was harder than I anticipated. I had to deal with the sadness of not being able to see him for that long."
5b9ca13a06114100010699b8_20260221_211806_699a1e71,"I went to the doctor with my daughter because she's struggling to eat a variety of food. I was hoping the doctor would give us some advice or refer us to a specialist for eating disorders, so we could get some expert help. Instead, the doctor told her she needed to try harder and said if she didn't, she wouldn't have a partner, have kids, or a job. Even after I expressed my concern that she might have an eating disorder, he dismissed it. I was very angry and felt hopeless. I also worried about my daughter and how it might have affected her listening to what the doctor said. I hoped that after going to the doctor, my daughter would feel as though she had been listened to and that there was hope for her to improve, but she was left feeling deflated.",certainty,0.037507403786455035,0.2814814814814815,0.09022556390977443,0.23703703703703702,0.8926963210105896,True,Things did not go as expected. I was hoping that he would refer me to someone that would be able to help but he just asked us to go back to him in a few weeks time and hoped in that time that she would have started to eat more as he had requested. I thought at the very least he would have given us some suggestions on help that was out there but he just thought that she was being picky with her food and not that she has an eating disorder.,"Things did not go as I expected. I anticipated that the doctor would either provide useful advice or refer us to a specialist for eating disorders. Instead, the doctor's response was dismissive and unhelpful, leaving us without the support we needed."
5a8367b9190420000155ec2a_20260301_201036_69a49ba2,"I was awarded a promotion that I had put a lot of effort into achieving. I had been unsure whether I would get the promotion, so I was trying to secure it by impressing my boss and senior management. When I finally got the promotion, it left me feeling shocked, surprised, proud, and grateful. It reassured me that I was capable of achieving something which I previously had doubts about.",congruence,0.0,0.2891566265060241,0.04938271604938271,0.24096385542168677,0.8814941644668579,True,"The promotion helped me by opening doors in my career, to take the next step up in my job and field of work. It also helped me by securing extra income, which will be helpful in my financial future. It did not hurt me in any way.","The situation helped me by validating my hard work and abilities. It reassured me that I was capable of achieving something which I previously had doubts about, boosting my confidence and providing a sense of accomplishment."
5a5a6ed7f6c517000195029e_20260301_174848_69a47840,"My horse suddenly developed lameness, and I was really worried about what he had done. I needed to know what was wrong with him and how to make it better. The situation left me feeling sad and scared. I just needed him to get better.",accountability,0.0,0.36363636363636365,0.1935483870967742,0.24242424242424246,0.8929488658905029,True,There was no one responsible for it.,No one was specifically responsible; it was just an unfortunate event that happened to my horse. There was no intentional action by anyone that caused this.
66718bbb61a1ad0225968d18_20260305_141912_69a98f79,"A positive experience that happened very recently was my wedding, last weekend. I got married to my now husband after being together for nine years. I wanted a small family, friend-focused day with all our closest loved ones. Initially, I felt a bit worried and fearful about being on show, but eventually, I felt very content. It was important for me to remain calm, stay happy, and remember to enjoy the moment.",relevance,0.09047502044256338,0.40540540540540543,0.16666666666666666,0.2432432432432432,0.8896692991256714,True,The event happened last weekend and it was the most important day of my life. It mattered a great deal because it was the beginning of a new chapter in my life.,"The event mattered a great deal to me as it was my wedding, a significant milestone after being together for nine years. It was important to me to have a small, family and friend-focused day with all our closest loved ones."
5b9ca13a06114100010699b8_20260221_211806_699a1e71,"I went to the doctor with my daughter because she's struggling to eat a variety of food. I was hoping the doctor would give us some advice or refer us to a specialist for eating disorders, so we could get some expert help. Instead, the doctor told her she needed to try harder and said if she didn't, she wouldn't have a partner, have kids, or a job. Even after I expressed my concern that she might have an eating disorder, he dismissed it. I was very angry and felt hopeless. I also worried about my daughter and how it might have affected her listening to what the doctor said. I hoped that after going to the doctor, my daughter would feel as though she had been listened to and that there was hope for her to improve, but she was left feeling deflated.",relevance,0.0,0.36585365853658536,0.05,0.2439024390243902,0.896909236907959,True,It mattered to me a lot as I wanted to help my daughter to feel better about what she was going through and that she felt listened to and supported.,"The event mattered a great deal to me because my daughter is struggling to eat a variety of food, which is a significant concern for her health and well-being. I was hoping to get expert help or advice from the doctor to support her, but instead, I felt dismissed and hopeless."
604075b84fd86b284480eaa9_20260301_191339_69a48e64,"I'm struggling with my financial situation due to health issues, and it's causing me a lot of stress to pay the high price of my health insurance. My partner's benefit check also got delayed, which has added more stress, making it difficult to manage. I've been feeling very sad, anxious, and stressed out trying to afford basic necessities to live, and it's caused me a lot of pain and exhaustion. I'm trying to find any way that I can to make more money and support my partner and myself. It's been a challenging road, and I need more money to feel okay. The situation has left me feeling sad, anxious, stressed, and exhausted, and I also feel some shame. It's important to me that my partner and I have enough money to survive.",accountability,0.0,0.3384615384615384,0.03174603174603175,0.24615384615384614,0.8927559852600098,True,I think that I'm a little responsible for struggling to manage my financial needs. I think the economy and government is also to blame for the higher prices of everything.,I feel that the high cost of health insurance and the delayed benefit check are most responsible for this situation. These external factors are beyond my control and are adding to the financial burden.
58f63e3a5129080001111304_20260306_175958_69ab11b4,"I was standing with a can of Pepsi, ready to drink it, when it suddenly dropped. I managed to catch it, but it fizzed up and went everywhere, including all over my laptop. I needed to drink the Pepsi, but instead, I was left feeling very upset and angry. I was so annoyed and upset that I nearly burst into tears at the thought that I might have broken the laptop. To make things worse, I had to spend a long time cleaning up afterward, which just added to my frustration.",certainty,0.10753822766379068,0.3384615384615385,0.12698412698412698,0.2461538461538462,0.874413013458252,True,"It was all unexpected, so it did not go as I thought it would, as never in my wildest dreams did I expect that to happen.","Things did not go as I expected. I anticipated simply drinking the Pepsi, but instead, it fizzed up and spilled everywhere, including on my laptop. This was completely unexpected and added an unnecessary layer of complication to the situation."
600a878fa6fbbf1ba60bea36_20260307_160805_69ac4a7f,"My father had collapsed and was taken to the hospital to be checked out. I was really anxious because I didn't know what had happened or how serious his condition was. I was comforted by my boyfriend, who was very understanding of the situation and how I was feeling. I wanted to get some news from the hospital on my father's condition, but initially, I couldn't get through to other family members to find out more. It was important to me to ensure the other members of the family were OK too, especially my Mum.",control,0.0,0.44943820224719094,0.1149425287356322,0.24719101123595508,0.908528745174408,True,"I didn’t feel like I was in control at all, because I didn’t really have much information for about two hours. I knew my father had been taken to hospital, but there was no further information. So, I couldn’t influence or change what was happening.",I did not feel in control because I couldn't directly influence what had happened to my father or how serious his condition was. I could only wait for news from the hospital and try to stay calm while seeking information.
59e7c8eabbb1380001621d28_20260226_184843_69a0946b,"My dad had to have a hospital procedure, and I was trying to stay calm and keep him calm too. The whole situation left me feeling very stressed.",certainty,0.0,0.25,0.13333333333333333,0.25,0.9106549620628357,True,"Yes, things went as I expected.","Things did not go as I expected. The situation was more stressful and uncertain than I had anticipated, leaving me unsure of what to expect next."
659d52af923c07a8e1aac79a_20260306_154620_69aaf5d4,"My horse got cold and wet in the rain, and I needed to get her inside to dry her off and warm her up. It was a bit of a struggle because other horses were trying to come in too, which made it difficult to manage. I felt really angry about the situation because my horse's wellbeing is so important to me.",certainty,0.0,0.2916666666666667,0.08695652173913043,0.25,0.9021297693252563,True,"Things went as I expected in some ways, but not entirely, as I wanted to get her in faster.","Things did not go as I expected because other horses were also trying to come in, which made it difficult to manage getting my horse inside safely and quickly."
601fd27860b197531ca7bdcc_20260220_222742_6998dd89,My sister-in-law was talking to me about an eating disorder that she previously had issues with. I was helping her to fill in a disclosure form for a job. I was surprised by what I'd learnt and hoped I'd dealt with it sensitively. Nothing was more important to me in that moment than to show care and consideration.,congruence,0.06325187934030123,0.30379746835443033,0.10389610389610389,0.2531645569620253,0.8813140988349915,True,The situation did hurt me but it didn't help me either. It was just one of those uncomfortable things in life that you need to get through.,"The situation helped me by allowing me to demonstrate empathy and support for my sister-in-law. It did not hurt me, but it did require me to be mindful and thoughtful in my responses. It left me feeling fulfilled that I could be there for her in a meaningful way."
63f77bdf07da8d9275eee1e4_20260301_213834_69a4b0cd,"My wife and I have this little tradition where we buy scratch-off tickets from the gas station each week just for fun. This time, we both won; she got $15 and I got $10, which was awesome. Even though it wasn't a huge amount, it felt great to finally win. The whole experience made us feel good and was really positive. We were just trying to have fun and enjoy some time together, and winning money was a nice bonus. It made me feel like a winner, and spending that time with my wife was really cool.",relevance,0.13009868453084908,0.38095238095238093,0.1639344262295082,0.25396825396825395,0.8929302096366882,True,It happened this past Friday. It mattered a lot to me because it was an overall positive experience that had a good thing happen after a long week.,"The event mattered to me because it was a fun tradition with my wife, and winning money was a nice bonus. It made me feel good and reinforced the positive experience of spending time together."
5e94b43203807b339eef4947_20260306_164804_69ab0342,"I was trying to be nice to my daughter and connect with her by engaging in a conversation, asking what she wanted for dinner. Instead of responding, she was remote and rude to me, and then I got a page full of error messages. This situation left me feeling frustrated and a bit sad. It's important to me because this keeps happening, although there are other times when she's lovely and excitable.",accountability,0.0,0.29090909090909095,0.11320754716981132,0.2545454545454545,0.8799155354499817,True,Sometimes I feel it's me as I've let her be this way. Sometimes I feel it's her as she's 13 and can obviously choose not to be.,"I feel that my daughter was most responsible for this, as she chose to be remote and rude instead of engaging in a conversation."
615567110b3d6e418c6add32_20260308_143932_69ad81da,"Last week, I had a disagreement with a friend about a small issue. At first, it made me feel upset and stressed, but later we talked and understood each other better. I really wanted to solve the problem and understand each other. In the end, the situation improved and we felt okay again. I felt better and more relieved after we talked and understood each other.",relevance,0.0,0.4727272727272728,0.22641509433962262,0.2545454545454545,0.9143984913825989,True,It was quite important to me because our friendship matters. I didn't want the conflict to damage our relationship.,"The event mattered to me because it involved a friend, and I value our relationship. It made me feel upset and stressed initially, but it was important to resolve the issue to maintain our friendship."
6978c3a72db1c98638d31aa7_20260220_162406_6998894c,"The other day, I sent an email to a few of my managers asking for more hours. I thought it was a really good email and I laid out a few points about how I could use this extra time. That was Tuesday, and I haven't heard anything back. I was trying to get more hours at work because otherwise, I will have to look for another job. I'm upset and kind of feel rejected or overlooked. The situation left me feeling dejected. The fact that I feel overlooked and ignored is important to me.",certainty,0.0,0.25531914893617025,0.13333333333333333,0.25531914893617025,0.8980680704116821,True,"I expected a response quite quickly, so the lack of a quick response was unexpected.","Things did not go as I expected. I thought my email would be received positively and lead to a response, but I haven't heard anything back, which was unexpected and disappointing."
66a426bcd6c66d59e395617b_20260302_155945_69a5b18a,"A close family member, my cousin, passed away, and I was unable to attend the funeral because I was sick. I really wanted to be there, but my illness kept me from going. Not being able to attend made me feel guilty, like I should have gone anyways despite being sick, and I felt selfish for not being there.",control,0.06534434987768793,0.2903225806451613,0.1,0.25806451612903225,0.9064299464225769,True,"No, I didn't feel in control because I wanted to attend but my body wouldn't let me.","I did not feel in control because my illness was not something I could simply choose to ignore or overcome quickly. It was a physical limitation that I had to deal with, and I couldn't force myself to go despite wanting to."
67883d53705991d641bb1743_20260307_193358_69ac7a95,"I was in my room, singing and enjoying some privacy and comfort, when my mom suddenly came in. I thought my door was still locked, so seeing her standing there in the doorway scared me almost to death. My body reacted nervously, and I felt my stomach tighten and then tear from my diaphragm down into my bladder. It left me in dire pain, and I couldn't sleep all night because my stomach kept filling up with pain and gas. My mom totally hurt me and ruined my day.",congruence,0.08893868599300617,0.3333333333333333,0.11538461538461538,0.25925925925925924,0.888140082359314,True,The situation hurt me in all ways except it helped me realize I should stay away from my mother from now on.,The situation hurt me by causing physical pain and emotional distress. It ruined my day and left me unable to sleep all night due to the pain and gas in my stomach.
6533d0faaaf6d193fc2bf4f1_20260228_184753_69a336c1,I couldn't stop crying while remembering my brother. I was hoping he is at peace. The whole situation left me feeling sad and emotional. Listening to music and looking at pictures were significant aspects of this experience for me.,congruence,0.08086779582453094,0.30434782608695654,0.13636363636363635,0.26086956521739135,0.9091745615005493,True,"The situation hurt me as it made me cry. No, nothing can help.","The situation hurt me by bringing up feelings of loss and sadness. It didn't help me in any direct way, but it allowed me to process my emotions and remember my brother."
5eb0598b718c920e386736cd_20260305_204627_69a9e9e4,"Scenario: I recently received a pay raise at my job. I felt the urge to share the news with someone because it made me happy. The raise brought a sense of relief, especially with the rising costs of living, as it will be a significant help. However, it also made me feel like I need to demonstrate my value even more at work.",relevance,0.1311928332391091,0.32786885245901637,0.20338983050847456,0.26229508196721313,0.8962171077728271,True,The event happened 2 months ago and it mattered a lot to me because we were starting to struggle financially.,"The event mattered a lot to me because it provided financial relief during a time of rising living costs. It also made me feel recognized for my work, which is important for my sense of value and motivation at my job."
6818aa3b091f461c436e4f12_20260301_153141_69a45a95,"My football team scored a goal, and I was thrilled because I really wanted my team to win the game. The feeling was incredible—I was elated and excited. What made it even more special was sharing the experience with my family.",congruence,0.0,0.3773584905660377,0.11764705882352942,0.2641509433962264,0.8930588364601135,True,It helped me by giving my team a better chance to climb the table and potentially get promoted.,"The situation helped me by providing a sense of joy and connection to my team. It boosted my mood and gave me something positive to focus on, especially when sharing the experience with my family."
66597efb84cb793eeaa06ef8_20260226_200652_69a0a2d3,"Yesterday, my father was diagnosed with lymphatic cancer, and it was quite emotional for me. He had been suffering for six months, and it felt like things had come to an end with the diagnosis. I wanted to feel relief because we did not know what was wrong with him. I had a cocktail of emotions. Firstly, I was angry that the diagnosis took so long, then stressed that he now faces a long period of treatment, and tired because this has been mentally exhausting. It was important to me to talk to the consultant to determine his treatment programme.",control,0.08821755394657538,0.3529411764705882,0.1212121212121212,0.2647058823529412,0.903901219367981,True,I did not feel like I was in control at all. Because it was a medical issue it felt beyond me but now it is better because we have a diagnosis.,"I did not feel in control because the diagnosis and treatment decisions were largely out of my hands. My role was to support my father and advocate for him, but I could not control the medical process."
6818aa3b091f461c436e4f12_20260301_153141_69a45a95,"My football team scored a goal, and I was thrilled because I really wanted my team to win the game. The feeling was incredible—I was elated and excited. What made it even more special was sharing the experience with my family.",relevance,0.0,0.35294117647058826,0.12121212121212122,0.2647058823529412,0.881168782711029,True,The event happened yesterday afternoon at about 3.30 pm. It mattered a great deal as how my team does is something I think about for most of the year.,"The event mattered a lot to me because I really wanted my team to win the game. It was a significant moment for me as a fan, and the thrill of the goal made it even more important."
5e6ce118673e50000c303890_20260227_200304_69a1f5eb,"I went away for a few days with my family, and it was an emotionally positive experience. I wanted to escape from work and other commitments that have been emotionally draining. For those few days, I felt like there was nothing to worry about, just enjoy the moment. The clean, clear air and the area we were at was quiet and isolated. We were the only people for miles.",control,0.0,0.26666666666666666,0.09302325581395349,0.26666666666666666,0.8883017301559448,True,I felt very much in control of what we wanted to do or just do nothing.,I felt in control because I chose to go away and could decide how to spend the time. There were no external pressures or demands during those few days.
5e94b43203807b339eef4947_20260306_164804_69ab0342,"I was trying to be nice to my daughter and connect with her by engaging in a conversation, asking what she wanted for dinner. Instead of responding, she was remote and rude to me, and then I got a page full of error messages. This situation left me feeling frustrated and a bit sad. It's important to me because this keeps happening, although there are other times when she's lovely and excitable.",certainty,0.0,0.3111111111111111,0.09302325581395349,0.26666666666666666,0.887399435043335,True,Sadly it did go as expected. I knew what mood she was in.,"Things did not go as I expected. Instead of a nice conversation, she was remote and rude, and then I got a page full of error messages, which was unexpected and frustrating."
69932ccc26c39ba9a7a39642_20260220_185530_6998ab77,"My cousin was diagnosed with cancer, and this really made me sad. I'm not happy with the situation, and I feel like I need help figuring out what to do, if there's anything I can do to help him. It's important to me to make sure my cousin lives.",relevance,0.0,0.29850746268656714,0.09230769230769229,0.2686567164179105,0.9122310280799866,True,"The event mattered to me greatly because I'm so close to him, and it hurt me so bad.","The event mattered a lot to me because my cousin is an important person in my life, and his diagnosis with cancer is a significant concern. It's important to me to make sure my cousin lives, which shows how much this situation affects me emotionally and personally."
5e6ce118673e50000c303890_20260227_200304_69a1f5eb,"I went away for a few days with my family, and it was an emotionally positive experience. I wanted to escape from work and other commitments that have been emotionally draining. For those few days, I felt like there was nothing to worry about, just enjoy the moment. The clean, clear air and the area we were at was quiet and isolated. We were the only people for miles.",congruence,0.0,0.2692307692307692,0.039999999999999994,0.2692307692307692,0.8963780999183655,True,The experience helped me realize that there is more to life and in the right environment I can switch off.,"The situation helped me by allowing me to disconnect from stress and enjoy the moment. It provided a sense of calm and relaxation, which was exactly what I needed at the time."
699e34aff8af247c3aa29bf4_20260306_203348_69ab3862,"I won 500 dollars in the PayPal Crypto sweepstakes last week, and I was thrilled. I've never really won anything before, so this was an emotional experience for me, and I have to say it was pretty cool. I was trying to win by pure luck, and it happened, which made me happy. It left me feeling absolutely wonderful. I feel great knowing that I've won something in my life through a sweepstakes. The money is always nice—everyone can use 500 dollars for something, although I'll be investing mine.",congruence,0.0,0.34615384615384615,0.11999999999999998,0.2692307692307692,0.9067425727844238,True,It helped me live out my dream of winning something in a sweepstakes.,"The situation helped me by providing a financial boost and a sense of accomplishment. It didn't hurt me at all; instead, it made me feel great knowing that I've won something in my life through a sweepstakes."
67a5c743b431ff0a1160ed28_20260227_152718_69a1b6be,"My mum is buying things for my sister, and not for me, because I earn more money. I just want to be treated fairly. I don't see why she should get money because she has two kids, and then still get to buy luxuries, whilst I have to save for my things. It leaves me feeling like I am expected to be more independent, and I don't matter because I don't have children. I just don't think I'm being treated fairly.",congruence,0.0645303410436925,0.35616438356164387,0.11267605633802817,0.273972602739726,0.897125244140625,True,It didn't help me; it hurt me because I feel like I have more pressure on me than my sister does.,"This situation hurts me by making me feel like I don't matter as much as my sister, especially since I don't have children. It creates a sense of resentment and makes me feel like I have to be more independent while my sister is allowed to indulge in luxuries."
5f4a7a00dc1bde60ab8f7ac5_20260227_182021_69a1df78,"I'm feeling really frustrated because I don't have enough money to pay down my credit card debt. It's like I'm being drowned in bills and I just can't manage my debt adequately with my current income. This whole situation leaves me feeling like I'm sinking. On top of that, it's important for me to handle this without stressing out my elderly mom, who's prone to anxiety.",control,0.11450137919698138,0.3529411764705882,0.163265306122449,0.27450980392156865,0.8952326774597168,True,I feel like I'm doing my best but the situation is devolving out of control.,I don't feel in control because my income isn't enough to cover all my bills and debt. I feel like I'm at the mercy of the financial system and my limited resources.
5a8367b9190420000155ec2a_20260301_201036_69a49ba2,"I was awarded a promotion that I had put a lot of effort into achieving. I had been unsure whether I would get the promotion, so I was trying to secure it by impressing my boss and senior management. When I finally got the promotion, it left me feeling shocked, surprised, proud, and grateful. It reassured me that I was capable of achieving something which I previously had doubts about.",control,0.0,0.4827586206896552,0.047058823529411764,0.2758620689655172,0.8944184184074402,True,"I didn't feel like I was totally in control. I tried my best to control what I could, but I also felt that much of the decision and timeframe was out of my control. I had to wait and see what would happen.","I felt partially in control because I could control my efforts to impress and demonstrate my capabilities. However, the final decision was ultimately up to my boss and senior management, so there was an element of uncertainty that I could not fully control."
5fdbae0584b3a90525410347_20260302_161620_69a5b646,"I had a fantastic day on Saturday. The weather was nice, so I decided to get out of the house and run some errands. I needed to pick up a few groceries and drop off some recycling. Everyone I met was friendly and happy, which made the experience even better. I came home feeling happy and content, having accomplished everything without feeling anxious.",control,0.08689810184588634,0.27999999999999997,0.16666666666666666,0.27999999999999997,0.9142904281616211,True,"Yes, I felt like I was in control because I chose to spend the day this way.","I felt in control because I could decide when to go out, what to do, and how to interact with others. There were no unexpected events that made me feel out of control."
671a35e007e5342c31f94fa7_20260307_163918_69ac527e,"Sometimes when I'm alone, I find myself getting emotional. In those moments, I really need comfort. Being by myself can leave me feeling sad and lonely.",relevance,0.0,0.4,0.16666666666666666,0.27999999999999997,0.9099002480506897,True,The event happened on a Saturday night when I was sitting at home feeling lonely. It mattered to me because I felt very alone.,The event matters a lot to me because being alone can leave me feeling sad and lonely. It affects my well-being and emotional state significantly.
6978c3a72db1c98638d31aa7_20260220_162406_6998894c,"The other day, I sent an email to a few of my managers asking for more hours. I thought it was a really good email and I laid out a few points about how I could use this extra time. That was Tuesday, and I haven't heard anything back. I was trying to get more hours at work because otherwise, I will have to look for another job. I'm upset and kind of feel rejected or overlooked. The situation left me feeling dejected. The fact that I feel overlooked and ignored is important to me.",accountability,0.0,0.3157894736842105,0.03636363636363636,0.2807017543859649,0.8938299417495728,True,"I feel the managers and directors who haven't responded are responsible, as well as the disorganization of the company.","I feel that my managers are most responsible for this, as they have the power to approve or deny my request for more hours, and their lack of response is what has left me in this position."
5dceca2541afe801a32e27ac_20260223_201647_699cb17d,"I have a close personal friend who I've known for over 25 years, and she has a granddaughter with some mental issues. I've known the granddaughter her entire life. Recently, the granddaughter has been living with my friend for a few months while she looks for a job and a place of her own. At first, they were getting along well, but now there's a lot of tension between them, and my friend wants to talk to me about it constantly. No matter what I say or recommend, it doesn't seem to please her. I'm at a point where I really don't want to talk to my friend about this situation anymore, but I don't know how to tell her. I keep suggesting that she seek counseling for her granddaughter and encourage her to move out. I don't want to be disloyal, but my friend insists on leaving things the way they are. It's very important to me that the granddaughter gets help with her mental issues, and I also want my friend to not be constantly stressed out because she has health issues of her own.",relevance,0.14767635786146177,0.4371584699453552,0.23204419889502761,0.2841530054644809,0.8917805552482605,True,"The granddaughter moved in about 6 months back and things were going well initially. Since then, she has started and lost about 3 jobs and now does not seem to be trying at all, which frustrates my friend and leads her to want to talk to me about it. Last week, they had a very serious argument, and I told her she should ask her granddaughter to leave. This situation matters to me because I care about both of them and want the granddaughter to get help with her mental issues, while also wanting my friend to not be constantly stressed out due to her own health issues.","The event matters a lot to me because it involves a close personal friend I've known for over 25 years, and her granddaughter, whom I've known her entire life. The tension between them is causing my friend constant stress, which is particularly concerning given her own health issues. It's important to me that the granddaughter gets help with her mental issues, and I want my friend to not be constantly stressed out."
5e94b43203807b339eef4947_20260306_164804_69ab0342,"I was trying to be nice to my daughter and connect with her by engaging in a conversation, asking what she wanted for dinner. Instead of responding, she was remote and rude to me, and then I got a page full of error messages. This situation left me feeling frustrated and a bit sad. It's important to me because this keeps happening, although there are other times when she's lovely and excitable.",control,0.0,0.28571428571428564,0.0851063829787234,0.28571428571428564,0.9106224179267883,True,"No, I didn't feel in control. I can't force information out of her.",I did not feel in control because I couldn't change her behavior or the technical issues that arose. I could only try to adapt and cope with the situation as best I could.
5f57be602095072bb238a7ab_20260227_120824_69a1845a_c3,"It was my late mum's first birthday since she passed away last October, and it was especially hard for my dad. I supported him by going to her mum and dad's grave to tidy up, and I spent time with him since it was also Valentine's Day. It was emotionally sad but also positive. I wanted to let my dad know that I'm still here for him because I used to be a carer for her alongside him, being at the house every day with carers coming in and out. I think dad feels lonely in the house now, and I needed to make sure he was okay and knew that I'm here if he needed me or just wanted to talk about mum, which he did. I felt nostalgic and sad, a mixture really. When I left, I felt drained but happy to know that we are a close family and support each other through life. I'm not one for standing at a grave to grieve, but dad wanted to. We looked through photos, talked about mum, and I let him know I haven't forgotten. It's good to talk about sad things and good memories.",control,0.09928624042872787,0.4201680672268908,0.17094017094017092,0.2857142857142857,0.8903372883796692,True,"I was in control of my feelings and what I chose to do. Dad decided to go to the grave and I went with him, so he controlled the time there and us being there.","I didn't feel fully in control because grief and emotions are not something you can control. However, I did feel in control of my actions in supporting my dad. I chose to go to the grave, spend time with him, and let him know I'm here for him. I couldn't control how he felt or how much he grieved, but I could control being present and offering support. It was a balance of accepting the emotions while taking action to help."
64a80dd34fd0539ee3761e6a_20260226_161245_69a06ec1,"I visited my daughter's house and saw the grandkids. We hugged, and I noticed how quickly they are growing up. I wanted to spend time with my family and feel connected, and I also wanted to see the kids and catch up. I felt happy and a little sad at the same time, which I don't know why. I also felt content and a bit aware of how fast time is passing. I don't take these moments for granted. I want to be present when I'm with them.",relevance,0.0,0.3428571428571429,0.14705882352941177,0.2857142857142857,0.9038242101669312,True,"The event mattered quite a bit to me because family time does not happen as often as I'd like, and I value staying connected.","The event mattered a lot to me because it involved spending time with my family and seeing my grandkids. It was important to feel connected and to catch up with them. These moments are precious, and I don't want to take them for granted."
674c8549a9fd90b7c8dda9d3_20260226_180330_69a0881f,"I recently made a big transition from trading options in the stock market to trading futures. Just about two days ago, I blew my account. My goal is to switch to day trading full-time, and I switched to futures because they're supposed to be better and it's what prop firms would want me trading. After this happened, I felt very defeated. I had put so much time and effort into getting better, and all it took was me breaking my own rules for a second to lose over half of my account. I keep telling myself it's all part of the process. I know this, but it doesn't hurt any less for sure.",congruence,0.07639864277745842,0.3214285714285714,0.1111111111111111,0.28571428571428575,0.9006269574165344,True,The situation hurt me financially and damaged my ego. I hope it helps me say no in the future.,The situation hurt me by causing a significant financial loss and emotional defeat. It obstructed my progress toward day trading full-time and made me feel like all my efforts had been in vain for a moment.
6978c3a72db1c98638d31aa7_20260220_162406_6998894c,"The other day, I sent an email to a few of my managers asking for more hours. I thought it was a really good email and I laid out a few points about how I could use this extra time. That was Tuesday, and I haven't heard anything back. I was trying to get more hours at work because otherwise, I will have to look for another job. I'm upset and kind of feel rejected or overlooked. The situation left me feeling dejected. The fact that I feel overlooked and ignored is important to me.",relevance,0.0795871931195481,0.3188405797101449,0.11940298507462686,0.2898550724637681,0.9063001275062561,True,"The event happened on Tuesday, and it matters so much to me because I like my job and it stresses me out thinking about looking for a new one.","The event mattered a lot to me because I need more hours at work to continue my current job. Without them, I will have to look for another job, which is a significant concern for my well-being and stability."
5e6ce118673e50000c303890_20260227_200304_69a1f5eb,"I went away for a few days with my family, and it was an emotionally positive experience. I wanted to escape from work and other commitments that have been emotionally draining. For those few days, I felt like there was nothing to worry about, just enjoy the moment. The clean, clear air and the area we were at was quiet and isolated. We were the only people for miles.",relevance,0.0,0.3548387096774194,0.13333333333333333,0.2903225806451613,0.9183661341667175,True,"The event mattered because I needed the break from my normal life, just a few days to recharge.",The event mattered a lot to me because it provided a necessary escape from work and other emotionally draining commitments. It was important for my well-being to have a break and feel like there was nothing to worry about for a few days.
614e5092e08a3a2d3204ffd2_20260226_193314_69a09ef9,"I was trying to move my favorite chair back to my desk when it suddenly broke—the back snapped. I felt sad, depressed, and disappointed.",control,0.131286923694507,0.2916666666666667,0.21739130434782608,0.2916666666666667,0.9100127816200256,True,I did not feel in control; it felt out of my control.,"I did not feel in control because the chair broke suddenly while I was trying to move it. There was nothing I could do to prevent the break, which left me feeling powerless in the situation."
64a80dd34fd0539ee3761e6a_20260226_161245_69a06ec1,"I visited my daughter's house and saw the grandkids. We hugged, and I noticed how quickly they are growing up. I wanted to spend time with my family and feel connected, and I also wanted to see the kids and catch up. I felt happy and a little sad at the same time, which I don't know why. I also felt content and a bit aware of how fast time is passing. I don't take these moments for granted. I want to be present when I'm with them.",accountability,0.0,0.29268292682926833,0.10256410256410257,0.29268292682926833,0.8956502079963684,True,I don't think anyone was responsible. It was just life.,No one was specifically responsible for this; it was just the natural progression of time and family life. The kids growing up is a shared experience among all of us.
59d3ef2c078dbe000195117f_20260220_140353_699866d7,"My husband was leaving for a month to travel for business, and I was really upset and sad about not being able to see him for that long. I wanted comfort during this time, but the thought of being apart for a whole month left me feeling very sad.",congruence,0.0953796259494125,0.42622950819672134,0.13559322033898305,0.29508196721311475,0.9199533462524414,True,"The situation hurt me as it made me feel sad. I was sad because I would be in the house by myself, feeling sad and lonely.","The situation hurt me by causing sadness and a sense of loss due to the separation. It did not help me in any way, as it left me feeling lonely and in need of comfort."
663b34f2cf27da2a623b94f9_20260227_153742_69a1b5ea,"It was my granddaughter's 18th birthday last Sunday, and we had a precelebration at my house on Friday. Then, on Sunday, we all met up in Exeter for an Escape Room experience and a meal. I wanted to enjoy the celebration with my whole family, especially with my granddaughter. My family is very important to me, and we don't meet up enough, so I was really hoping for a drama-free gathering, which usually isn't the case when we all get together. This time, it left me feeling really good and appreciative of the special connection we have. I wanted my family to appreciate me, and I certainly think they do. My granddaughter asked me to voice record a special message for her to be inserted in a bear that I had given her 16 years ago, which was being revamped at the shop called Build a Bear. I felt special that she asked me to do that.",relevance,0.06696258414183404,0.47887323943661975,0.14285714285714285,0.29577464788732394,0.8826336860656738,True,"The event happened last Sunday and mattered a huge amount to me. In the past, we have had difficulties as a family, and my children have been to counselling for their own problems, with some blame pointed at me about parenting. I tried my best with what I knew at the time, but it left me feeling that I was not good enough in their eyes. I wanted to create a special memory for my granddaughter and have a drama-free gathering.","The event mattered a great deal to me because my family is very important to me, and we don't meet up enough. It was my granddaughter's 18th birthday, and I wanted to enjoy the celebration with my whole family, especially with her. This time, it left me feeling really good and appreciative of the special connection we have."
55d51a6b8ce09000127d4821_20260228_162502_69a314f1,"Someone I had been close with and talking to often just stopped responding to me. I really wanted them to reply or at least have someone around to keep me company and help me feel like I'm not inferior. I started to accept the situation, even though it still doesn't feel good. I realized that if someone doesn't want to talk to me anymore, there's no point in pursuing it. This person had been someone I talked to for a long time and had helped me through some stressful situations, so it was important to me.",accountability,0.0,0.37735849056603776,0.11764705882352941,0.3018867924528302,0.8966591954231262,True,"Well I was probably the person most responsible for this, maybe I acted in a way that made the person want to stop talking.","I felt that the person who stopped responding was most responsible for all of this, as they had been a consistent source of support and suddenly withdrew without explanation."
5dceca2541afe801a32e27ac_20260223_201647_699cb17d,"I have a close personal friend who I've known for over 25 years, and she has a granddaughter with some mental issues. I've known the granddaughter her entire life. Recently, the granddaughter has been living with my friend for a few months while she looks for a job and a place of her own. At first, they were getting along well, but now there's a lot of tension between them, and my friend wants to talk to me about it constantly. No matter what I say or recommend, it doesn't seem to please her. I'm at a point where I really don't want to talk to my friend about this situation anymore, but I don't know how to tell her. I keep suggesting that she seek counseling for her granddaughter and encourage her to move out. I don't want to be disloyal, but my friend insists on leaving things the way they are. It's very important to me that the granddaughter gets help with her mental issues, and I also want my friend to not be constantly stressed out because she has health issues of her own.",accountability,0.11160412118304118,0.3913043478260869,0.15555555555555559,0.3043478260869565,0.9048082232475281,True,"I think that the granddaughter's mental health issues are having a great deal to do with this situation. Also, I think that my friend's love for her granddaughter is blinding her to the seriousness of what is happening.","I feel that the granddaughter's mental issues are a significant factor, but my friend's insistence on leaving things the way they are also plays a role. It's a complex situation where both parties have responsibilities, but ultimately, my friend is most responsible for making decisions about her living situation."
5a8367b9190420000155ec2a_20260301_201036_69a49ba2,"I was awarded a promotion that I had put a lot of effort into achieving. I had been unsure whether I would get the promotion, so I was trying to secure it by impressing my boss and senior management. When I finally got the promotion, it left me feeling shocked, surprised, proud, and grateful. It reassured me that I was capable of achieving something which I previously had doubts about.",certainty,0.0,0.47058823529411764,0.12048192771084337,0.30588235294117644,0.8961502909660339,True,"Things went mostly as expected. I felt I was a strong choice for the promotion and that I would ultimately be successful. However some elements of the process were unexpected, such as the time it took and points where not all information was communicated to me.","Things did not go as I initially expected. I had been unsure whether I would get the promotion, so the outcome was a pleasant surprise. It was unexpected that I would be awarded the promotion after all my efforts."
671a35e007e5342c31f94fa7_20260307_163918_69ac527e,"Sometimes when I'm alone, I find myself getting emotional. In those moments, I really need comfort. Being by myself can leave me feeling sad and lonely.",control,0.0,0.34615384615384615,0.039999999999999994,0.3076923076923077,0.8958021402359009,True,I did feel like I was in control of the situation because I made myself switch emotions to happier ones.,"I don't feel fully in control during these moments. While I can try to distract myself or engage in activities, the emotions often overwhelm me, making it hard to maintain control."
58f63e3a5129080001111304_20260306_175958_69ab11b4,"I was standing with a can of Pepsi, ready to drink it, when it suddenly dropped. I managed to catch it, but it fizzed up and went everywhere, including all over my laptop. I needed to drink the Pepsi, but instead, I was left feeling very upset and angry. I was so annoyed and upset that I nearly burst into tears at the thought that I might have broken the laptop. To make things worse, I had to spend a long time cleaning up afterward, which just added to my frustration.",accountability,0.0,0.38596491228070173,0.07272727272727271,0.31578947368421045,0.8976209163665771,True,"I think the Pepsi can was the most responsible, but I feel partly responsible for catching it instead of letting it drop.","I felt that the can of Pepsi was most responsible for all of this, as it unexpectedly fizzed up and spilled. There was no one else to blame, just the unfortunate behavior of the drink."
59d3ef2c078dbe000195117f_20260220_140353_699866d7,"My husband was leaving for a month to travel for business, and I was really upset and sad about not being able to see him for that long. I wanted comfort during this time, but the thought of being apart for a whole month left me feeling very sad.",control,0.0686555146522301,0.3157894736842105,0.10909090909090907,0.3157894736842105,0.9063209891319275,True,I was not in control because I didn't have the option to make him stay.,I did not feel in control because I could not change the fact that my husband had to travel for work. I could only cope with the situation by managing my emotions and finding ways to stay connected despite the distance.
59e7c8eabbb1380001621d28_20260226_184843_69a0946b,"My dad had to have a hospital procedure, and I was trying to stay calm and keep him calm too. The whole situation left me feeling very stressed.",congruence,0.11436433361427001,0.3181818181818182,0.19047619047619047,0.3181818181818182,0.9303668141365051,True,The situation hurt me by making me stressed. Nothing helped me.,"The situation hurt me by causing stress and worry. It did not help me in any way, as it required me to manage my emotions and support my dad through a difficult time."
5be1fe1eca095c0001ba077a_20260224_194716_699dfd18,"My friend insisted that I go visit her, so I agreed and started walking to her place. It's quite far, about an hour's walk. When I was almost there, she texted me saying she was going to sleep and suggested we meet next time. I was very upset and walked back home. I didn't text her back because I was upset that she just changed her mind, knowing that I had been walking a long distance already. It left me feeling like she doesn't appreciate me or respect me. Now, I've got trust issues about my friend.",accountability,0.17278330851481746,0.3720930232558139,0.34146341463414637,0.32558139534883723,0.9029788970947266,True,She was most responsible for all of this.,"I felt that my friend was most responsible for all of this because she was the one who initially invited me and then canceled at the last minute, knowing I had already started the journey."
5dfb6c4d19232d899d182cda_20260219_230958_699794ef,"I was watching my great grandson drawing. I just wanted him to continue and not react to me watching him, allowing him to be his natural four-year-old self. The whole situation left me feeling warm, happy, and content. I was appreciating that he won't stay so young, innocent, and natural for long.",relevance,0.19710660977672478,0.326530612244898,0.2978723404255319,0.326530612244898,0.9048078060150146,True,The event mattered a lot to me because any time with him is very special.,The event mattered a lot to me because it was a rare moment of pure innocence and creativity. It reminded me of the fleeting nature of childhood and the importance of cherishing these moments.
67a5c743b431ff0a1160ed28_20260227_152718_69a1b6be,"My mum is buying things for my sister, and not for me, because I earn more money. I just want to be treated fairly. I don't see why she should get money because she has two kids, and then still get to buy luxuries, whilst I have to save for my things. It leaves me feeling like I am expected to be more independent, and I don't matter because I don't have children. I just don't think I'm being treated fairly.",accountability,0.0,0.37499999999999994,0.13043478260869565,0.33333333333333337,0.8858605027198792,True,I think my mum is responsible because she only cares about the one who's giving her grandkids.,"I feel that my mum is most responsible for this, as she is the one making the decisions about how to spend money and what to prioritize within the family."
5a5a6ed7f6c517000195029e_20260301_174848_69a47840,"My horse suddenly developed lameness, and I was really worried about what he had done. I needed to know what was wrong with him and how to make it better. The situation left me feeling sad and scared. I just needed him to get better.",relevance,0.1293942839313864,0.4615384615384616,0.25396825396825395,0.3384615384615385,0.9138062596321106,True,"It happened on Tuesday, and it mattered a lot to me as my horse is important to me.","The event mattered a lot to me because my horse is very important to me, and I was really worried about what was wrong with him and how to make it better. It left me feeling sad and scared, as I just needed him to get better."
5be1fe1eca095c0001ba077a_20260224_194716_699dfd18,"My friend insisted that I go visit her, so I agreed and started walking to her place. It's quite far, about an hour's walk. When I was almost there, she texted me saying she was going to sleep and suggested we meet next time. I was very upset and walked back home. I didn't text her back because I was upset that she just changed her mind, knowing that I had been walking a long distance already. It left me feeling like she doesn't appreciate me or respect me. Now, I've got trust issues about my friend.",relevance,0.12187245684839633,0.37500000000000006,0.19354838709677416,0.34375,0.8927143812179565,True,The event happened before yesterday and mattered a lot to me because I can't trust her anymore.,"The event mattered a lot to me because it involved a friend I care about, and I had already made the effort to walk a long distance to see her. It felt like a betrayal of trust when she changed her mind at the last minute."
64a80dd34fd0539ee3761e6a_20260226_161245_69a06ec1,"I visited my daughter's house and saw the grandkids. We hugged, and I noticed how quickly they are growing up. I wanted to spend time with my family and feel connected, and I also wanted to see the kids and catch up. I felt happy and a little sad at the same time, which I don't know why. I also felt content and a bit aware of how fast time is passing. I don't take these moments for granted. I want to be present when I'm with them.",congruence,0.11414633188690328,0.3448275862068966,0.14285714285714285,0.3448275862068966,0.909255862236023,True,The situation helped me by reminding me what matters. It did not really hurt; it just reminded me how quickly things change.,"The situation helped me by allowing me to feel connected to my family and to see the kids. It hurt me slightly by making me aware of how fast time is passing, which can be bittersweet."
5fdbae0584b3a90525410347_20260302_161620_69a5b646,"I had a fantastic day on Saturday. The weather was nice, so I decided to get out of the house and run some errands. I needed to pick up a few groceries and drop off some recycling. Everyone I met was friendly and happy, which made the experience even better. I came home feeling happy and content, having accomplished everything without feeling anxious.",accountability,0.17558199612672082,0.4230769230769231,0.27999999999999997,0.34615384615384615,0.9134282469749451,True,I felt that I was most responsible for all of this.,"I felt that I was most responsible for this positive experience because I chose to go out and engage with the world. The friendliness of others also played a role, but ultimately, my decision to step out made all the difference."
699e34aff8af247c3aa29bf4_20260306_203348_69ab3862,"I won 500 dollars in the PayPal Crypto sweepstakes last week, and I was thrilled. I've never really won anything before, so this was an emotional experience for me, and I have to say it was pretty cool. I was trying to win by pure luck, and it happened, which made me happy. It left me feeling absolutely wonderful. I feel great knowing that I've won something in my life through a sweepstakes. The money is always nice—everyone can use 500 dollars for something, although I'll be investing mine.",relevance,0.22257705642418144,0.5000000000000001,0.33333333333333337,0.35000000000000003,0.9114126563072205,True,"The event did not matter to me until it happened, then it mattered. It was an emotional experience because I've never really won anything before, and it made me happy.","The event mattered a lot to me because I've never really won anything before, so this was an emotional experience. It was pretty cool and left me feeling absolutely wonderful. The money is always nice—everyone can use 500 dollars for something, although I'll be investing mine."
67883d53705991d641bb1743_20260307_193358_69ac7a95,"I was in my room, singing and enjoying some privacy and comfort, when my mom suddenly came in. I thought my door was still locked, so seeing her standing there in the doorway scared me almost to death. My body reacted nervously, and I felt my stomach tighten and then tear from my diaphragm down into my bladder. It left me in dire pain, and I couldn't sleep all night because my stomach kept filling up with pain and gas. My mom totally hurt me and ruined my day.",relevance,0.0,0.4383561643835617,0.14084507042253522,0.35616438356164387,0.9022070169448853,True,"The event mattered significantly to me because all I wanted was a moment of privacy to enjoy singing, but I couldn't even have that. My mother added to my already existing conditions, leaving me in total pain.",The event mattered a lot to me because it happened when I was trying to enjoy some privacy and comfort in my room. It disrupted my peace and caused me significant physical and emotional distress.
59e7c8eabbb1380001621d28_20260226_184843_69a0946b,"My dad had to have a hospital procedure, and I was trying to stay calm and keep him calm too. The whole situation left me feeling very stressed.",accountability,0.0,0.35714285714285715,0.15384615384615385,0.35714285714285715,0.9079736471176147,True,No one was responsible for all of this.,No one was specifically responsible; it was just a medical situation that happened. It was out of anyone's control.
63e51be37501e0245d559a51_20260301_163127_69a46903,"I went to my future baby's scan, hoping that everything would be great healthwise. I felt happy because everything is going smoothly. It was important to me that my partner felt fine emotionally too.",certainty,0.0,0.4285714285714285,0.15384615384615385,0.35714285714285715,0.9340285062789917,True,Things went perfectly as expected which is great.,"Things went as expected. Everything is going smoothly, which was a relief and a positive surprise in a good way."
5a8367b9190420000155ec2a_20260301_201036_69a49ba2,"I was awarded a promotion that I had put a lot of effort into achieving. I had been unsure whether I would get the promotion, so I was trying to secure it by impressing my boss and senior management. When I finally got the promotion, it left me feeling shocked, surprised, proud, and grateful. It reassured me that I was capable of achieving something which I previously had doubts about.",accountability,0.10781727485517197,0.4599999999999999,0.16326530612244897,0.36,0.9055993556976318,True,I felt that I was mostly responsible for the success in achieving the promotion. I was successfully able to demonstrate my skills and suitability for the role in a way that convinced senior management in my company. My line manager was also responsible in helping to convince management that I was the right choice for the promotion.,"I felt that I was most responsible for all of this, as I had put in the effort to impress my boss and senior management. However, I also acknowledged the role of my boss and senior management in recognizing and rewarding my efforts."
6978c3a72db1c98638d31aa7_20260220_162406_6998894c,"The other day, I sent an email to a few of my managers asking for more hours. I thought it was a really good email and I laid out a few points about how I could use this extra time. That was Tuesday, and I haven't heard anything back. I was trying to get more hours at work because otherwise, I will have to look for another job. I'm upset and kind of feel rejected or overlooked. The situation left me feeling dejected. The fact that I feel overlooked and ignored is important to me.",congruence,0.13380161378318955,0.36,0.20833333333333331,0.36,0.9149019718170166,True,"The situation hurt me because I have always felt quite respected at the company, but this made me feel overlooked and not respected.","The situation hurt me by creating uncertainty about my job security. It made me feel rejected and overlooked, which is emotionally damaging and threatens my financial stability."
59e7c8eabbb1380001621d28_20260226_184843_69a0946b,"My dad had to have a hospital procedure, and I was trying to stay calm and keep him calm too. The whole situation left me feeling very stressed.",relevance,0.15948028086520064,0.40816326530612246,0.2553191489361702,0.36734693877551017,0.9102394580841064,True,The event happened last Monday. It mattered a lot to me because he is family.,"The event mattered a lot to me because my dad is an important figure in my life, and his health is a major concern. It was urgent and affected my well-being and relationships."
5a8367b9190420000155ec2a_20260301_201036_69a49ba2,"I was awarded a promotion that I had put a lot of effort into achieving. I had been unsure whether I would get the promotion, so I was trying to secure it by impressing my boss and senior management. When I finally got the promotion, it left me feeling shocked, surprised, proud, and grateful. It reassured me that I was capable of achieving something which I previously had doubts about.",relevance,0.1895994435472232,0.5,0.22222222222222224,0.3695652173913044,0.9064000248908997,True,"The event happened two weeks ago. It mattered a great deal to me because securing the promotion would allow me to take the next step up in my career, along with extra responsibilities and a pay increase. It allowed me to earn the respect of my peers.","The event mattered a great deal to me because it represented a significant milestone in my career. I had put a lot of effort into achieving this promotion, and it was important to me to prove my capabilities and secure my future in the role."
63e51be37501e0245d559a51_20260301_163127_69a46903,"I went to my future baby's scan, hoping that everything would be great healthwise. I felt happy because everything is going smoothly. It was important to me that my partner felt fine emotionally too.",congruence,0.15338011030893023,0.4074074074074075,0.2692307692307693,0.37037037037037035,0.9135718941688538,True,The situation helped me feel more content and relaxed about the baby's wellbeing and that everything is on track.,The situation helped me by confirming that the baby is healthy and that everything is progressing as planned. It also helped my partner by providing reassurance and reducing any anxiety they might have had.
59d3ef2c078dbe000195117f_20260220_140353_699866d7,"My husband was leaving for a month to travel for business, and I was really upset and sad about not being able to see him for that long. I wanted comfort during this time, but the thought of being apart for a whole month left me feeling very sad.",relevance,0.1643078937642511,0.40624999999999994,0.25806451612903225,0.37499999999999994,0.901926577091217,True,The event mattered a lot to me because he is my husband and I live with him.,"The event mattered a lot to me because it involved being apart from my husband for a whole month, which is a significant amount of time. It affected my well-being and emotional state as I wanted comfort during this time but felt sad about the separation."
5be1fe1eca095c0001ba077a_20260224_194716_699dfd18,"My friend insisted that I go visit her, so I agreed and started walking to her place. It's quite far, about an hour's walk. When I was almost there, she texted me saying she was going to sleep and suggested we meet next time. I was very upset and walked back home. I didn't text her back because I was upset that she just changed her mind, knowing that I had been walking a long distance already. It left me feeling like she doesn't appreciate me or respect me. Now, I've got trust issues about my friend.",certainty,0.1764939433822467,0.37499999999999994,0.26086956521739135,0.37499999999999994,0.9134631752967834,True,Things did not go as I expected because she hasn't contacted me since.,"Things did not go as I expected. I anticipated that we would meet up after I had walked all that way, but instead, she canceled at the last moment, leaving me stranded and upset."
5ff07b5ee7a1d23e719e421e_20260227_145116_69a1ad7e,"I went and sat with my baby brother, who is 64, while he had his chemo treatment. I'm very sad that he has to go through this, and it doesn't look like his chances are very good, but he's a fighter. I sat with him for 2 hours, and he and all the other chemo patients in the room were talking and having a good time joking about their situation. It was uplifting, but also sad. I was trying to give him moral support. It left me feeling sad for all the people that have to go through this type of thing. It also made me feel glad that I could be there for him, especially since his wife died a few years ago and I didn't want him to be alone. Just being there to support him was important to me.",control,0.12345443921533868,0.40625000000000006,0.2580645161290323,0.37499999999999994,0.8980008959770203,True,"No, I felt like I had no control over the situation. If I could change the outcome I would have done so.","I felt no control over the situation because I cannot change the fact that my brother is ill or the outcome of his treatment. My role was simply to be supportive and present, which is all I could do in that context."
65c017a404cde4687fdad22e_20260220_233909_6998ee71,"My wife of 29 years recently passed away from Stage 1 small cell lung cancer. Now, I'm going through the house and sorting her things to give to family, friends, and charity. I'm focusing on her clothing and jewelry, making sure they go to people she loved and cherished during her lifetime. Doing this has finally given me a sense of relief, as I'm glad to be doing something other than grieving and being depressed all the time.",relevance,0.20773407957330045,0.43902439024390244,0.2809917355371901,0.3902439024390244,0.8921423554420471,True,"This event happened in the last week. I started on Monday. It matters to me because doing this has finally given me a sense of relief, as I'm glad to be doing something other than grieving and being depressed all the time.","The event mattered immensely to me because it involved sorting through my wife's belongings after she passed away from Stage 1 small cell lung cancer. It was a significant task that required me to make decisions about her clothing and jewelry, ensuring they went to people she loved and cherished during her lifetime. This process has given me a sense of relief, as it allowed me to focus on something other than grieving and being depressed all the time."
59e7c8eabbb1380001621d28_20260226_184843_69a0946b,"My dad had to have a hospital procedure, and I was trying to stay calm and keep him calm too. The whole situation left me feeling very stressed.",control,0.16553354669449483,0.4,0.27906976744186046,0.4,0.9266438484191895,True,I did not feel in control as there was nothing I could do.,"I did not feel in control. I could only do what I could to stay calm and support my dad, but I had no control over the medical procedure or the outcome."
601fd27860b197531ca7bdcc_20260220_222742_6998dd89,My sister-in-law was talking to me about an eating disorder that she previously had issues with. I was helping her to fill in a disclosure form for a job. I was surprised by what I'd learnt and hoped I'd dealt with it sensitively. Nothing was more important to me in that moment than to show care and consideration.,relevance,0.10341811892624019,0.4444444444444444,0.26229508196721313,0.4126984126984127,0.9184799194335938,True,The event mattered hugely to me because my sister-in-law was disclosing something sensitive to me.,"The event mattered a great deal to me because it involved my sister-in-law, and I wanted to ensure I handled the situation with care and consideration. It was important to me to show support and understanding, especially given the sensitive nature of the topic."
614e5092e08a3a2d3204ffd2_20260226_193314_69a09ef9,"I was trying to move my favorite chair back to my desk when it suddenly broke—the back snapped. I felt sad, depressed, and disappointed.",relevance,0.2134152106157907,0.5,0.36,0.4230769230769231,0.9248656034469604,True,The event mattered a lot to me because it was my favorite chair.,"The event mattered a lot to me because the chair was my favorite, and it suddenly broke while I was trying to move it back to my desk. It affected my well-being by causing sadness, depression, and disappointment."
614e5092e08a3a2d3204ffd2_20260226_193314_69a09ef9,"I was trying to move my favorite chair back to my desk when it suddenly broke—the back snapped. I felt sad, depressed, and disappointed.",certainty,0.2608721373229356,0.4888888888888889,0.37209302325581395,0.4444444444444445,0.9176940321922302,True,"No, things did not go as I expected. I didn't expect the chair to break.","Things did not go as I expected. I anticipated being able to move the chair without any issues, but instead, it snapped unexpectedly, which was a surprise and disappointing."
6978c3a72db1c98638d31aa7_20260220_162406_6998894c,"The other day, I sent an email to a few of my managers asking for more hours. I thought it was a really good email and I laid out a few points about how I could use this extra time. That was Tuesday, and I haven't heard anything back. I was trying to get more hours at work because otherwise, I will have to look for another job. I'm upset and kind of feel rejected or overlooked. The situation left me feeling dejected. The fact that I feel overlooked and ignored is important to me.",control,0.2300978264396046,0.48148148148148157,0.3076923076923077,0.4444444444444445,0.9106147885322571,True,"I do not feel in control because I have done all I can, and the ball is in their court.","I do not feel in control because I cannot force my managers to respond or approve my request. I can only send the email and wait for their decision, which leaves me feeling powerless."
659d52af923c07a8e1aac79a_20260306_154620_69aaf5d4,"My horse got cold and wet in the rain, and I needed to get her inside to dry her off and warm her up. It was a bit of a struggle because other horses were trying to come in too, which made it difficult to manage. I felt really angry about the situation because my horse's wellbeing is so important to me.",accountability,0.28005900778657405,0.4864864864864865,0.34285714285714286,0.4864864864864865,0.8941795229911804,True,No one was responsible for all of this as the other owners were not around.,"I felt that the weather was primarily responsible for all of this, as the rain and cold conditions were beyond my control."
659d52af923c07a8e1aac79a_20260306_154620_69aaf5d4,"My horse got cold and wet in the rain, and I needed to get her inside to dry her off and warm her up. It was a bit of a struggle because other horses were trying to come in too, which made it difficult to manage. I felt really angry about the situation because my horse's wellbeing is so important to me.",relevance,0.28305653365456757,0.5333333333333333,0.37931034482758624,0.5,0.9214034080505371,False,The event happened on Tuesday and mattered a lot to me because my horse's wellbeing is very important to me.,The event mattered a lot to me because my horse's wellbeing is extremely important. It was urgent to get her inside to dry her off and warm her up after she got cold and wet in the rain.
614e5092e08a3a2d3204ffd2_20260226_193314_69a09ef9,"I was trying to move my favorite chair back to my desk when it suddenly broke—the back snapped. I felt sad, depressed, and disappointed.",accountability,0.3400215619680846,0.6060606060606061,0.5161290322580645,0.6060606060606061,0.9358323812484741,False,I felt that bad luck was most responsible for all of this.,"I felt that the chair itself was most responsible for all of this, as it broke unexpectedly despite my careful handling."
